Направление;Ключевое слово;Частота Yandex;Частота Google;Подпапка
Боксерские перчатки и рукавицы;боксерские перчатки купить;160;0;
Боксерские перчатки и рукавицы;боксерские перчатки купить;160;0;Покупка перчаток
Боксерские перчатки и рукавицы;купить боксерские перчатки;160;0;
Боксерские перчатки и рукавицы;купить боксерские перчатки;160;0;
Боксерские перчатки и рукавицы;купить боксерские перчатки;160;0;
Боксерские перчатки и рукавицы;купить боксерские перчатки;160;0;
Боксерские перчатки и рукавицы;купить боксерские перчатки;160;0;Покупка перчаток
Боксерские перчатки и рукавицы;боксерские перчатки купить;158;0;
Боксерские перчатки и рукавицы;боксерские перчатки купить;158;0;Нераспределённые
Боксерские перчатки и рукавицы;купить боксерские перчатки;158;0;
Боксерские перчатки и рукавицы;купить боксерские перчатки;158;0;Нераспределённые
Боксерские перчатки и рукавицы;перчатки для бокса;111;0;
Боксерские перчатки и рукавицы;перчатки для бокса;111;0;
Боксерские перчатки и рукавицы;перчатки для бокса;111;0;Перчатки для бокса
Боксерские перчатки и рукавицы;купить боксерские перчатки минск;31;0;
Боксерские перчатки и рукавицы;купить боксерские перчатки минск;31;0;
Боксерские перчатки и рукавицы;купить боксерские перчатки минск;31;0;
Боксерские перчатки и рукавицы;купить боксерские перчатки минск;31;0;
Боксерские перчатки и рукавицы;купить боксерские перчатки минск;31;0;Гео-запросы
Боксерские перчатки и рукавицы;купить боксерские перчатки минск;31;0;
Боксерские перчатки и рукавицы;купить боксерские перчатки минск;31;0;Нераспределённые
Боксерские перчатки и рукавицы;купить перчатки для бокса;29;0;
Боксерские перчатки и рукавицы;купить перчатки для бокса;29;0;Перчатки для бокса
Боксерские перчатки и рукавицы;перчатки для тайского бокса;22;0;
Боксерские перчатки и рукавицы;перчатки для тайского бокса;22;0;
Боксерские перчатки и рукавицы;перчатки для тайского бокса;22;0;
Боксерские перчатки и рукавицы;перчатки для тайского бокса;22;0;
Боксерские перчатки и рукавицы;перчатки для тайского бокса;22;0;Тайский бокс
Боксерские перчатки и рукавицы;перчатки для тайского бокса;22;0;
Боксерские перчатки и рукавицы;перчатки для тайского бокса;22;0;Нераспределённые
Боксерские перчатки и рукавицы;перчатки для тайского бокса;22;0;
Боксерские перчатки и рукавицы;перчатки для тайского бокса;22;0;Нераспределённые
Боксерские перчатки и рукавицы;перчатки для тайского бокса;22;0;
Боксерские перчатки и рукавицы;перчатки для тайского бокса;22;0;Нераспределённые
Боксерские перчатки и рукавицы;перчатки для тайского бокса;22;0;
Боксерские перчатки и рукавицы;перчатки для тайского бокса;22;0;Нераспределённые
Боксерские перчатки и рукавицы;перчатки для тайского бокса;22;0;
Боксерские перчатки и рукавицы;перчатки для тайского бокса;22;0;Нераспределённые
Боксерские перчатки и рукавицы;купить снарядные боксерские перчатки;19;0;
Боксерские перчатки и рукавицы;купить снарядные боксерские перчатки;19;0;
Боксерские перчатки и рукавицы;купить снарядные боксерские перчатки;19;0;
Боксерские перчатки и рукавицы;купить снарядные боксерские перчатки;19;0;
Боксерские перчатки и рукавицы;купить снарядные боксерские перчатки;19;0;Покупка перчаток
Боксерские перчатки и рукавицы;купить снарядные боксерские перчатки;19;0;
Боксерские перчатки и рукавицы;купить снарядные боксерские перчатки;19;0;Нераспределённые
Боксерские перчатки и рукавицы;купить боксерские перчатки в беларуси;14;0;
Боксерские перчатки и рукавицы;купить боксерские перчатки в беларуси;14;0;Гео-запросы
Боксерские перчатки и рукавицы;детские боксерские перчатки;13;0;
Боксерские перчатки и рукавицы;детские боксерские перчатки;13;0;Детские перчатки
Боксерские перчатки и рукавицы;детские боксерские перчатки;13;0;
Боксерские перчатки и рукавицы;детские боксерские перчатки;13;0;Нераспределённые
Боксерские перчатки и рукавицы;купить боксерские перчатки в беларуси;12;0;
Боксерские перчатки и рукавицы;купить боксерские перчатки в беларуси;12;0;Нераспределённые
Боксерские перчатки и рукавицы;перчатки из натуральной кожи;11;0;
Боксерские перчатки и рукавицы;перчатки из натуральной кожи;11;0;Кожаные перчатки
Боксерские перчатки и рукавицы;купить боксерские перчатки грин хилл;9;0;
Боксерские перчатки и рукавицы;купить боксерские перчатки грин хилл;9;0;
Боксерские перчатки и рукавицы;купить боксерские перчатки грин хилл;9;0;
Боксерские перчатки и рукавицы;купить боксерские перчатки грин хилл;9;0;
Боксерские перчатки и рукавицы;купить боксерские перчатки грин хилл;9;0;Бренды
Боксерские перчатки и рукавицы;купить боксерские перчатки грин хилл;9;0;
Боксерские перчатки и рукавицы;купить боксерские перчатки грин хилл;9;0;Нераспределённые
Боксерские перчатки и рукавицы;перчатки для тайского бокса купить;9;0;
Боксерские перчатки и рукавицы;перчатки для тайского бокса купить;9;0;
Боксерские перчатки и рукавицы;перчатки для тайского бокса купить;9;0;
Боксерские перчатки и рукавицы;перчатки для тайского бокса купить;9;0;
Боксерские перчатки и рукавицы;перчатки для тайского бокса купить;9;0;Тайский бокс
Боксерские перчатки и рукавицы;перчатки для тайского бокса купить;9;0;
Боксерские перчатки и рукавицы;перчатки для тайского бокса купить;9;0;Нераспределённые
Боксерские перчатки и рукавицы;перчатки для тайского бокса купить;9;0;
Боксерские перчатки и рукавицы;перчатки для тайского бокса купить;9;0;Перчатки для бокса
Боксерские перчатки и рукавицы;снарядные перчатки для бокса;9;0;
Боксерские перчатки и рукавицы;снарядные перчатки для бокса;9;0;Перчатки для бокса
Боксерские перчатки и рукавицы;перчатки для бокса мужские;7;0;
Боксерские перчатки и рукавицы;перчатки для бокса мужские;7;0;Перчатки для бокса
Боксерские перчатки и рукавицы;размеры перчаток для бокса;7;0;
Боксерские перчатки и рукавицы;размеры перчаток для бокса;7;0;Подбор перчаток
Боксерские перчатки и рукавицы;боксерские перчатки кожаные;6;0;
Боксерские перчатки и рукавицы;боксерские перчатки кожаные;6;0;Кожаные перчатки
Боксерские перчатки и рукавицы;боксерские перчатки кожаные;6;0;
Боксерские перчатки и рукавицы;боксерские перчатки кожаные;6;0;Нераспределённые
Боксерские перчатки и рукавицы;кожаные боксерские перчатки;6;0;
Боксерские перчатки и рукавицы;кожаные боксерские перчатки;6;0;Кожаные перчатки
Боксерские перчатки и рукавицы;кожаные боксерские перчатки;6;0;
Боксерские перчатки и рукавицы;кожаные боксерские перчатки;6;0;Нераспределённые
Боксерские перчатки и рукавицы;купить перчатки для тайского бокса файтер шоп;6;0;
Боксерские перчатки и рукавицы;купить перчатки для тайского бокса файтер шоп;6;0;Тайский бокс
Боксерские перчатки и рукавицы;купить перчатки для тайского бокса файтер шоп;6;0;
Боксерские перчатки и рукавицы;купить перчатки для тайского бокса файтер шоп;6;0;Перчатки для бокса
Боксерские перчатки и рукавицы;купить перчатки для тайского бокса файтер шоп;6;0;
Боксерские перчатки и рукавицы;купить перчатки для тайского бокса файтер шоп;6;0;Нераспределённые
Боксерские перчатки и рукавицы;минск купить боксерские перчатки снарядные;6;0;
Боксерские перчатки и рукавицы;минск купить боксерские перчатки снарядные;6;0;Гео-запросы
Боксерские перчатки и рукавицы;минск купить боксерские перчатки снарядные;6;0;
Боксерские перчатки и рукавицы;минск купить боксерские перчатки снарядные;6;0;Нераспределённые
Боксерские перчатки и рукавицы;перчатки из натуральной кожи;6;0;
Боксерские перчатки и рукавицы;перчатки из натуральной кожи;6;0;Нераспределённые
Боксерские перчатки и рукавицы;сколько унций перчатки для бокса;6;0;
Боксерские перчатки и рукавицы;сколько унций перчатки для бокса;6;0;Подбор перчаток
Боксерские перчатки и рукавицы;боксерские перчатки 16 унций;5;0;
Боксерские перчатки и рукавицы;боксерские перчатки 16 унций;5;0;Весовые категории
Боксерские перчатки и рукавицы;боксерские перчатки 16 унций;5;0;
Боксерские перчатки и рукавицы;боксерские перчатки 16 унций;5;0;Нераспределённые
Боксерские перчатки и рукавицы;боксерские перчатки 16 унций купить;5;0;
Боксерские перчатки и рукавицы;боксерские перчатки 16 унций купить;5;0;
Боксерские перчатки и рукавицы;боксерские перчатки 16 унций купить;5;0;
Боксерские перчатки и рукавицы;боксерские перчатки 16 унций купить;5;0;
Боксерские перчатки и рукавицы;боксерские перчатки 16 унций купить;5;0;Весовые категории
Боксерские перчатки и рукавицы;боксерские перчатки 16 унций купить;5;0;
Боксерские перчатки и рукавицы;боксерские перчатки 16 унций купить;5;0;Нераспределённые
Боксерские перчатки и рукавицы;какие перчатки для бокса;5;0;
Боксерские перчатки и рукавицы;какие перчатки для бокса;5;0;Подбор перчаток
Боксерские перчатки и рукавицы;купить боксерские перчатки 16;5;0;
Боксерские перчатки и рукавицы;купить боксерские перчатки 16;5;0;
Боксерские перчатки и рукавицы;купить боксерские перчатки 16;5;0;
Боксерские перчатки и рукавицы;купить боксерские перчатки 16;5;0;
Боксерские перчатки и рукавицы;купить боксерские перчатки 16;5;0;Весовые категории
Боксерские перчатки и рукавицы;купить боксерские перчатки 16;5;0;
Боксерские перчатки и рукавицы;купить боксерские перчатки 16;5;0;Нераспределённые
Боксерские перчатки и рукавицы;отличие перчаток для тайского бокса от обычного;5;0;
Боксерские перчатки и рукавицы;отличие перчаток для тайского бокса от обычного;5;0;
Боксерские перчатки и рукавицы;отличие перчаток для тайского бокса от обычного;5;0;
Боксерские перчатки и рукавицы;отличие перчаток для тайского бокса от обычного;5;0;
Боксерские перчатки и рукавицы;отличие перчаток для тайского бокса от обычного;5;0;Тайский бокс
Боксерские перчатки и рукавицы;отличие перчаток для тайского бокса от обычного;5;0;
Боксерские перчатки и рукавицы;отличие перчаток для тайского бокса от обычного;5;0;Нераспределённые
Боксерские перчатки и рукавицы;отличие перчаток для тайского бокса от обычного;5;0;
Боксерские перчатки и рукавицы;отличие перчаток для тайского бокса от обычного;5;0;Перчатки для бокса
Боксерские перчатки и рукавицы;отличия перчаток для бокса;5;0;
Боксерские перчатки и рукавицы;отличия перчаток для бокса;5;0;Подбор перчаток
Боксерские перчатки и рукавицы;как выбрать перчатки для бокса;4;0;
Боксерские перчатки и рукавицы;как выбрать перчатки для бокса;4;0;Подбор перчаток
Боксерские перчатки и рукавицы;как подобрать перчатки для бокса;4;0;
Боксерские перчатки и рукавицы;как подобрать перчатки для бокса;4;0;Подбор перчаток
Боксерские перчатки и рукавицы;как подобрать размер перчаток для бокса;4;0;
Боксерские перчатки и рукавицы;как подобрать размер перчаток для бокса;4;0;Подбор перчаток
Боксерские перчатки и рукавицы;купить детские боксерские перчатки;4;0;
Боксерские перчатки и рукавицы;купить детские боксерские перчатки;4;0;
Боксерские перчатки и рукавицы;купить детские боксерские перчатки;4;0;
Боксерские перчатки и рукавицы;купить детские боксерские перчатки;4;0;
Боксерские перчатки и рукавицы;купить детские боксерские перчатки;4;0;Детские перчатки
Боксерские перчатки и рукавицы;купить детские боксерские перчатки;4;0;
Боксерские перчатки и рукавицы;купить детские боксерские перчатки;4;0;Нераспределённые
Боксерские перчатки и рукавицы;боксерские перчатки Everlast;3;0;
Боксерские перчатки и рукавицы;боксерские перчатки Everlast;3;0;Бренды
Боксерские перчатки и рукавицы;боксерские перчатки Everlast;3;0;
Боксерские перчатки и рукавицы;боксерские перчатки Everlast;3;0;Нераспределённые
Боксерские перчатки и рукавицы;боксерские перчатки everlast;3;0;
Боксерские перчатки и рукавицы;боксерские перчатки everlast;3;0;Бренды
Боксерские перчатки и рукавицы;боксерские перчатки everlast;3;0;
Боксерские перчатки и рукавицы;боксерские перчатки everlast;3;0;Нераспределённые
Боксерские перчатки и рукавицы;боксерские перчатки fairtex купить;3;0;
Боксерские перчатки и рукавицы;боксерские перчатки fairtex купить;3;0;
Боксерские перчатки и рукавицы;боксерские перчатки fairtex купить;3;0;
Боксерские перчатки и рукавицы;боксерские перчатки fairtex купить;3;0;
Боксерские перчатки и рукавицы;боксерские перчатки fairtex купить;3;0;Бренды
Боксерские перчатки и рукавицы;боксерские перчатки fairtex купить;3;0;
Боксерские перчатки и рукавицы;боксерские перчатки fairtex купить;3;0;Нераспределённые
Боксерские перчатки и рукавицы;боксерские перчатки кожаные купить;3;0;
Боксерские перчатки и рукавицы;боксерские перчатки кожаные купить;3;0;
Боксерские перчатки и рукавицы;боксерские перчатки кожаные купить;3;0;
Боксерские перчатки и рукавицы;боксерские перчатки кожаные купить;3;0;
Боксерские перчатки и рукавицы;боксерские перчатки кожаные купить;3;0;Кожаные перчатки
Боксерские перчатки и рукавицы;боксерские перчатки кожаные купить;3;0;
Боксерские перчатки и рукавицы;боксерские перчатки кожаные купить;3;0;Нераспределённые
Боксерские перчатки и рукавицы;детские перчатки для бокса;3;0;
Боксерские перчатки и рукавицы;детские перчатки для бокса;3;0;
Боксерские перчатки и рукавицы;детские перчатки для бокса;3;0;
Боксерские перчатки и рукавицы;детские перчатки для бокса;3;0;
Боксерские перчатки и рукавицы;детские перчатки для бокса;3;0;Детские перчатки
Боксерские перчатки и рукавицы;детские перчатки для бокса;3;0;
Боксерские перчатки и рукавицы;детские перчатки для бокса;3;0;Нераспределённые
Боксерские перчатки и рукавицы;детские перчатки для бокса;3;0;
Боксерские перчатки и рукавицы;детские перчатки для бокса;3;0;Перчатки для бокса
Боксерские перчатки и рукавицы;перчатки для бокса 16;3;0;
Боксерские перчатки и рукавицы;перчатки для бокса 16;3;0;Перчатки для бокса
Боксерские перчатки и рукавицы;перчатки для бокса детские;3;0;
Боксерские перчатки и рукавицы;перчатки для бокса детские;3;0;Детские перчатки
Боксерские перчатки и рукавицы;перчатки для бокса детские;3;0;
Боксерские перчатки и рукавицы;перчатки для бокса детские;3;0;Нераспределённые
Боксерские перчатки и рукавицы;перчатки для детского бокса;3;0;
Боксерские перчатки и рукавицы;перчатки для детского бокса;3;0;
Боксерские перчатки и рукавицы;перчатки для детского бокса;3;0;
Боксерские перчатки и рукавицы;перчатки для детского бокса;3;0;
Боксерские перчатки и рукавицы;перчатки для детского бокса;3;0;Детские перчатки
Боксерские перчатки и рукавицы;перчатки для детского бокса;3;0;
Боксерские перчатки и рукавицы;перчатки для детского бокса;3;0;Нераспределённые
Боксерские перчатки и рукавицы;ривал перчатки для бокса;3;0;
Боксерские перчатки и рукавицы;ривал перчатки для бокса;3;0;Перчатки для бокса
Боксерские перчатки и рукавицы;розовые боксерские перчатки купить;3;0;
Боксерские перчатки и рукавицы;розовые боксерские перчатки купить;3;0;
Боксерские перчатки и рукавицы;розовые боксерские перчатки купить;3;0;
Боксерские перчатки и рукавицы;розовые боксерские перчатки купить;3;0;
Боксерские перчатки и рукавицы;розовые боксерские перчатки купить;3;0;Женские перчатки
Боксерские перчатки и рукавицы;розовые боксерские перчатки купить;3;0;
Боксерские перчатки и рукавицы;розовые боксерские перчатки купить;3;0;Нераспределённые
Боксерские перчатки и рукавицы;боксерские перчатки 14 унций;2;0;
Боксерские перчатки и рукавицы;боксерские перчатки 14 унций;2;0;Весовые категории
Боксерские перчатки и рукавицы;боксерские перчатки 14 унций;2;0;
Боксерские перчатки и рукавицы;боксерские перчатки 14 унций;2;0;Нераспределённые
Боксерские перчатки и рукавицы;боксерские перчатки адидас;2;0;
Боксерские перчатки и рукавицы;боксерские перчатки адидас;2;0;Бренды
Боксерские перчатки и рукавицы;боксерские перчатки адидас;2;0;
Боксерские перчатки и рукавицы;боксерские перчатки адидас;2;0;Нераспределённые
Боксерские перчатки и рукавицы;боксерские перчатки женские купить;2;0;
Боксерские перчатки и рукавицы;боксерские перчатки женские купить;2;0;
Боксерские перчатки и рукавицы;боксерские перчатки женские купить;2;0;
Боксерские перчатки и рукавицы;боксерские перчатки женские купить;2;0;
Боксерские перчатки и рукавицы;боксерские перчатки женские купить;2;0;Женские перчатки
Боксерские перчатки и рукавицы;боксерские перчатки женские купить;2;0;
Боксерские перчатки и рукавицы;боксерские перчатки женские купить;2;0;Нераспределённые
Боксерские перчатки и рукавицы;боксерские перчатки женские купить;2;0;Нераспределённые
Боксерские перчатки и рукавицы;боксерский шлем clinch;2;0;Боксерское снаряжение
Боксерские перчатки и рукавицы;выбор перчаток для бокса;2;0;
Боксерские перчатки и рукавицы;выбор перчаток для бокса;2;0;Подбор перчаток
Боксерские перчатки и рукавицы;детский набор для бокса груша перчатки;2;0;
Боксерские перчатки и рукавицы;детский набор для бокса груша перчатки;2;0;
Боксерские перчатки и рукавицы;детский набор для бокса груша перчатки;2;0;
Боксерские перчатки и рукавицы;детский набор для бокса груша перчатки;2;0;
Боксерские перчатки и рукавицы;детский набор для бокса груша перчатки;2;0;Детские перчатки
Боксерские перчатки и рукавицы;детский набор для бокса груша перчатки;2;0;
Боксерские перчатки и рукавицы;детский набор для бокса груша перчатки;2;0;Нераспределённые
Боксерские перчатки и рукавицы;женские боксерские перчатки;2;0;
Боксерские перчатки и рукавицы;женские боксерские перчатки;2;0;Женские перчатки
Боксерские перчатки и рукавицы;женские боксерские перчатки;2;0;
Боксерские перчатки и рукавицы;женские боксерские перчатки;2;0;Нераспределённые
Боксерские перчатки и рукавицы;женские боксерские перчатки купить;2;0;
Боксерские перчатки и рукавицы;женские боксерские перчатки купить;2;0;Женские перчатки
Боксерские перчатки и рукавицы;женские боксерские шорты;2;0;
Боксерские перчатки и рукавицы;женские боксерские шорты;2;0;Женские перчатки
Боксерские перчатки и рукавицы;как определить размер перчаток для бокса;2;0;
Боксерские перчатки и рукавицы;как определить размер перчаток для бокса;2;0;Подбор перчаток
Боксерские перчатки и рукавицы;какие бывают перчатки для бокса;2;0;
Боксерские перчатки и рукавицы;какие бывают перчатки для бокса;2;0;Подбор перчаток
Боксерские перчатки и рукавицы;купить боксерские перчатки владивосток;2;0;
Боксерские перчатки и рукавицы;купить боксерские перчатки владивосток;2;0;Нераспределённые
Боксерские перчатки и рукавицы;купить боксерские перчатки москва;2;0;
Боксерские перчатки и рукавицы;купить боксерские перчатки москва;2;0;Гео-запросы
Боксерские перчатки и рукавицы;купить боксерские перчатки москва;2;0;
Боксерские перчатки и рукавицы;купить боксерские перчатки москва;2;0;Нераспределённые
Боксерские перчатки и рукавицы;купить боксерские перчатки на озоне;2;0;
Боксерские перчатки и рукавицы;купить боксерские перчатки на озоне;2;0;
Боксерские перчатки и рукавицы;купить боксерские перчатки на озоне;2;0;
Боксерские перчатки и рукавицы;купить боксерские перчатки на озоне;2;0;
Боксерские перчатки и рукавицы;купить боксерские перчатки на озоне;2;0;Покупка перчаток
Боксерские перчатки и рукавицы;купить боксерские перчатки на озоне;2;0;
Боксерские перчатки и рукавицы;купить боксерские перчатки на озоне;2;0;Нераспределённые
Боксерские перчатки и рукавицы;перчатки для бокса 16 унций;2;0;
Боксерские перчатки и рукавицы;перчатки для бокса 16 унций;2;0;Весовые категории
Боксерские перчатки и рукавицы;перчатки для бокса 16 унций;2;0;
Боксерские перчатки и рукавицы;перчатки для бокса 16 унций;2;0;Нераспределённые
Боксерские перчатки и рукавицы;перчатки для бокса 16 унций;2;0;
Боксерские перчатки и рукавицы;перчатки для бокса 16 унций;2;0;Перчатки для бокса
Боксерские перчатки и рукавицы;перчатки для бокса кожа;2;0;
Боксерские перчатки и рукавицы;перчатки для бокса кожа;2;0;Перчатки для бокса
Боксерские перчатки и рукавицы;перчатки для спарринга бокс;2;0;
Боксерские перчатки и рукавицы;перчатки для спарринга бокс;2;0;Боксерское снаряжение
Боксерские перчатки и рукавицы;перчатки для спарринга бокс;2;0;
Боксерские перчатки и рукавицы;перчатки для спарринга бокс;2;0;Нераспределённые
Боксерские перчатки и рукавицы;перчатки для спарринга бокс сколько унций;2;0;
Боксерские перчатки и рукавицы;перчатки для спарринга бокс сколько унций;2;0;Весовые категории
Боксерские перчатки и рукавицы;перчатки для спарринга бокс сколько унций;2;0;
Боксерские перчатки и рукавицы;перчатки для спарринга бокс сколько унций;2;0;Нераспределённые
Боксерские перчатки и рукавицы;перчатки для спаррингов бокс;2;0;
Боксерские перчатки и рукавицы;перчатки для спаррингов бокс;2;0;Боксерское снаряжение
Боксерские перчатки и рукавицы;перчатки для спаррингов бокс;2;0;
Боксерские перчатки и рукавицы;перчатки для спаррингов бокс;2;0;Нераспределённые
Боксерские перчатки и рукавицы;перчатки для тренировки бокса;2;0;
Боксерские перчатки и рукавицы;перчатки для тренировки бокса;2;0;Перчатки для бокса
Боксерские перчатки и рукавицы;розовые боксерские перчатки женские;2;0;
Боксерские перчатки и рукавицы;розовые боксерские перчатки женские;2;0;Женские перчатки
Боксерские перчатки и рукавицы;розовые боксерские перчатки женские;2;0;
Боксерские перчатки и рукавицы;розовые боксерские перчатки женские;2;0;Нераспределённые
Боксерские перчатки и рукавицы;сколько унций для тренировок перчатки бокса;2;0;
Боксерские перчатки и рукавицы;сколько унций для тренировок перчатки бокса;2;0;Подбор перчаток
Боксерские перчатки и рукавицы;шлем боксерский clinch undefeated;2;0;Боксерское снаряжение
Боксерские перчатки и рукавицы;rival перчатки для бокса;1;0;
Боксерские перчатки и рукавицы;rival перчатки для бокса;1;0;Перчатки для бокса
Боксерские перчатки и рукавицы;rival перчатки для бокса купить;1;0;
Боксерские перчатки и рукавицы;rival перчатки для бокса купить;1;0;Перчатки для бокса
Боксерские перчатки и рукавицы;twins перчатки для бокса;1;0;
Боксерские перчатки и рукавицы;twins перчатки для бокса;1;0;Перчатки для бокса
Боксерские перчатки и рукавицы;боксерские перчатки Leone;1;0;
Боксерские перчатки и рукавицы;боксерские перчатки Leone;1;0;Бренды
Боксерские перчатки и рукавицы;боксерские перчатки Leone;1;0;
Боксерские перчатки и рукавицы;боксерские перчатки Leone;1;0;Нераспределённые
Боксерские перчатки и рукавицы;боксерские перчатки leone;1;0;
Боксерские перчатки и рукавицы;боксерские перчатки leone;1;0;Покупка перчаток
Боксерские перчатки и рукавицы;боксерские перчатки leone;1;0;
Боксерские перчатки и рукавицы;боксерские перчатки leone;1;0;Нераспределённые
Боксерские перчатки и рукавицы;боксерские перчатки leone glory;1;0;
Боксерские перчатки и рукавицы;боксерские перчатки leone glory;1;0;Покупка перчаток
Боксерские перчатки и рукавицы;боксерские перчатки leone glory;1;0;
Боксерские перчатки и рукавицы;боксерские перчатки leone glory;1;0;Нераспределённые
Боксерские перчатки и рукавицы;боксерские перчатки купить спортмастер;1;0;
Боксерские перчатки и рукавицы;боксерские перчатки купить спортмастер;1;0;Покупка перчаток
Боксерские перчатки и рукавицы;боксерские перчатки купить спортмастер;1;0;
Боксерские перчатки и рукавицы;боксерские перчатки купить спортмастер;1;0;Нераспределённые
Боксерские перчатки и рукавицы;боксерские перчатки ринг;1;0;
Боксерские перчатки и рукавицы;боксерские перчатки ринг;1;0;Нераспределённые
Боксерские перчатки и рукавицы;вес перчаток для бокса;1;0;
Боксерские перчатки и рукавицы;вес перчаток для бокса;1;0;Подбор перчаток
Боксерские перчатки и рукавицы;выбрать перчатки для бокса ребенку;1;0;
Боксерские перчатки и рукавицы;выбрать перчатки для бокса ребенку;1;0;Подбор перчаток
Боксерские перчатки и рукавицы;где купить боксерские перчатки;1;0;
Боксерские перчатки и рукавицы;где купить боксерские перчатки;1;0;
Боксерские перчатки и рукавицы;где купить боксерские перчатки;1;0;
Боксерские перчатки и рукавицы;где купить боксерские перчатки;1;0;
Боксерские перчатки и рукавицы;где купить боксерские перчатки;1;0;Покупка перчаток
Боксерские перчатки и рукавицы;где купить боксерские перчатки;1;0;
Боксерские перчатки и рукавицы;где купить боксерские перчатки;1;0;Нераспределённые
Боксерские перчатки и рукавицы;детская боксерская груша перчатки боксерские;1;0;
Боксерские перчатки и рукавицы;детская боксерская груша перчатки боксерские;1;0;Покупка перчаток
Боксерские перчатки и рукавицы;детская боксерская груша перчатки боксерские;1;0;
Боксерские перчатки и рукавицы;детская боксерская груша перчатки боксерские;1;0;Нераспределённые
Боксерские перчатки и рукавицы;детские боксерские перчатки 7 лет;1;0;
Боксерские перчатки и рукавицы;детские боксерские перчатки 7 лет;1;0;Покупка перчаток
Боксерские перчатки и рукавицы;детские боксерские перчатки 7 лет;1;0;
Боксерские перчатки и рукавицы;детские боксерские перчатки 7 лет;1;0;Нераспределённые
Боксерские перчатки и рукавицы;детский боксерский мешок;1;0;Боксерское снаряжение
Боксерские перчатки и рукавицы;детский перчатки боксерский набор;1;0;
Боксерские перчатки и рукавицы;детский перчатки боксерский набор;1;0;Детские перчатки
Боксерские перчатки и рукавицы;детский перчатки боксерский набор;1;0;
Боксерские перчатки и рукавицы;детский перчатки боксерский набор;1;0;Нераспределённые
Боксерские перчатки и рукавицы;для чего нужны перчатки для бокса;1;0;
Боксерские перчатки и рукавицы;для чего нужны перчатки для бокса;1;0;Перчатки для бокса
Боксерские перчатки и рукавицы;женский бандаж для бокса;1;0;
Боксерские перчатки и рукавицы;женский бандаж для бокса;1;0;Тайский бокс
Боксерские перчатки и рукавицы;как выбрать размер перчаток для бокса;1;0;
Боксерские перчатки и рукавицы;как выбрать размер перчаток для бокса;1;0;Подбор перчаток
Боксерские перчатки и рукавицы;как правильно выбрать перчатки для бокса;1;0;
Боксерские перчатки и рукавицы;как правильно выбрать перчатки для бокса;1;0;Перчатки для бокса
Боксерские перчатки и рукавицы;как сделать перчатки для бокса;1;0;
Боксерские перчатки и рукавицы;как сделать перчатки для бокса;1;0;Перчатки для бокса
Боксерские перчатки и рукавицы;какие боксерские перчатки купить;1;0;
Боксерские перчатки и рукавицы;какие боксерские перчатки купить;1;0;
Боксерские перчатки и рукавицы;какие боксерские перчатки купить;1;0;
Боксерские перчатки и рукавицы;какие боксерские перчатки купить;1;0;
Боксерские перчатки и рукавицы;какие боксерские перчатки купить;1;0;Покупка перчаток
Боксерские перчатки и рукавицы;какие боксерские перчатки купить;1;0;
Боксерские перчатки и рукавицы;какие боксерские перчатки купить;1;0;Нераспределённые
Боксерские перчатки и рукавицы;какие боксерские перчатки лучше купить;1;0;
Боксерские перчатки и рукавицы;какие боксерские перчатки лучше купить;1;0;
Боксерские перчатки и рукавицы;какие боксерские перчатки лучше купить;1;0;
Боксерские перчатки и рукавицы;какие боксерские перчатки лучше купить;1;0;
Боксерские перчатки и рукавицы;какие боксерские перчатки лучше купить;1;0;Покупка перчаток
Боксерские перчатки и рукавицы;какие боксерские перчатки лучше купить;1;0;
Боксерские перчатки и рукавицы;какие боксерские перчатки лучше купить;1;0;Нераспределённые
Боксерские перчатки и рукавицы;какие купили боксерские перчатки;1;0;
Боксерские перчатки и рукавицы;какие купили боксерские перчатки;1;0;Покупка перчаток
Боксерские перчатки и рукавицы;какие лучшие перчатки для бокса;1;0;
Боксерские перчатки и рукавицы;какие лучшие перчатки для бокса;1;0;Перчатки для бокса
Боксерские перчатки и рукавицы;какие перчатки для бокса выбрать;1;0;
Боксерские перчатки и рукавицы;какие перчатки для бокса выбрать;1;0;Перчатки для бокса
Боксерские перчатки и рукавицы;кожаные перчатки для бокса;1;0;
Боксерские перчатки и рукавицы;кожаные перчатки для бокса;1;0;Перчатки для бокса
Боксерские перчатки и рукавицы;купить боксерские перчатки everlast;1;0;
Боксерские перчатки и рукавицы;купить боксерские перчатки everlast;1;0;
Боксерские перчатки и рукавицы;купить боксерские перчатки everlast;1;0;
Боксерские перчатки и рукавицы;купить боксерские перчатки everlast;1;0;
Боксерские перчатки и рукавицы;купить боксерские перчатки everlast;1;0;Покупка перчаток
Боксерские перчатки и рукавицы;купить боксерские перчатки everlast;1;0;
Боксерские перчатки и рукавицы;купить боксерские перчатки everlast;1;0;Нераспределённые
Боксерские перчатки и рукавицы;купить боксерские перчатки адидас;1;0;
Боксерские перчатки и рукавицы;купить боксерские перчатки адидас;1;0;
Боксерские перчатки и рукавицы;купить боксерские перчатки адидас;1;0;
Боксерские перчатки и рукавицы;купить боксерские перчатки адидас;1;0;
Боксерские перчатки и рукавицы;купить боксерские перчатки адидас;1;0;Покупка перчаток
Боксерские перчатки и рукавицы;купить боксерские перчатки адидас;1;0;
Боксерские перчатки и рукавицы;купить боксерские перчатки адидас;1;0;Нераспределённые
Боксерские перчатки и рукавицы;купить перчатки боксерские 14;1;0;
Боксерские перчатки и рукавицы;купить перчатки боксерские 14;1;0;
Боксерские перчатки и рукавицы;купить перчатки боксерские 14;1;0;
Боксерские перчатки и рукавицы;купить перчатки боксерские 14;1;0;
Боксерские перчатки и рукавицы;купить перчатки боксерские 14;1;0;Весовые категории
Боксерские перчатки и рукавицы;купить перчатки боксерские 14;1;0;
Боксерские перчатки и рукавицы;купить перчатки боксерские 14;1;0;Нераспределённые
Боксерские перчатки и рукавицы;купить снарядные перчатки для бокса;1;0;
Боксерские перчатки и рукавицы;купить снарядные перчатки для бокса;1;0;Перчатки для бокса
Боксерские перчатки и рукавицы;лучшие боксерские перчатки купить;1;0;
Боксерские перчатки и рукавицы;лучшие боксерские перчатки купить;1;0;Покупка перчаток
Боксерские перчатки и рукавицы;лучшие перчатки для бокса;1;0;
Боксерские перчатки и рукавицы;лучшие перчатки для бокса;1;0;Перчатки для бокса
Боксерские перчатки и рукавицы;мешок боксерский детский;1;0;
Боксерские перчатки и рукавицы;мешок боксерский детский;1;0;Боксерское снаряжение
Боксерские перчатки и рукавицы;можно купить боксерские перчатки;1;0;
Боксерские перчатки и рукавицы;можно купить боксерские перчатки;1;0;
Боксерские перчатки и рукавицы;можно купить боксерские перчатки;1;0;
Боксерские перчатки и рукавицы;можно купить боксерские перчатки;1;0;
Боксерские перчатки и рукавицы;можно купить боксерские перчатки;1;0;Покупка перчаток
Боксерские перчатки и рукавицы;можно купить боксерские перчатки;1;0;
Боксерские перчатки и рукавицы;можно купить боксерские перчатки;1;0;Нераспределённые
Боксерские перчатки и рукавицы;перчатки для бокса 14;1;0;
Боксерские перчатки и рукавицы;перчатки для бокса 14;1;0;Перчатки для бокса
Боксерские перчатки и рукавицы;перчатки для бокса 14 унций;1;0;
Боксерские перчатки и рукавицы;перчатки для бокса 14 унций;1;0;Перчатки для бокса
Боксерские перчатки и рукавицы;перчатки для бокса 8;1;0;
Боксерские перчатки и рукавицы;перчатки для бокса 8;1;0;Перчатки для бокса
Боксерские перчатки и рукавицы;перчатки для бокса 8 oz;1;0;
Боксерские перчатки и рукавицы;перчатки для бокса 8 oz;1;0;Перчатки для бокса
Боксерские перчатки и рукавицы;перчатки для бокса venum;1;0;
Боксерские перчатки и рукавицы;перчатки для бокса venum;1;0;Перчатки для бокса
Боксерские перчатки и рукавицы;перчатки для бокса грин хилл;1;0;
Боксерские перчатки и рукавицы;перчатки для бокса грин хилл;1;0;Перчатки для бокса
Боксерские перчатки и рукавицы;перчатки для бокса для девушек;1;0;
Боксерские перчатки и рукавицы;перчатки для бокса для девушек;1;0;Перчатки для бокса
Боксерские перчатки и рукавицы;перчатки для бокса для мужчин;1;0;
Боксерские перчатки и рукавицы;перчатки для бокса для мужчин;1;0;Перчатки для бокса
Боксерские перчатки и рукавицы;перчатки для бокса как выбрать унции;1;0;
Боксерские перчатки и рукавицы;перчатки для бокса как выбрать унции;1;0;Перчатки для бокса
Боксерские перчатки и рукавицы;перчатки для бокса тренировочные;1;0;
Боксерские перчатки и рукавицы;перчатки для бокса тренировочные;1;0;Боксерское снаряжение
Боксерские перчатки и рукавицы;перчатки для бокса тренировочные;1;0;
Боксерские перчатки и рукавицы;перчатки для бокса тренировочные;1;0;Нераспределённые
Боксерские перчатки и рукавицы;перчатки для перчаточного бокса;1;0;
Боксерские перчатки и рукавицы;перчатки для перчаточного бокса;1;0;Перчатки для бокса
Боксерские перчатки и рукавицы;перчатки для тайского бокса как выбрать;1;0;
Боксерские перчатки и рукавицы;перчатки для тайского бокса как выбрать;1;0;
Боксерские перчатки и рукавицы;перчатки для тайского бокса как выбрать;1;0;
Боксерские перчатки и рукавицы;перчатки для тайского бокса как выбрать;1;0;
Боксерские перчатки и рукавицы;перчатки для тайского бокса как выбрать;1;0;Детские перчатки
Боксерские перчатки и рукавицы;перчатки для тайского бокса как выбрать;1;0;
Боксерские перчатки и рукавицы;перчатки для тайского бокса как выбрать;1;0;Нераспределённые
Боксерские перчатки и рукавицы;перчатки майка тайсона боксерские;1;0;
Боксерские перчатки и рукавицы;перчатки майка тайсона боксерские;1;0;Нераспределённые
Боксерские перчатки и рукавицы;перчатки специальные восточные тигры из натуральной кожи;1;0;
Боксерские перчатки и рукавицы;перчатки специальные восточные тигры из натуральной кожи;1;0;Покупка перчаток
Боксерские перчатки и рукавицы;перчатки специальные восточные тигры из натуральной кожи;1;0;
Боксерские перчатки и рукавицы;перчатки специальные восточные тигры из натуральной кожи;1;0;Нераспределённые
Боксерские перчатки и рукавицы;профессиональные боксерские перчатки;1;0;
Боксерские перчатки и рукавицы;профессиональные боксерские перчатки;1;0;
Боксерские перчатки и рукавицы;профессиональные боксерские перчатки;1;0;
Боксерские перчатки и рукавицы;профессиональные боксерские перчатки;1;0;
Боксерские перчатки и рукавицы;профессиональные боксерские перчатки;1;0;Боксерское снаряжение
Боксерские перчатки и рукавицы;профессиональные боксерские перчатки;1;0;
Боксерские перчатки и рукавицы;профессиональные боксерские перчатки;1;0;Нераспределённые
Боксерские перчатки и рукавицы;профессиональные боксерские перчатки;1;0;
Боксерские перчатки и рукавицы;профессиональные боксерские перчатки;1;0;Нераспределённые
Боксерские перчатки и рукавицы;профессиональные боксерские перчатки;1;0;
Боксерские перчатки и рукавицы;профессиональные боксерские перчатки;1;0;Нераспределённые
Боксерские перчатки и рукавицы;розовые перчатки для бокса;1;0;
Боксерские перчатки и рукавицы;розовые перчатки для бокса;1;0;Перчатки для бокса
Боксерские перчатки и рукавицы;сколько унций брать перчатки для бокса;1;0;
Боксерские перчатки и рукавицы;сколько унций брать перчатки для бокса;1;0;Перчатки для бокса
Боксерские перчатки и рукавицы;топ перчаток для бокса;1;0;
Боксерские перчатки и рукавицы;топ перчаток для бокса;1;0;Подбор перчаток
Боксерские перчатки и рукавицы;тренировочные перчатки бокс;1;0;
Боксерские перчатки и рукавицы;тренировочные перчатки бокс;1;0;Боксерское снаряжение
Боксерские перчатки и рукавицы;тренировочные перчатки бокс;1;0;
Боксерские перчатки и рукавицы;тренировочные перчатки бокс;1;0;Нераспределённые
Боксерские перчатки и рукавицы;тренировочные перчатки для бокса;1;0;
Боксерские перчатки и рукавицы;тренировочные перчатки для бокса;1;0;Детские перчатки
Боксерские перчатки и рукавицы;тренировочные перчатки для бокса;1;0;
Боксерские перчатки и рукавицы;тренировочные перчатки для бокса;1;0;Перчатки для бокса
Боксерские перчатки и рукавицы;тренировочные перчатки для бокса;1;0;
Боксерские перчатки и рукавицы;тренировочные перчатки для бокса;1;0;Нераспределённые
Боксерские перчатки и рукавицы;унции в перчатках для бокса что;1;0;
Боксерские перчатки и рукавицы;унции в перчатках для бокса что;1;0;Подбор перчаток
Боксерские перчатки и рукавицы;хорошие боксерские перчатки купить;1;0;
Боксерские перчатки и рукавицы;хорошие боксерские перчатки купить;1;0;
Боксерские перчатки и рукавицы;хорошие боксерские перчатки купить;1;0;
Боксерские перчатки и рукавицы;хорошие боксерские перчатки купить;1;0;
Боксерские перчатки и рукавицы;хорошие боксерские перчатки купить;1;0;Покупка перчаток
Боксерские перчатки и рукавицы;хорошие боксерские перчатки купить;1;0;
Боксерские перчатки и рукавицы;хорошие боксерские перчатки купить;1;0;Нераспределённые
Боксерские перчатки и рукавицы;hayabusa перчатки боксерские купить;0;0;
Боксерские перчатки и рукавицы;hayabusa перчатки боксерские купить;0;0;
Боксерские перчатки и рукавицы;hayabusa перчатки боксерские купить;0;0;
Боксерские перчатки и рукавицы;sabas боксерские перчатки купить;0;0;
Боксерские перчатки и рукавицы;sabas боксерские перчатки купить;0;0;
Боксерские перчатки и рукавицы;sabas боксерские перчатки купить;0;0;
Боксерские перчатки и рукавицы;sports king боксерские перчатки купить;0;0;
Боксерские перчатки и рукавицы;sports king боксерские перчатки купить;0;0;
Боксерские перчатки и рукавицы;sports king боксерские перчатки купить;0;0;
Боксерские перчатки и рукавицы;winning перчатки боксерские купить;0;0;
Боксерские перчатки и рукавицы;winning перчатки боксерские купить;0;0;
Боксерские перчатки и рукавицы;winning перчатки боксерские купить;0;0;
Боксерские перчатки и рукавицы;winning перчатки боксерские купить 3000;0;0;
Боксерские перчатки и рукавицы;winning перчатки боксерские купить 3000;0;0;
Боксерские перчатки и рукавицы;winning перчатки боксерские купить 3000;0;0;
Боксерские перчатки и рукавицы;боксерские перчатки 10 унций купить;0;0;
Боксерские перчатки и рукавицы;боксерские перчатки 12 купить;0;0;
Боксерские перчатки и рукавицы;боксерские перчатки 12 купить;0;0;
Боксерские перчатки и рукавицы;боксерские перчатки 12 купить;0;0;
Боксерские перчатки и рукавицы;боксерские перчатки 12 унций купить;0;0;
Боксерские перчатки и рукавицы;боксерские перчатки 12 унций купить;0;0;
Боксерские перчатки и рукавицы;боксерские перчатки 12 унций купить;0;0;
Боксерские перчатки и рукавицы;боксерские перчатки 18 унций купить;0;0;
Боксерские перчатки и рукавицы;боксерские перчатки 18 унций купить;0;0;
Боксерские перчатки и рукавицы;боксерские перчатки 18 унций купить;0;0;
Боксерские перчатки и рукавицы;боксерские перчатки 8 унций купить екатеринбург;0;0;
Боксерские перчатки и рукавицы;боксерские перчатки 8 унций купить екатеринбург;0;0;
Боксерские перчатки и рукавицы;боксерские перчатки 8 унций купить екатеринбург;0;0;
Боксерские перчатки и рукавицы;боксерские перчатки AIBA;0;0;
Боксерские перчатки и рукавицы;боксерские перчатки fly купить;0;0;
Боксерские перчатки и рукавицы;боксерские перчатки fly купить;0;0;
Боксерские перчатки и рукавицы;боксерские перчатки fly купить;0;0;
Боксерские перчатки и рукавицы;боксерские перчатки grant купить;0;0;
Боксерские перчатки и рукавицы;боксерские перчатки grant купить;0;0;
Боксерские перчатки и рукавицы;боксерские перчатки grant купить;0;0;
Боксерские перчатки и рукавицы;боксерские перчатки hayabusa t3 14 унций купить;0;0;
Боксерские перчатки и рукавицы;боксерские перчатки hayabusa t3 14 унций купить;0;0;
Боксерские перчатки и рукавицы;боксерские перчатки hayabusa t3 14 унций купить;0;0;
Боксерские перчатки и рукавицы;боксерские перчатки leaders купить;0;0;
Боксерские перчатки и рукавицы;боксерские перчатки leaders купить;0;0;
Боксерские перчатки и рукавицы;боксерские перчатки leaders купить;0;0;
Боксерские перчатки и рукавицы;боксерские перчатки phenom купить;0;0;
Боксерские перчатки и рукавицы;боксерские перчатки phenom купить;0;0;
Боксерские перчатки и рукавицы;боксерские перчатки phenom купить;0;0;
Боксерские перчатки и рукавицы;боксерские перчатки rival купить;0;0;
Боксерские перчатки и рукавицы;боксерские перчатки rival купить;0;0;
Боксерские перчатки и рукавицы;боксерские перчатки rival купить;0;0;
Боксерские перчатки и рукавицы;боксерские перчатки twins купить;0;0;
Боксерские перчатки и рукавицы;боксерские перчатки twins купить;0;0;
Боксерские перчатки и рукавицы;боксерские перчатки twins купить;0;0;
Боксерские перчатки и рукавицы;боксерские перчатки twins купить кожзам;0;0;
Боксерские перчатки и рукавицы;боксерские перчатки twins купить кожзам;0;0;
Боксерские перчатки и рукавицы;боксерские перчатки twins купить кожзам;0;0;
Боксерские перчатки и рукавицы;боксерские перчатки venum купить;0;0;
Боксерские перчатки и рукавицы;боксерские перчатки venum купить;0;0;
Боксерские перчатки и рукавицы;боксерские перчатки venum купить;0;0;
Боксерские перчатки и рукавицы;боксерские перчатки в машину на зеркало купить;0;0;
Боксерские перчатки и рукавицы;боксерские перчатки в машину на зеркало купить;0;0;
Боксерские перчатки и рукавицы;боксерские перчатки в машину на зеркало купить;0;0;
Боксерские перчатки и рукавицы;боксерские перчатки велом;0;0;
Боксерские перчатки и рукавицы;боксерские перчатки вениум;0;0;
Боксерские перчатки и рукавицы;боксерские перчатки грант купить;0;0;
Боксерские перчатки и рукавицы;боксерские перчатки грант купить;0;0;
Боксерские перчатки и рукавицы;боксерские перчатки грант купить;0;0;
Боксерские перчатки и рукавицы;боксерские перчатки гринхилл;0;0;
Боксерские перчатки и рукавицы;боксерские перчатки груша купить;0;0;
Боксерские перчатки и рукавицы;боксерские перчатки груша купить;0;0;
Боксерские перчатки и рукавицы;боксерские перчатки груша купить;0;0;
Боксерские перчатки и рукавицы;боксерские перчатки для женщин;0;0;
Боксерские перчатки и рукавицы;боксерские перчатки для новичка;0;0;
Боксерские перчатки и рукавицы;боксерские перчатки для новичка;0;0;
Боксерские перчатки и рукавицы;боксерские перчатки для новичка;0;0;
Боксерские перчатки и рукавицы;боксерские перчатки для новичков;0;0;
Боксерские перчатки и рукавицы;боксерские перчатки для новичков;0;0;
Боксерские перчатки и рукавицы;боксерские перчатки для новичков;0;0;
Боксерские перчатки и рукавицы;боксерские перчатки для новичков;0;0;
Боксерские перчатки и рукавицы;боксерские перчатки для новичков;0;0;
Боксерские перчатки и рукавицы;боксерские перчатки для профессионального бокса;0;0;
Боксерские перчатки и рукавицы;боксерские перчатки для профессионального бокса;0;0;
Боксерские перчатки и рукавицы;боксерские перчатки для профессионального бокса;0;0;
Боксерские перчатки и рукавицы;боксерские перчатки для соревнований;0;0;
Боксерские перчатки и рукавицы;боксерские перчатки для тайского бокса;0;0;
Боксерские перчатки и рукавицы;боксерские перчатки для тайского бокса;0;0;
Боксерские перчатки и рукавицы;боксерские перчатки для тайского бокса;0;0;
Боксерские перчатки и рукавицы;боксерские перчатки кастомные;0;0;
Боксерские перчатки и рукавицы;боксерские перчатки кожи 진짜;0;0;
Боксерские перчатки и рукавицы;боксерские перчатки купить demix;0;0;
Боксерские перчатки и рукавицы;боксерские перчатки купить demix;0;0;
Боксерские перчатки и рукавицы;боксерские перчатки купить demix;0;0;
Боксерские перчатки и рукавицы;боксерские перчатки купить reval rs100;0;0;
Боксерские перчатки и рукавицы;боксерские перчатки купить reval rs100;0;0;
Боксерские перчатки и рукавицы;боксерские перчатки купить reval rs100;0;0;
Боксерские перчатки и рукавицы;боксерские перчатки купить брянск;0;0;
Боксерские перчатки и рукавицы;боксерские перчатки купить брянск;0;0;
Боксерские перчатки и рукавицы;боксерские перчатки купить брянск;0;0;
Боксерские перчатки и рукавицы;боксерские перчатки купить в москве;0;0;
Боксерские перчатки и рукавицы;боксерские перчатки купить в москве;0;0;
Боксерские перчатки и рукавицы;боксерские перчатки купить в москве;0;0;
Боксерские перчатки и рукавицы;боксерские перчатки купить в москве оригинал;0;0;
Боксерские перчатки и рукавицы;боксерские перчатки купить в москве оригинал;0;0;
Боксерские перчатки и рукавицы;боксерские перчатки купить в москве оригинал;0;0;
Боксерские перчатки и рукавицы;боксерские перчатки купить в новосибирске;0;0;
Боксерские перчатки и рукавицы;боксерские перчатки купить в новосибирске;0;0;
Боксерские перчатки и рукавицы;боксерские перчатки купить в новосибирске;0;0;
Боксерские перчатки и рукавицы;боксерские перчатки купить в самаре;0;0;
Боксерские перчатки и рукавицы;боксерские перчатки купить в самаре;0;0;
Боксерские перчатки и рукавицы;боксерские перчатки купить в самаре;0;0;
Боксерские перчатки и рукавицы;боксерские перчатки купить в санкт петербурге;0;0;
Боксерские перчатки и рукавицы;боксерские перчатки купить в санкт петербурге;0;0;
Боксерские перчатки и рукавицы;боксерские перчатки купить в санкт петербурге;0;0;
Боксерские перчатки и рукавицы;боксерские перчатки купить в хабаровске;0;0;
Боксерские перчатки и рукавицы;боксерские перчатки купить в хабаровске;0;0;
Боксерские перчатки и рукавицы;боксерские перчатки купить в хабаровске;0;0;
Боксерские перчатки и рукавицы;боксерские перчатки купить вайлдберриз;0;0;
Боксерские перчатки и рукавицы;боксерские перчатки купить вайлдберриз;0;0;
Боксерские перчатки и рукавицы;боксерские перчатки купить вайлдберриз;0;0;
Боксерские перчатки и рукавицы;боксерские перчатки купить краснодаре;0;0;
Боксерские перчатки и рукавицы;боксерские перчатки купить краснодаре;0;0;
Боксерские перчатки и рукавицы;боксерские перчатки купить краснодаре;0;0;
Боксерские перчатки и рукавицы;боксерские перчатки купить красноярск;0;0;
Боксерские перчатки и рукавицы;боксерские перчатки купить красноярск;0;0;
Боксерские перчатки и рукавицы;боксерские перчатки купить красноярск;0;0;
Боксерские перчатки и рукавицы;боксерские перчатки купить на вб;0;0;
Боксерские перчатки и рукавицы;боксерские перчатки купить на вб;0;0;
Боксерские перчатки и рукавицы;боксерские перчатки купить на вб;0;0;
Боксерские перчатки и рукавицы;боксерские перчатки купить на мешке;0;0;
Боксерские перчатки и рукавицы;боксерские перчатки купить на мешке;0;0;
Боксерские перчатки и рукавицы;боксерские перчатки купить на мешке;0;0;
Боксерские перчатки и рукавицы;боксерские перчатки купить на савеловском рынке;0;0;
Боксерские перчатки и рукавицы;боксерские перчатки купить на савеловском рынке;0;0;
Боксерские перчатки и рукавицы;боксерские перчатки купить на савеловском рынке;0;0;
Боксерские перчатки и рукавицы;боксерские перчатки купить со шнурками;0;0;
Боксерские перчатки и рукавицы;боксерские перчатки купить со шнурками;0;0;
Боксерские перчатки и рукавицы;боксерские перчатки купить со шнурками;0;0;
Боксерские перчатки и рукавицы;боксерские перчатки купить спб;0;0;
Боксерские перчатки и рукавицы;боксерские перчатки купить спб;0;0;
Боксерские перчатки и рукавицы;боксерские перчатки купить спб;0;0;
Боксерские перчатки и рукавицы;боксерские перчатки купить спб недорогие вб;0;0;
Боксерские перчатки и рукавицы;боксерские перчатки купить спб недорогие вб;0;0;
Боксерские перчатки и рукавицы;боксерские перчатки купить спб недорогие вб;0;0;
Боксерские перчатки и рукавицы;боксерские перчатки купить тюмень;0;0;
Боксерские перчатки и рукавицы;боксерские перчатки купить тюмень;0;0;
Боксерские перчатки и рукавицы;боксерские перчатки купить тюмень;0;0;
Боксерские перчатки и рукавицы;боксерские перчатки купить фаиртекс роки шоп;0;0;
Боксерские перчатки и рукавицы;боксерские перчатки купить фаиртекс роки шоп;0;0;
Боксерские перчатки и рукавицы;боксерские перчатки купить фаиртекс роки шоп;0;0;
Боксерские перчатки и рукавицы;боксерские перчатки патриот купить;0;0;
Боксерские перчатки и рукавицы;боксерские перчатки патриот купить;0;0;
Боксерские перчатки и рукавицы;боксерские перчатки патриот купить;0;0;
Боксерские перчатки и рукавицы;боксерские перчатки р2р;0;0;
Боксерские перчатки и рукавицы;боксерские перчатки ростов купить;0;0;
Боксерские перчатки и рукавицы;боксерские перчатки ростов купить;0;0;
Боксерские перчатки и рукавицы;боксерские перчатки ростов купить;0;0;
Боксерские перчатки и рукавицы;боксерские перчатки с велкром;0;0;
Боксерские перчатки и рукавицы;боксерские перчатки с гелем;0;0;
Боксерские перчатки и рукавицы;боксерские перчатки с ремнем;0;0;
Боксерские перчатки и рукавицы;боксерские перчатки ссср купить;0;0;
Боксерские перчатки и рукавицы;боксерские перчатки ссср купить;0;0;
Боксерские перчатки и рукавицы;боксерские перчатки ссср купить;0;0;
Боксерские перчатки и рукавицы;боксерские перчатки твинс купить;0;0;
Боксерские перчатки и рукавицы;боксерские перчатки твинс купить;0;0;
Боксерские перчатки и рукавицы;боксерские перчатки твинс купить;0;0;
Боксерские перчатки и рукавицы;боксерские перчатки твинс с рисунком купить;0;0;
Боксерские перчатки и рукавицы;боксерские перчатки твинс с рисунком купить;0;0;
Боксерские перчатки и рукавицы;боксерские перчатки твинс с рисунком купить;0;0;
Боксерские перчатки и рукавицы;боксерские перчатки ультиматум купить;0;0;
Боксерские перчатки и рукавицы;боксерские перчатки ультиматум купить;0;0;
Боксерские перчатки и рукавицы;боксерские перчатки ультиматум купить;0;0;
Боксерские перчатки и рукавицы;боксерские перчатки флай купить;0;0;
Боксерские перчатки и рукавицы;боксерские перчатки флай купить;0;0;
Боксерские перчатки и рукавицы;боксерские перчатки флай купить;0;0;
Боксерские перчатки и рукавицы;боксерские перчатки хаябуса купить;0;0;
Боксерские перчатки и рукавицы;боксерские перчатки хаябуса купить;0;0;
Боксерские перчатки и рукавицы;боксерские перчатки хаябуса купить;0;0;
Боксерские перчатки и рукавицы;боксерские перчатки хром хартс купить;0;0;
Боксерские перчатки и рукавицы;боксерские перчатки хром хартс купить;0;0;
Боксерские перчатки и рукавицы;боксерские перчатки хром хартс купить;0;0;
Боксерские перчатки и рукавицы;боксерские перчатки черно белые купить;0;0;
Боксерские перчатки и рукавицы;боксерские перчатки черно белые купить;0;0;
Боксерские перчатки и рукавицы;боксерские перчатки черно белые купить;0;0;
Боксерские перчатки и рукавицы;боксерские перчатки эверласт купить;0;0;
Боксерские перчатки и рукавицы;боксерские перчатки эверласт купить;0;0;
Боксерские перчатки и рукавицы;боксерские перчатки эверласт купить;0;0;
Боксерские перчатки и рукавицы;боксерские рукавицы 14 унций;0;0;
Боксерские перчатки и рукавицы;боксерские рукавицы аддидас;0;0;
Боксерские перчатки и рукавицы;боксерские рукавицы для лап;0;0;
Боксерские перчатки и рукавицы;боксерские рукавицы для мешка;0;0;
Боксерские перчатки и рукавицы;боксерские рукавицы для мешка;0;0;
Боксерские перчатки и рукавицы;боксерские рукавицы для пауков;0;0;
Боксерские перчатки и рукавицы;боксерские рукавицы для тренера;0;0;
Боксерские перчатки и рукавицы;боксерские рукавицы женские;0;0;
Боксерские перчатки и рукавицы;боксерские рукавицы кожаные;0;0;
Боксерские перчатки и рукавицы;боксерские рукавицы кожаные;0;0;
Боксерские перчатки и рукавицы;боксерские рукавицы лимитированные;0;0;
Боксерские перчатки и рукавицы;боксерские рукавицы про;0;0;
Боксерские перчатки и рукавицы;боксерские рукавицы профи;0;0;
Боксерские перчатки и рукавицы;боксерские рукавицы райвал;0;0;
Боксерские перчатки и рукавицы;боксерские рукавицы спарринговые;0;0;
Боксерские перчатки и рукавицы;боксерские рукавицы твинс;0;0;
Боксерские перчатки и рукавицы;боксерские рукавицы тренировочные;0;0;
Боксерские перчатки и рукавицы;боксерские рукавицы цена;0;0;
Боксерские перчатки и рукавицы;брелок боксерские перчатки в машину купить;0;0;
Боксерские перчатки и рукавицы;брелок боксерские перчатки в машину купить;0;0;
Боксерские перчатки и рукавицы;брелок боксерские перчатки в машину купить;0;0;
Боксерские перчатки и рукавицы;бренды боксерские перчатки профессиональные;0;0;
Боксерские перчатки и рукавицы;бренды боксерские перчатки профессиональные;0;0;
Боксерские перчатки и рукавицы;бренды боксерские перчатки профессиональные;0;0;
Боксерские перчатки и рукавицы;бюджетные боксерские перчатки;0;0;
Боксерские перчатки и рукавицы;в ставрополе купить боксерские перчатки;0;0;
Боксерские перчатки и рукавицы;в ставрополе купить боксерские перчатки;0;0;
Боксерские перчатки и рукавицы;в ставрополе купить боксерские перчатки;0;0;
Боксерские перчатки и рукавицы;где в быково купить боксерские перчатки;0;0;
Боксерские перчатки и рукавицы;где в быково купить боксерские перчатки;0;0;
Боксерские перчатки и рукавицы;где в быково купить боксерские перчатки;0;0;
Боксерские перчатки и рукавицы;где в шанхае купить боксерские перчатки;0;0;
Боксерские перчатки и рукавицы;где в шанхае купить боксерские перчатки;0;0;
Боксерские перчатки и рукавицы;где в шанхае купить боксерские перчатки;0;0;
Боксерские перчатки и рукавицы;где купить боксерские перчатки в казани;0;0;
Боксерские перчатки и рукавицы;где купить боксерские перчатки в казани;0;0;
Боксерские перчатки и рукавицы;где купить боксерские перчатки в казани;0;0;
Боксерские перчатки и рукавицы;где купить боксерские перчатки в хэйхэ;0;0;
Боксерские перчатки и рукавицы;где купить боксерские перчатки в хэйхэ;0;0;
Боксерские перчатки и рукавицы;где купить боксерские перчатки в хэйхэ;0;0;
Боксерские перчатки и рукавицы;где купить боксерские перчатки во владикавказе;0;0;
Боксерские перчатки и рукавицы;где купить боксерские перчатки во владикавказе;0;0;
Боксерские перчатки и рукавицы;где купить боксерские перчатки во владикавказе;0;0;
Боксерские перчатки и рукавицы;где можно купить боксерские перчатки;0;0;
Боксерские перчатки и рукавицы;где можно купить боксерские перчатки;0;0;
Боксерские перчатки и рукавицы;где можно купить боксерские перчатки;0;0;
Боксерские перчатки и рукавицы;груша и перчатки для бокса детские;0;0;
Боксерские перчатки и рукавицы;груша и перчатки для бокса детские;0;0;
Боксерские перчатки и рукавицы;груша и перчатки для бокса детские;0;0;
Боксерские перчатки и рукавицы;детская боксерская груша и перчатки купить;0;0;
Боксерские перчатки и рукавицы;детская боксерская груша и перчатки купить;0;0;
Боксерские перчатки и рукавицы;детская боксерская груша и перчатки купить;0;0;
Боксерские перчатки и рукавицы;детская груша для бокса напольная с перчатками;0;0;
Боксерские перчатки и рукавицы;детская груша для бокса напольная с перчатками;0;0;
Боксерские перчатки и рукавицы;детская груша для бокса напольная с перчатками;0;0;
Боксерские перчатки и рукавицы;детские боксерские перчатки 5 лет купить;0;0;
Боксерские перчатки и рукавицы;детские боксерские перчатки 5 лет купить;0;0;
Боксерские перчатки и рукавицы;детские боксерские перчатки 5 лет купить;0;0;
Боксерские перчатки и рукавицы;детские перчатки для бокса для 5 лет;0;0;
Боксерские перчатки и рукавицы;детские перчатки для бокса для 5 лет;0;0;
Боксерские перчатки и рукавицы;детские перчатки для бокса для 5 лет;0;0;
Боксерские перчатки и рукавицы;детские перчатки для тайского бокса;0;0;
Боксерские перчатки и рукавицы;детские перчатки для тайского бокса;0;0;
Боксерские перчатки и рукавицы;детские перчатки для тайского бокса;0;0;
Боксерские перчатки и рукавицы;какие боксерские перчатки купить для тренировки;0;0;
Боксерские перчатки и рукавицы;какие боксерские перчатки купить для тренировки;0;0;
Боксерские перчатки и рукавицы;какие боксерские перчатки купить для тренировки;0;0;
Боксерские перчатки и рукавицы;какие боксерские перчатки купить для тренировки новичку;0;0;
Боксерские перчатки и рукавицы;какие боксерские перчатки купить для тренировки новичку;0;0;
Боксерские перчатки и рукавицы;какие боксерские перчатки купить для тренировки новичку;0;0;
Боксерские перчатки и рукавицы;какие боксерские перчатки купить начинающим;0;0;
Боксерские перчатки и рукавицы;какие боксерские перчатки купить начинающим;0;0;
Боксерские перчатки и рукавицы;какие боксерские перчатки купить начинающим;0;0;
Боксерские перчатки и рукавицы;какие боксерские перчатки купить новичку;0;0;
Боксерские перчатки и рукавицы;какие боксерские перчатки купить новичку;0;0;
Боксерские перчатки и рукавицы;какие боксерские перчатки купить новичку;0;0;
Боксерские перчатки и рукавицы;какие боксерские перчатки лучше купить для тренировок;0;0;
Боксерские перчатки и рукавицы;какие боксерские перчатки лучше купить для тренировок;0;0;
Боксерские перчатки и рукавицы;какие боксерские перчатки лучше купить для тренировок;0;0;
Боксерские перчатки и рукавицы;какие должны быть перчатки для тайского бокса;0;0;
Боксерские перчатки и рукавицы;какие должны быть перчатки для тайского бокса;0;0;
Боксерские перчатки и рукавицы;какие должны быть перчатки для тайского бокса;0;0;
Боксерские перчатки и рукавицы;какие перчатки для тайского бокса;0;0;
Боксерские перчатки и рукавицы;какие перчатки для тайского бокса;0;0;
Боксерские перчатки и рукавицы;какие перчатки для тайского бокса;0;0;
Боксерские перчатки и рукавицы;какие перчатки нужны для тайского бокса;0;0;
Боксерские перчатки и рукавицы;какие перчатки нужны для тайского бокса;0;0;
Боксерские перчатки и рукавицы;какие перчатки нужны для тайского бокса;0;0;
Боксерские перчатки и рукавицы;какие перчатки подходят для тайского бокса;0;0;
Боксерские перчатки и рукавицы;какие перчатки подходят для тайского бокса;0;0;
Боксерские перчатки и рукавицы;какие перчатки подходят для тайского бокса;0;0;
Боксерские перчатки и рукавицы;какой фирмы купить боксерские перчатки;0;0;
Боксерские перчатки и рукавицы;какой фирмы купить боксерские перчатки;0;0;
Боксерские перчатки и рукавицы;какой фирмы купить боксерские перчатки;0;0;
Боксерские перчатки и рукавицы;какой фирмы купить перчатки для тайского бокса;0;0;
Боксерские перчатки и рукавицы;какой фирмы купить перчатки для тайского бокса;0;0;
Боксерские перчатки и рукавицы;какой фирмы купить перчатки для тайского бокса;0;0;
Боксерские перчатки и рукавицы;клето рейс боксерские перчатки купить;0;0;
Боксерские перчатки и рукавицы;клето рейс боксерские перчатки купить;0;0;
Боксерские перчатки и рукавицы;клето рейс боксерские перчатки купить;0;0;
Боксерские перчатки и рукавицы;клинч перчатки боксерские 10 унций купить;0;0;
Боксерские перчатки и рукавицы;клинч перчатки боксерские 10 унций купить;0;0;
Боксерские перчатки и рукавицы;клинч перчатки боксерские 10 унций купить;0;0;
Боксерские перчатки и рукавицы;конвертеры для боксерских перчаток купить;0;0;
Боксерские перчатки и рукавицы;конвертеры для боксерских перчаток купить;0;0;
Боксерские перчатки и рукавицы;конвертеры для боксерских перчаток купить;0;0;
Боксерские перчатки и рукавицы;купит боксерские перчатки на обводном канале;0;0;
Боксерские перчатки и рукавицы;купит боксерские перчатки на обводном канале;0;0;
Боксерские перчатки и рукавицы;купит боксерские перчатки на обводном канале;0;0;
Боксерские перчатки и рукавицы;купить белые боксерские перчатки;0;0;
Боксерские перчатки и рукавицы;купить белые боксерские перчатки;0;0;
Боксерские перчатки и рукавицы;купить белые боксерские перчатки;0;0;
Боксерские перчатки и рукавицы;купить боксëрские перчатки калининград;0;0;
Боксерские перчатки и рукавицы;купить боксëрские перчатки калининград;0;0;
Боксерские перчатки и рукавицы;купить боксëрские перчатки калининград;0;0;
Боксерские перчатки и рукавицы;купить боксерские перчатки 20 oz;0;0;
Боксерские перчатки и рукавицы;купить боксерские перчатки 20 oz;0;0;
Боксерские перчатки и рукавицы;купить боксерские перчатки 20 oz;0;0;
Боксерские перчатки и рукавицы;купить боксерские перчатки clinch;0;0;
Боксерские перчатки и рукавицы;купить боксерские перчатки clinch;0;0;
Боксерские перчатки и рукавицы;купить боксерские перчатки clinch;0;0;
Боксерские перчатки и рукавицы;купить боксерские перчатки green hill;0;0;
Боксерские перчатки и рукавицы;купить боксерские перчатки green hill;0;0;
Боксерские перчатки и рукавицы;купить боксерские перчатки green hill;0;0;
Боксерские перчатки и рукавицы;купить боксерские перчатки rdx;0;0;
Боксерские перчатки и рукавицы;купить боксерские перчатки rdx;0;0;
Боксерские перчатки и рукавицы;купить боксерские перчатки rdx;0;0;
Боксерские перчатки и рукавицы;купить боксерские перчатки ultimatum;0;0;
Боксерские перчатки и рукавицы;купить боксерские перчатки ultimatum;0;0;
Боксерские перчатки и рукавицы;купить боксерские перчатки ultimatum;0;0;
Боксерские перчатки и рукавицы;купить боксерские перчатки ultimatum со скидкой;0;0;
Боксерские перчатки и рукавицы;купить боксерские перчатки ultimatum со скидкой;0;0;
Боксерские перчатки и рукавицы;купить боксерские перчатки ultimatum со скидкой;0;0;
Боксерские перчатки и рукавицы;купить боксерские перчатки venum elite;0;0;
Боксерские перчатки и рукавицы;купить боксерские перчатки venum elite;0;0;
Боксерские перчатки и рукавицы;купить боксерские перчатки venum elite;0;0;
Боксерские перчатки и рукавицы;купить боксерские перчатки авито;0;0;
Боксерские перчатки и рукавицы;купить боксерские перчатки авито;0;0;
Боксерские перчатки и рукавицы;купить боксерские перчатки авито;0;0;
Боксерские перчатки и рукавицы;купить боксерские перчатки в барнауле;0;0;
Боксерские перчатки и рукавицы;купить боксерские перчатки в барнауле;0;0;
Боксерские перчатки и рукавицы;купить боксерские перчатки в барнауле;0;0;
Боксерские перчатки и рукавицы;купить боксерские перчатки в екатеринбурге;0;0;
Боксерские перчатки и рукавицы;купить боксерские перчатки в екатеринбурге;0;0;
Боксерские перчатки и рукавицы;купить боксерские перчатки в екатеринбурге;0;0;
Боксерские перчатки и рукавицы;купить боксерские перчатки в питере;0;0;
Боксерские перчатки и рукавицы;купить боксерские перчатки в питере;0;0;
Боксерские перчатки и рукавицы;купить боксерские перчатки в питере;0;0;
Боксерские перчатки и рукавицы;купить боксерские перчатки в спортмастере;0;0;
Боксерские перчатки и рукавицы;купить боксерские перчатки в спортмастере;0;0;
Боксерские перчатки и рукавицы;купить боксерские перчатки в спортмастере;0;0;
Боксерские перчатки и рукавицы;купить боксерские перчатки венум;0;0;
Боксерские перчатки и рукавицы;купить боксерские перчатки венум;0;0;
Боксерские перчатки и рукавицы;купить боксерские перчатки венум;0;0;
Боксерские перчатки и рукавицы;купить боксерские перчатки взрослые;0;0;
Боксерские перчатки и рукавицы;купить боксерские перчатки взрослые;0;0;
Боксерские перчатки и рукавицы;купить боксерские перчатки взрослые;0;0;
Боксерские перчатки и рукавицы;купить боксерские перчатки воронеж;0;0;
Боксерские перчатки и рукавицы;купить боксерские перчатки воронеж;0;0;
Боксерские перчатки и рукавицы;купить боксерские перчатки воронеж;0;0;
Боксерские перчатки и рукавицы;купить боксерские перчатки из натуральной кожи;0;0;
Боксерские перчатки и рукавицы;купить боксерские перчатки из натуральной кожи;0;0;
Боксерские перчатки и рукавицы;купить боксерские перчатки из натуральной кожи;0;0;
Боксерские перчатки и рукавицы;купить боксерские перчатки клето;0;0;
Боксерские перчатки и рукавицы;купить боксерские перчатки клето;0;0;
Боксерские перчатки и рукавицы;купить боксерские перчатки клето;0;0;
Боксерские перчатки и рукавицы;купить боксерские перчатки клинч;0;0;
Боксерские перчатки и рукавицы;купить боксерские перчатки клинч;0;0;
Боксерские перчатки и рукавицы;купить боксерские перчатки клинч;0;0;
Боксерские перчатки и рукавицы;купить боксерские перчатки клинч 10;0;0;
Боксерские перчатки и рукавицы;купить боксерские перчатки клинч 10;0;0;
Боксерские перчатки и рукавицы;купить боксерские перчатки клинч 10;0;0;
Боксерские перчатки и рукавицы;купить боксерские перчатки кожа;0;0;
Боксерские перчатки и рукавицы;купить боксерские перчатки кожа;0;0;
Боксерские перчатки и рукавицы;купить боксерские перчатки кожа;0;0;
Боксерские перчатки и рукавицы;купить боксерские перчатки лапы;0;0;
Боксерские перчатки и рукавицы;купить боксерские перчатки лапы;0;0;
Боксерские перчатки и рукавицы;купить боксерские перчатки лапы;0;0;
Боксерские перчатки и рукавицы;купить боксерские перчатки магазин;0;0;
Боксерские перчатки и рукавицы;купить боксерские перчатки магазин;0;0;
Боксерские перчатки и рукавицы;купить боксерские перчатки магазин;0;0;
Боксерские перчатки и рукавицы;купить боксерские перчатки оптом;0;0;
Боксерские перчатки и рукавицы;купить боксерские перчатки оптом;0;0;
Боксерские перчатки и рукавицы;купить боксерские перчатки оптом;0;0;
Боксерские перчатки и рукавицы;купить боксерские перчатки петропавловск камчатский;0;0;
Боксерские перчатки и рукавицы;купить боксерские перчатки петропавловск камчатский;0;0;
Боксерские перчатки и рукавицы;купить боксерские перчатки петропавловск камчатский;0;0;
Боксерские перчатки и рукавицы;купить боксерские перчатки твинс симферополь;0;0;
Боксерские перчатки и рукавицы;купить боксерские перчатки твинс симферополь;0;0;
Боксерские перчатки и рукавицы;купить боксерские перчатки твинс симферополь;0;0;
Боксерские перчатки и рукавицы;купить боксерские перчатки ульяновск;0;0;
Боксерские перчатки и рукавицы;купить боксерские перчатки ульяновск;0;0;
Боксерские перчатки и рукавицы;купить боксерские перчатки ульяновск;0;0;
Боксерские перчатки и рукавицы;купить боксерские перчатки цены;0;0;
Боксерские перчатки и рукавицы;купить боксерские перчатки цены;0;0;
Боксерские перчатки и рукавицы;купить боксерские перчатки цены;0;0;
Боксерские перчатки и рукавицы;купить боксерские перчатки чита;0;0;
Боксерские перчатки и рукавицы;купить боксерские перчатки чита;0;0;
Боксерские перчатки и рукавицы;купить боксерские перчатки чита;0;0;
Боксерские перчатки и рукавицы;купить боксерские тренировочные перчатки;0;0;
Боксерские перчатки и рукавицы;купить боксерские тренировочные перчатки;0;0;
Боксерские перчатки и рукавицы;купить боксерские тренировочные перчатки;0;0;
Боксерские перчатки и рукавицы;купить боксерскую перчатку в машину;0;0;
Боксерские перчатки и рукавицы;купить боксерскую перчатку в машину;0;0;
Боксерские перчатки и рукавицы;купить боксерскую перчатку в машину;0;0;
Боксерские перчатки и рукавицы;купить брелок боксерская перчатка;0;0;
Боксерские перчатки и рукавицы;купить брелок боксерская перчатка;0;0;
Боксерские перчатки и рукавицы;купить брелок боксерская перчатка;0;0;
Боксерские перчатки и рукавицы;купить детские перчатки для бокса;0;0;
Боксерские перчатки и рукавицы;купить детские перчатки для бокса;0;0;
Боксерские перчатки и рукавицы;купить детские перчатки для бокса;0;0;
Боксерские перчатки и рукавицы;купить детскую грушу для бокса и перчатки;0;0;
Боксерские перчатки и рукавицы;купить детскую грушу для бокса и перчатки;0;0;
Боксерские перчатки и рукавицы;купить детскую грушу для бокса и перчатки;0;0;
Боксерские перчатки и рукавицы;купить кожаные боксерские перчатки в москве;0;0;
Боксерские перчатки и рукавицы;купить кожаные боксерские перчатки в москве;0;0;
Боксерские перчатки и рукавицы;купить кожаные боксерские перчатки в москве;0;0;
Боксерские перчатки и рукавицы;купить лайковые боксерские перчатки;0;0;
Боксерские перчатки и рукавицы;купить лайковые боксерские перчатки;0;0;
Боксерские перчатки и рукавицы;купить лайковые боксерские перчатки;0;0;
Боксерские перчатки и рукавицы;купить оригинальные боксерские перчатки;0;0;
Боксерские перчатки и рукавицы;купить оригинальные боксерские перчатки;0;0;
Боксерские перчатки и рукавицы;купить оригинальные боксерские перчатки;0;0;
Боксерские перчатки и рукавицы;купить перчатки боксерские lonsdale winestone;0;0;
Боксерские перчатки и рукавицы;купить перчатки боксерские lonsdale winestone;0;0;
Боксерские перчатки и рукавицы;купить перчатки боксерские lonsdale winestone;0;0;
Боксерские перчатки и рукавицы;купить перчатки боксерские в пензе;0;0;
Боксерские перчатки и рукавицы;купить перчатки боксерские в пензе;0;0;
Боксерские перчатки и рукавицы;купить перчатки боксерские в пензе;0;0;
Боксерские перчатки и рукавицы;купить перчатки боксерские кибоши;0;0;
Боксерские перчатки и рукавицы;купить перчатки боксерские кибоши;0;0;
Боксерские перчатки и рукавицы;купить перчатки боксерские кибоши;0;0;
Боксерские перчатки и рукавицы;купить перчатки боксерские красные;0;0;
Боксерские перчатки и рукавицы;купить перчатки боксерские красные;0;0;
Боксерские перчатки и рукавицы;купить перчатки боксерские красные;0;0;
Боксерские перчатки и рукавицы;купить перчатки боксерские курск;0;0;
Боксерские перчатки и рукавицы;купить перчатки боксерские курск;0;0;
Боксерские перчатки и рукавицы;купить перчатки боксерские курск;0;0;
Боксерские перчатки и рукавицы;купить перчатки боксерские луганск;0;0;
Боксерские перчатки и рукавицы;купить перчатки боксерские луганск;0;0;
Боксерские перчатки и рукавицы;купить перчатки боксерские луганск;0;0;
Боксерские перчатки и рукавицы;купить перчатки боксерские мужские;0;0;
Боксерские перчатки и рукавицы;купить перчатки боксерские мужские;0;0;
Боксерские перчатки и рукавицы;купить перчатки боксерские мужские;0;0;
Боксерские перчатки и рукавицы;купить перчатки боксерские на зеркало автомобиля;0;0;
Боксерские перчатки и рукавицы;купить перчатки боксерские на зеркало автомобиля;0;0;
Боксерские перчатки и рукавицы;купить перчатки боксерские на зеркало автомобиля;0;0;
Боксерские перчатки и рукавицы;купить перчатки для бокса 12 унций;0;0;
Боксерские перчатки и рукавицы;купить перчатки для бокса 16 унций;0;0;
Боксерские перчатки и рукавицы;купить перчатки для бокса гринхилл;0;0;
Боксерские перчатки и рукавицы;купить перчатки для бокса дешево;0;0;
Боксерские перчатки и рукавицы;купить перчатки для бокса на липучке;0;0;
Боксерские перчатки и рукавицы;купить перчатки для бокса оптом;0;0;
Боксерские перчатки и рукавицы;купить перчатки для бокса тяжелые;0;0;
Боксерские перчатки и рукавицы;купить перчатки для кикбоксинга;0;0;
Боксерские перчатки и рукавицы;купить перчатки для кикбоксинга;0;0;
Боксерские перчатки и рукавицы;купить перчатки для кикбоксинга;0;0;
Боксерские перчатки и рукавицы;купить пряники в виде боксерских перчаток;0;0;
Боксерские перчатки и рукавицы;купить пряники в виде боксерских перчаток;0;0;
Боксерские перчатки и рукавицы;купить пряники в виде боксерских перчаток;0;0;
Боксерские перчатки и рукавицы;куплю боксерские перчатки 10 унций;0;0;
Боксерские перчатки и рукавицы;куплю боксерские перчатки 10 унций;0;0;
Боксерские перчатки и рукавицы;куплю боксерские перчатки 10 унций;0;0;
Боксерские перчатки и рукавицы;куплю бу боксерские перчатки;0;0;
Боксерские перчатки и рукавицы;куплю бу боксерские перчатки;0;0;
Боксерские перчатки и рукавицы;куплю бу боксерские перчатки;0;0;
Боксерские перчатки и рукавицы;лучшие боксерские перчатки 2024;0;0;
Боксерские перчатки и рукавицы;лучшие боксерские перчатки для новичка;0;0;
Боксерские перчатки и рукавицы;лучшие боксерские перчатки для новичка;0;0;
Боксерские перчатки и рукавицы;лучшие боксерские перчатки для новичка;0;0;
Боксерские перчатки и рукавицы;лучшие перчатки для тайского бокса;0;0;
Боксерские перчатки и рукавицы;лучшие перчатки для тайского бокса;0;0;
Боксерские перчатки и рукавицы;лучшие перчатки для тайского бокса;0;0;
Боксерские перчатки и рукавицы;омск купить боксерские перчатки;0;0;
Боксерские перчатки и рукавицы;омск купить боксерские перчатки;0;0;
Боксерские перчатки и рукавицы;омск купить боксерские перчатки;0;0;
Боксерские перчатки и рукавицы;перстень боксерская перчатка купить;0;0;
Боксерские перчатки и рукавицы;перстень боксерская перчатка купить;0;0;
Боксерские перчатки и рукавицы;перстень боксерская перчатка купить;0;0;
Боксерские перчатки и рукавицы;перчатки grant боксерские купить оригинал;0;0;
Боксерские перчатки и рукавицы;перчатки grant боксерские купить оригинал;0;0;
Боксерские перчатки и рукавицы;перчатки grant боксерские купить оригинал;0;0;
Боксерские перчатки и рукавицы;перчатки green hill боксерские 12 унций купить;0;0;
Боксерские перчатки и рукавицы;перчатки green hill боксерские 12 унций купить;0;0;
Боксерские перчатки и рукавицы;перчатки green hill боксерские 12 унций купить;0;0;
Боксерские перчатки и рукавицы;перчатки боксерские 10 унций купить ярославль;0;0;
Боксерские перчатки и рукавицы;перчатки боксерские 10 унций купить ярославль;0;0;
Боксерские перчатки и рукавицы;перчатки боксерские 10 унций купить ярославль;0;0;
Боксерские перчатки и рукавицы;перчатки боксерские 14 унций купить;0;0;
Боксерские перчатки и рукавицы;перчатки боксерские 14 унций купить;0;0;
Боксерские перчатки и рукавицы;перчатки боксерские 14 унций купить;0;0;
Боксерские перчатки и рукавицы;перчатки боксерские 8 купить;0;0;
Боксерские перчатки и рукавицы;перчатки боксерские 8 купить;0;0;
Боксерские перчатки и рукавицы;перчатки боксерские 8 купить;0;0;
Боксерские перчатки и рукавицы;перчатки боксерские 8 унций купить;0;0;
Боксерские перчатки и рукавицы;перчатки боксерские 8 унций купить;0;0;
Боксерские перчатки и рукавицы;перчатки боксерские 8 унций купить;0;0;
Боксерские перчатки и рукавицы;перчатки боксерские jic купить;0;0;
Боксерские перчатки и рукавицы;перчатки боксерские jic купить;0;0;
Боксерские перчатки и рукавицы;перчатки боксерские jic купить;0;0;
Боксерские перчатки и рукавицы;перчатки боксерские venum hammer купить;0;0;
Боксерские перчатки и рукавицы;перчатки боксерские venum hammer купить;0;0;
Боксерские перчатки и рукавицы;перчатки боксерские venum hammer купить;0;0;
Боксерские перчатки и рукавицы;перчатки боксерские венум купить в авито;0;0;
Боксерские перчатки и рукавицы;перчатки боксерские венум купить в авито;0;0;
Боксерские перчатки и рукавицы;перчатки боксерские венум купить в авито;0;0;
Боксерские перчатки и рукавицы;перчатки боксерские купить 10;0;0;
Боксерские перчатки и рукавицы;перчатки боксерские купить 10;0;0;
Боксерские перчатки и рукавицы;перчатки боксерские купить 10;0;0;
Боксерские перчатки и рукавицы;перчатки боксерские купить в челябинске;0;0;
Боксерские перчатки и рукавицы;перчатки боксерские купить в челябинске;0;0;
Боксерские перчатки и рукавицы;перчатки боксерские купить в челябинске;0;0;
Боксерские перчатки и рукавицы;перчатки боксерские купить детям;0;0;
Боксерские перчатки и рукавицы;перчатки боксерские купить детям;0;0;
Боксерские перчатки и рукавицы;перчатки боксерские купить детям;0;0;
Боксерские перчатки и рукавицы;перчатки боксерские оригинал купить;0;0;
Боксерские перчатки и рукавицы;перчатки боксерские оригинал купить;0;0;
Боксерские перчатки и рукавицы;перчатки боксерские оригинал купить;0;0;
Боксерские перчатки и рукавицы;перчатки боксерские сургут купить;0;0;
Боксерские перчатки и рукавицы;перчатки боксерские сургут купить;0;0;
Боксерские перчатки и рукавицы;перчатки боксерские сургут купить;0;0;
Боксерские перчатки и рукавицы;перчатки для ММА открытые;0;0;
Боксерские перчатки и рукавицы;перчатки для бокса 10 унций;0;0;
Боксерские перчатки и рукавицы;перчатки для бокса 10 унций детские;0;0;
Боксерские перчатки и рукавицы;перчатки для бокса 10 унций детские;0;0;
Боксерские перчатки и рукавицы;перчатки для бокса 10 унций детские;0;0;
Боксерские перчатки и рукавицы;перчатки для бокса 12 унций;0;0;
Боксерские перчатки и рукавицы;перчатки для бокса 8 унций;0;0;
Боксерские перчатки и рукавицы;перчатки для бокса аматуер;0;0;
Боксерские перчатки и рукавицы;перчатки для бокса аматуерские;0;0;
Боксерские перчатки и рукавицы;перчатки для бокса бенево;0;0;
Боксерские перчатки и рукавицы;перчатки для бокса детские красные 4 унции;0;0;
Боксерские перчатки и рукавицы;перчатки для бокса детские красные 4 унции;0;0;
Боксерские перчатки и рукавицы;перчатки для бокса детские красные 4 унции;0;0;
Боксерские перчатки и рукавицы;перчатки для бокса классик;0;0;
Боксерские перчатки и рукавицы;перчатки для бокса легкие;0;0;
Боксерские перчатки и рукавицы;перчатки для бокса оптом;0;0;
Боксерские перчатки и рукавицы;перчатки для бокса рдх;0;0;
Боксерские перчатки и рукавицы;перчатки для бокса с амортизацией;0;0;
Боксерские перчатки и рукавицы;перчатки для бокса с амортизацией;0;0;
Боксерские перчатки и рукавицы;перчатки для бокса с вентозалами;0;0;
Боксерские перчатки и рукавицы;перчатки для бокса с завязками;0;0;
Боксерские перчатки и рукавицы;перчатки для бокса с логотипом;0;0;
Боксерские перчатки и рукавицы;перчатки для бокса соревнования;0;0;
Боксерские перчатки и рукавицы;перчатки для бокса топ тен;0;0;
Боксерские перчатки и рукавицы;перчатки для бокса топ тен;0;0;
Боксерские перчатки и рукавицы;перчатки для бокса фэйртекс;0;0;
Боксерские перчатки и рукавицы;перчатки для бокса шнуровка;0;0;
Боксерские перчатки и рукавицы;перчатки для бокса эверласт;0;0;
Боксерские перчатки и рукавицы;перчатки для бокса эверласт;0;0;
Боксерские перчатки и рукавицы;перчатки для бокса эластичные;0;0;
Боксерские перчатки и рукавицы;перчатки для бокса юксу;0;0;
Боксерские перчатки и рукавицы;перчатки для бокса юниорские;0;0;
Боксерские перчатки и рукавицы;перчатки для кикбоксинга купить;0;0;
Боксерские перчатки и рукавицы;перчатки для кикбоксинга купить;0;0;
Боксерские перчатки и рукавицы;перчатки для кикбоксинга купить;0;0;
Боксерские перчатки и рукавицы;перчатки для мешка бокс;0;0;
Боксерские перчатки и рукавицы;перчатки для мма и бокса;0;0;
Боксерские перчатки и рукавицы;перчатки для мма с открытыми пальцами;0;0;
Боксерские перчатки и рукавицы;перчатки для мма с открытыми пальцами;0;0;
Боксерские перчатки и рукавицы;перчатки для мма с открытыми пальцами;0;0;
Боксерские перчатки и рукавицы;перчатки для работы на груше;0;0;
Боксерские перчатки и рукавицы;перчатки для спарринга 14 унц;0;0;
Боксерские перчатки и рукавицы;перчатки для спаррингов 14 унций;0;0;
Боксерские перчатки и рукавицы;перчатки для спаррингов 16 унций;0;0;
Боксерские перчатки и рукавицы;перчатки для спаррингов 16 унций;0;0;
Боксерские перчатки и рукавицы;перчатки для спаррингов 16 унций;0;0;
Боксерские перчатки и рукавицы;перчатки для тайского бокса reyvel;0;0;
Боксерские перчатки и рукавицы;перчатки для тайского бокса reyvel;0;0;
Боксерские перчатки и рукавицы;перчатки для тайского бокса reyvel;0;0;
Боксерские перчатки и рукавицы;перчатки для тайского бокса twins;0;0;
Боксерские перчатки и рукавицы;перчатки для тайского бокса twins;0;0;
Боксерские перчатки и рукавицы;перчатки для тайского бокса twins;0;0;
Боксерские перчатки и рукавицы;перчатки для тайского бокса детские какие выбрать;0;0;
Боксерские перчатки и рукавицы;перчатки для тайского бокса детские какие выбрать;0;0;
Боксерские перчатки и рукавицы;перчатки для тайского бокса детские какие выбрать;0;0;
Боксерские перчатки и рукавицы;перчатки для тайского бокса отличие от боксерских;0;0;
Боксерские перчатки и рукавицы;перчатки для тайского бокса отличие от боксерских;0;0;
Боксерские перчатки и рукавицы;перчатки для тайского бокса отличие от боксерских;0;0;
Боксерские перчатки и рукавицы;перчатки для тайского бокса фото;0;0;
Боксерские перчатки и рукавицы;перчатки для тайского бокса фото;0;0;
Боксерские перчатки и рукавицы;перчатки для тайского бокса фото;0;0;
Боксерские перчатки и рукавицы;перчатки для тайского бокса чем отличаются;0;0;
Боксерские перчатки и рукавицы;перчатки для тайского бокса чем отличаются;0;0;
Боксерские перчатки и рукавицы;перчатки для тайского бокса чем отличаются;0;0;
Боксерские перчатки и рукавицы;перчатки для тяжелых весов;0;0;
Боксерские перчатки и рукавицы;перчатки для фитнес бокса;0;0;
Боксерские перчатки и рукавицы;перчатки и боксерские подростковые адидас купить;0;0;
Боксерские перчатки и рукавицы;перчатки и боксерские подростковые адидас купить;0;0;
Боксерские перчатки и рукавицы;перчатки и боксерские подростковые адидас купить;0;0;
Боксерские перчатки и рукавицы;перчатки на шнуровке бокс;0;0;
Боксерские перчатки и рукавицы;перчатки премиум класс бокс;0;0;
Боксерские перчатки и рукавицы;перчатки рейс боксерские купить;0;0;
Боксерские перчатки и рукавицы;перчатки рейс боксерские купить;0;0;
Боксерские перчатки и рукавицы;перчатки рейс боксерские купить;0;0;
Боксерские перчатки и рукавицы;перчатки ривал боксерские купить;0;0;
Боксерские перчатки и рукавицы;перчатки ривал боксерские купить;0;0;
Боксерские перчатки и рукавицы;перчатки ривал боксерские купить;0;0;
Боксерские перчатки и рукавицы;перчатки с вентиляцией бокс;0;0;
Боксерские перчатки и рукавицы;перчатки с вेलкром бокс;0;0;
Боксерские перчатки и рукавицы;покажи фотки детских перчаток для бокса;0;0;
Боксерские перчатки и рукавицы;покажи фотки детских перчаток для бокса;0;0;
Боксерские перчатки и рукавицы;покажи фотки детских перчаток для бокса;0;0;
Боксерские перчатки и рукавицы;профессиональные боксерские перчатки no boxing no life;0;0;
Боксерские перчатки и рукавицы;профессиональные боксерские перчатки no boxing no life;0;0;
Боксерские перчатки и рукавицы;профессиональные боксерские перчатки no boxing no life;0;0;
Боксерские перчатки и рукавицы;профессиональные боксерские перчатки купить;0;0;
Боксерские перчатки и рукавицы;профессиональные боксерские перчатки купить;0;0;
Боксерские перчатки и рукавицы;профессиональные боксерские перчатки купить;0;0;
Боксерские перчатки и рукавицы;профессиональные перчатки для бокса;0;0;
Боксерские перчатки и рукавицы;размеры детских перчаток для бокса;0;0;
Боксерские перчатки и рукавицы;размеры детских перчаток для бокса;0;0;
Боксерские перчатки и рукавицы;размеры детских перчаток для бокса;0;0;
Боксерские перчатки и рукавицы;размеры перчаток для тайского бокса;0;0;
Боксерские перчатки и рукавицы;размеры перчаток для тайского бокса;0;0;
Боксерские перчатки и рукавицы;размеры перчаток для тайского бокса;0;0;
Боксерские перчатки и рукавицы;рукавицы для работы на груше;0;0;
Боксерские перчатки и рукавицы;рукавицы нике для бокса;0;0;
Боксерские перчатки и рукавицы;рукавицы тренировочные бокс;0;0;
Боксерские перчатки и рукавицы;сколько унций перчатки для тайского бокса;0;0;
Боксерские перчатки и рукавицы;сколько унций перчатки для тайского бокса;0;0;
Боксерские перчатки и рукавицы;сколько унций перчатки для тайского бокса;0;0;
Боксерские перчатки и рукавицы;снарядные перчатки боксерские фирмы тайтл купить;0;0;
Боксерские перчатки и рукавицы;снарядные перчатки боксерские фирмы тайтл купить;0;0;
Боксерские перчатки и рукавицы;снарядные перчатки боксерские фирмы тайтл купить;0;0;
Боксерские перчатки и рукавицы;советские боксерские перчатки купить;0;0;
Боксерские перчатки и рукавицы;советские боксерские перчатки купить;0;0;
Боксерские перчатки и рукавицы;советские боксерские перчатки купить;0;0;
Боксерские перчатки и рукавицы;соревновательные перчатки бокс;0;0;
Боксерские перчатки и рукавицы;соревновательные рукавицы 10 унц;0;0;
Боксерские перчатки и рукавицы;спарринговые перчатки заказать;0;0;
Боксерские перчатки и рукавицы;тайский бокс перчатки для девочек;0;0;
Боксерские перчатки и рукавицы;тайский бокс перчатки для девочек;0;0;
Боксерские перчатки и рукавицы;тайский бокс перчатки для девочек;0;0;
Боксерские перчатки и рукавицы;тренировочные рукавицы 12 унций;0;0;
Боксерские перчатки и рукавицы;черные перчатки для кикбоксинга купить;0;0;
Боксерские перчатки и рукавицы;черные перчатки для кикбоксинга купить;0;0;
Боксерские перчатки и рукавицы;черные перчатки для кикбоксинга купить;0;0;
Защитное снаряжение для единоборств;купить детский бандаж;27;0;Детские бандажи
Защитное снаряжение для единоборств;для бокса экипировка;19;0;
Защитное снаряжение для единоборств;для бокса экипировка;19;0;
Защитное снаряжение для единоборств;для бокса экипировка;19;0;Одежда и экипировка
Защитное снаряжение для единоборств;боксерский шлем купить;12;0;
Защитное снаряжение для единоборств;боксерский шлем купить;12;0;Боксерские шлемы
Защитное снаряжение для единоборств;купить боксерский шлем;12;0;
Защитное снаряжение для единоборств;купить боксерский шлем;12;0;Боксерские шлемы
Защитное снаряжение для единоборств;купить детский бандаж для руки;8;0;Детские бандажи
Защитное снаряжение для единоборств;бандаж косынка детская купить;7;0;Детские бандажи
Защитное снаряжение для единоборств;бандаж косынка для руки детский купить;7;0;Детские бандажи
Защитное снаряжение для единоборств;бинт перчатка для бокса;4;0;
Защитное снаряжение для единоборств;бинт перчатка для бокса;4;0;Бинты и защита
Защитное снаряжение для единоборств;боксерки для бокса женские;4;0;
Защитное снаряжение для единоборств;боксерки для бокса женские;4;0;Обувь и аксессуары
Защитное снаряжение для единоборств;бинты под перчатки для бокса;3;0;
Защитное снаряжение для единоборств;бинты под перчатки для бокса;3;0;Бинты и защита
Защитное снаряжение для единоборств;перчатки под перчатки для бокса;3;0;
Защитное снаряжение для единоборств;перчатки под перчатки для бокса;3;0;Бинты и защита
Защитное снаряжение для единоборств;голеностоп бандаж детский купить;2;0;Детские бандажи
Защитное снаряжение для единоборств;защита для голени и стоп;2;0;
Защитное снаряжение для единоборств;защита для голени и стоп;2;0;Защита стоп
Защитное снаряжение для единоборств;защита для голени и стопы;2;0;
Защитное снаряжение для единоборств;защита для голени и стопы;2;0;Защита голени
Защитное снаряжение для единоборств;носки для бокса;2;0;Обувь и аксессуары
Защитное снаряжение для единоборств;обувь для бокса женская;2;0;
Защитное снаряжение для единоборств;обувь для бокса женская;2;0;Обувь и аксессуары
Защитное снаряжение для единоборств;обувь для самбо;2;0;Обувь и аксессуары
Защитное снаряжение для единоборств;перчатки вместо бинтов для бокса;2;0;
Защитное снаряжение для единоборств;перчатки вместо бинтов для бокса;2;0;Бинты и защита
Защитное снаряжение для единоборств;детская защита для бокса;1;0;
Защитное снаряжение для единоборств;детская защита для бокса;1;0;Бинты и защита
Защитное снаряжение для единоборств;для защиты зубов бокс;1;0;
Защитное снаряжение для единоборств;для защиты зубов бокс;1;0;Защита зубов
Защитное снаряжение для единоборств;защита голени для мма;1;0;
Защитное снаряжение для единоборств;защита голени для мма;1;0;Защита голени
Защитное снаряжение для единоборств;защита голени и стопы для каратэ;1;0;
Защитное снаряжение для единоборств;защита голени и стопы для каратэ;1;0;Защита голени
Защитное снаряжение для единоборств;защита для зубов бокс;1;0;
Защитное снаряжение для единоборств;защита для зубов бокс;1;0;Защита зубов
Защитное снаряжение для единоборств;защита для зубов бокс;1;0;Защита зубов
Защитное снаряжение для единоборств;защита для ушей борьба;1;0;
Защитное снаряжение для единоборств;защита для ушей борьба;1;0;Защита ушей
Защитное снаряжение для единоборств;защита для ушей борьба;1;0;Защита ушей
Защитное снаряжение для единоборств;защита ушей для борьбы;1;0;
Защитное снаряжение для единоборств;защита ушей для борьбы;1;0;Защита ушей
Защитное снаряжение для единоборств;как называется защита для зубов в боксе;1;0;
Защитное снаряжение для единоборств;как называется защита для зубов в боксе;1;0;Защита зубов
Защитное снаряжение для единоборств;купить бандаж плечевого сустава детский;1;0;Детские бандажи
Защитное снаряжение для единоборств;купить обувь для самбо;1;0;Обувь и аксессуары
Защитное снаряжение для единоборств;накладки на кисти рук;1;0;Накладки на кисти
Защитное снаряжение для единоборств;носки для бокса как называются;1;0;Обувь и аксессуары
Защитное снаряжение для единоборств;носки для тайского бокса;1;0;
Защитное снаряжение для единоборств;шлем для бокса детский;1;0;
Защитное снаряжение для единоборств;шлем для бокса детский;1;0;Детские боксерские шлемы
Защитное снаряжение для единоборств;шлем для бокса детский;1;0;
Защитное снаряжение для единоборств;шлем для бокса детский;1;0;Бинты и защита
Защитное снаряжение для единоборств;шлем для детского бокса;1;0;
Защитное снаряжение для единоборств;шлем для детского бокса;1;0;Детские боксерские шлемы
Защитное снаряжение для единоборств;щитки для защиты голени и стопы;1;0;
Защитное снаряжение для единоборств;щитки для защиты голени и стопы;1;0;Защита стоп
Защитное снаряжение для единоборств;winning шлем боксерский купить;0;0;
Защитное снаряжение для единоборств;боксерская капсула детская;0;0;
Защитное снаряжение для единоборств;боксерские бандажи эластичные;0;0;
Защитное снаряжение для единоборств;боксерские перчатки с защитой;0;0;
Защитное снаряжение для единоборств;боксерский мауэр защитный;0;0;
Защитное снаряжение для единоборств;боксерский нагрудник;0;0;
Защитное снаряжение для единоборств;боксерский шлем грин хилл купить;0;0;
Защитное снаряжение для единоборств;боксерский шлем кожаный;0;0;
Защитное снаряжение для единоборств;боксерский шлем с бампером купить;0;0;
Защитное снаряжение для единоборств;боксерский шлем с защитой носа купить;0;0;
Защитное снаряжение для единоборств;гибридный шлем для спаррингов;0;0;
Защитное снаряжение для единоборств;головешник для борьбы;0;0;
Защитное снаряжение для единоборств;головешник для дзюдо;0;0;
Защитное снаряжение для единоборств;головешник для самбо;0;0;
Защитное снаряжение для единоборств;детские наколенники профессиональные для прыжков на самокате;0;0;
Защитное снаряжение для единоборств;защита голени и стопы для единоборств;0;0;
Защитное снаряжение для единоборств;защита голени и стопы для кикбоксинга;0;0;
Защитное снаряжение для единоборств;защита для груди бокс;0;0;
Защитное снаряжение для единоборств;защита для груди женщины;0;0;
Защитное снаряжение для единоборств;защита для лодыжек единоборства;0;0;
Защитное снаряжение для единоборств;защита для локтей мма;0;0;
Защитное снаряжение для единоборств;защита для носа бокс;0;0;
Защитное снаряжение для единоборств;защита для паха бокс;0;0;
Защитное снаряжение для единоборств;защита для плеч бокс;0;0;
Защитное снаряжение для единоборств;защита для ребер бокс;0;0;
Защитное снаряжение для единоборств;защита для ребер бокс;0;0;
Защитное снаряжение для единоборств;защита для щиколотки;0;0;
Защитное снаряжение для единоборств;защита для щиколоток;0;0;
Защитное снаряжение для единоборств;защита запястий для бокса;0;0;
Защитное снаряжение для единоборств;защита локтя для единоборств;0;0;
Защитное снаряжение для единоборств;защита паха для бокса;0;0;
Защитное снаряжение для единоборств;защита паха для подростка для бокса;0;0;
Защитное снаряжение для единоборств;защита паха для тайского бокса;0;0;
Защитное снаряжение для единоборств;защита щек и подбородка;0;0;
Защитное снаряжение для единоборств;защитные носки для обуви;0;0;
Защитное снаряжение для единоборств;защитные перчатки для спаррингов;0;0;
Защитное снаряжение для единоборств;защитные щитки для предплечья тактические;0;0;
Защитное снаряжение для единоборств;защитный костюм для бокса;0;0;
Защитное снаряжение для единоборств;защитный шлем для бокса купить;0;0;
Защитное снаряжение для единоборств;зубная накладка боксерская;0;0;
Защитное снаряжение для единоборств;зубная накладка двухслойная;0;0;
Защитное снаряжение для единоборств;зубная накладка термоформируемая;0;0;
Защитное снаряжение для единоборств;как выбрать сбд наколенники для соревнований;0;0;
Защитное снаряжение для единоборств;как правильно выбрать профессиональные строительные наколенники;0;0;
Защитное снаряжение для единоборств;как стирать неопреновые наколенники;0;0;
Защитное снаряжение для единоборств;какие выбрать наколенники для пауэрлифтинга для соревнований;0;0;
Защитное снаряжение для единоборств;какой шлем выбрать для тайского бокса;0;0;
Защитное снаряжение для единоборств;капсула для бокса мужская;0;0;
Защитное снаряжение для единоборств;комплект защитного снаряжения;0;0;
Защитное снаряжение для единоборств;комплект защитного снаряжения oxycrew e28180 20 006;0;0;
Защитное снаряжение для единоборств;котелок для греко-римской борьбы;0;0;
Защитное снаряжение для единоборств;котелок для единоборств;0;0;
Защитное снаряжение для единоборств;котелок для соревнований;0;0;
Защитное снаряжение для единоборств;котелок мужской спортивный;0;0;
Защитное снаряжение для единоборств;куангми профессиональный наколенник;0;0;
Защитное снаряжение для единоборств;куангми профессиональный наколенник для спорта;0;0;
Защитное снаряжение для единоборств;купить боди для дзюдо;0;0;
Защитное снаряжение для единоборств;купить боди для самбо;0;0;
Защитное снаряжение для единоборств;купить боди для спаррингов;0;0;
Защитное снаряжение для единоборств;купить боди для тайского бокса;0;0;
Защитное снаряжение для единоборств;купить боксерский шлем green hill;0;0;
Защитное снаряжение для единоборств;купить боксерский шлем lead boxing;0;0;
Защитное снаряжение для единоборств;купить боксерский шлем venum;0;0;
Защитное снаряжение для единоборств;купить боксерский шлем в уфе;0;0;
Защитное снаряжение для единоборств;купить боксерский шлем лидер;0;0;
Защитное снаряжение для единоборств;купить боксерский шлем оригинал;0;0;
Защитное снаряжение для единоборств;купить боксерский шлем с бампером ultimatum;0;0;
Защитное снаряжение для единоборств;купить детский боксерский шлем;0;0;
Защитное снаряжение для единоборств;купить защиту на зубы для бокса;0;0;
Защитное снаряжение для единоборств;купить шлем для бокса детский;0;0;
Защитное снаряжение для единоборств;купить шлем для бокса закрытый;0;0;
Защитное снаряжение для единоборств;купить шлем для кикбоксинга;0;0;
Защитное снаряжение для единоборств;купить шлем для мма открытый;0;0;
Защитное снаряжение для единоборств;купить шлем для самбо;0;0;
Защитное снаряжение для единоборств;локотьи для ММА купить;0;0;
Защитное снаряжение для единоборств;локотьи для самбо;0;0;
Защитное снаряжение для единоборств;локотьи для тайского бокса;0;0;
Защитное снаряжение для единоборств;лучшие профессиональные наколенники;0;0;
Защитное снаряжение для единоборств;лучшие профессиональные строительные наколенники;0;0;
Защитное снаряжение для единоборств;лучший шлем для тайского бокса;0;0;
Защитное снаряжение для единоборств;нагрудная защита для женщин;0;0;
Защитное снаряжение для единоборств;нагрудная пластина для таеквондо;0;0;
Защитное снаряжение для единоборств;нагрудник боксерский цена;0;0;
Защитное снаряжение для единоборств;нагрудник детский для бокса;0;0;
Защитное снаряжение для единоборств;нагрудник для бокса;0;0;
Защитное снаряжение для единоборств;нагрудник для детей бокс;0;0;
Защитное снаряжение для единоборств;нагрудник для женщин бокс;0;0;
Защитное снаряжение для единоборств;нагрудник для соревнований;0;0;
Защитное снаряжение для единоборств;нагрудник для тренировок;0;0;
Защитное снаряжение для единоборств;нагрудник для фристайла;0;0;
Защитное снаряжение для единоборств;нагрудник женский для бокса;0;0;
Защитное снаряжение для единоборств;накладки на лодыжки;0;0;
Защитное снаряжение для единоборств;накладки на предплечья;0;0;
Защитное снаряжение для единоборств;наколенник неопреновый с ограничивающим кольцом;0;0;
Защитное снаряжение для единоборств;наколенник с фиксацией для борьбы;0;0;
Защитное снаряжение для единоборств;наколенники большие строительные профессиональные;0;0;
Защитное снаряжение для единоборств;наколенники волейбольные профессиональные;0;0;
Защитное снаряжение для единоборств;наколенники гелевые для единоборств;0;0;
Защитное снаряжение для единоборств;наколенники для борьбы;0;0;
Защитное снаряжение для единоборств;наколенники для борьбы;0;0;
Защитное снаряжение для единоборств;наколенники для борьбы детские;0;0;
Защитное снаряжение для единоборств;наколенники для вольной борьбы;0;0;
Защитное снаряжение для единоборств;наколенники для гандбола профессиональные;0;0;
Защитное снаряжение для единоборств;наколенники для грапплинга;0;0;
Защитное снаряжение для единоборств;наколенники для единоборств;0;0;
Защитное снаряжение для единоборств;наколенники для кюкюшинкая;0;0;
Защитное снаряжение для единоборств;наколенники для мма тренировки;0;0;
Защитное снаряжение для единоборств;наколенники для плиточника профессиональные;0;0;
Защитное снаряжение для единоборств;наколенники для работы на коленях профессиональные;0;0;
Защитное снаряжение для единоборств;наколенники для ребенка 7 лет для самбо;0;0;
Защитное снаряжение для единоборств;наколенники для самбо;0;0;
Защитное снаряжение для единоборств;наколенники для самбо детские;0;0;
Защитное снаряжение для единоборств;наколенники для самбо чтобы не стирались колени;0;0;
Защитное снаряжение для единоборств;наколенники для соревнований;0;0;
Защитное снаряжение для единоборств;наколенники защитные профессиональные нзп 02 термостойкие;0;0;
Защитное снаряжение для единоборств;наколенники неопреновые;0;0;
Защитное снаряжение для единоборств;наколенники неопреновые для сада;0;0;
Защитное снаряжение для единоборств;наколенники профессиональные для работы на твердых поверхностях;0;0;
Защитное снаряжение для единоборств;наколенники профессиональные термостойкие;0;0;
Защитное снаряжение для единоборств;наколенники строительные профессиональные крафтул;0;0;
Защитное снаряжение для единоборств;наколенники строительные профессиональные купить на озон;0;0;
Защитное снаряжение для единоборств;наколенники строительные профессиональные лазить по стропилам;0;0;
Защитное снаряжение для единоборств;наколенники строительные профессиональные рейтинг;0;0;
Защитное снаряжение для единоборств;наколенники строительные профессиональные рейтинг лучших;0;0;
Защитное снаряжение для единоборств;нарукавные щитки для блоков;0;0;
Защитное снаряжение для единоборств;наручники для бокса;0;0;
Защитное снаряжение для единоборств;наручники для кикбоксинга;0;0;
Защитное снаряжение для единоборств;неопреновые наколенники;0;0;
Защитное снаряжение для единоборств;неопреновые наколенники для пауэрлифтинга;0;0;
Защитное снаряжение для единоборств;неопреновые наколенники для серфинга;0;0;
Защитное снаряжение для единоборств;неопреновый наколенник детский ортопедический;0;0;
Защитное снаряжение для единоборств;неопреновый наколенник купить;0;0;
Защитное снаряжение для единоборств;неопреновый наколенник с кольцом;0;0;
Защитное снаряжение для единоборств;ноговые щитки для мма;0;0;
Защитное снаряжение для единоборств;ноговые щитки для самбо;0;0;
Защитное снаряжение для единоборств;ноговые щитки для соревнований;0;0;
Защитное снаряжение для единоборств;ноговые щитки для тайского бокса;0;0;
Защитное снаряжение для единоборств;ноговые щитки кожаные;0;0;
Защитное снаряжение для единоборств;ноголодычки для единоборств;0;0;
Защитное снаряжение для единоборств;ноголодычки для спаррингов;0;0;
Защитное снаряжение для единоборств;ноголодычки кожаные про;0;0;
Защитное снаряжение для единоборств;ноголодычки с подколенниками;0;0;
Защитное снаряжение для единоборств;ортопедическое кольцо для защиты чашечки на щиколотке;0;0;
Защитное снаряжение для единоборств;открытый шлем для бокса;0;0;
Защитное снаряжение для единоборств;профессиональные наколенники для танцев;0;0;
Защитное снаряжение для единоборств;профессиональные спортивные наколенники;0;0;
Защитное снаряжение для единоборств;профессиональный наколенник для спорта;0;0;
Защитное снаряжение для единоборств;хорошие дорогие шлемы для тайского бокса;0;0;
Защитное снаряжение для единоборств;шлем боксерский для спаррингов;0;0;
Защитное снаряжение для единоборств;шлем боксерский кожаный;0;0;
Защитное снаряжение для единоборств;шлем боксерский купить спб;0;0;
Защитное снаряжение для единоборств;шлем детский для бокса розовый;0;0;
Защитное снаряжение для единоборств;шлем для боевого самбо купить;0;0;
Защитное снаряжение для единоборств;шлем для бокса с защитой носа;0;0;
Защитное снаряжение для единоборств;шлем для бокса с защитой носа бампер;0;0;
Защитное снаряжение для единоборств;шлем для бокса с защитой щеки;0;0;
Защитное снаряжение для единоборств;шлем для бокса с лучшей защитой носа;0;0;
Защитное снаряжение для единоборств;шлем для единоборств топ;0;0;
Защитное снаряжение для единоборств;шлем для защиты ушей в борьбе;0;0;
Защитное снаряжение для единоборств;шлем для кикбоксинга купить;0;0;
Защитное снаряжение для единоборств;шлем для кикбоксинга про;0;0;
Защитное снаряжение для единоборств;шлем для спаррингов;0;0;
Защитное снаряжение для единоборств;шлем для спаррингов похожий на спартанский шлем;0;0;
Защитное снаряжение для единоборств;шлем для тайского бокса;0;0;
Защитное снаряжение для единоборств;шлем для тайского бокса купить;0;0;
Защитное снаряжение для единоборств;шлем кожаный для тайского бокса купить;0;0;
Защитное снаряжение для единоборств;шлем открытый для бокса;0;0;
Защитное снаряжение для единоборств;шлем с защитой щек;0;0;
Защитное снаряжение для единоборств;шлем с носовой перекладиной;0;0;
Защитное снаряжение для единоборств;шлем твинс для тайского бокса;0;0;
Защитное снаряжение для единоборств;шлемы для самбо купить;0;0;
Защитное снаряжение для единоборств;щит для бедер бокс;0;0;
Защитное снаряжение для единоборств;щит для головы бокс;0;0;
Защитное снаряжение для единоборств;щит для головы детский;0;0;
Защитное снаряжение для единоборств;щит для головы с щитком;0;0;
Защитное снаряжение для единоборств;щитки для голени карате;0;0;
Защитное снаряжение для единоборств;щитки для коленей борьба;0;0;
Защитное снаряжение для единоборств;щитки для локтей тайский бокс;0;0;
Защитное снаряжение для единоборств;щитки для предплечий;0;0;
Защитное снаряжение для единоборств;щитки для предплечья;0;0;
Защитное снаряжение для единоборств;щитки на предплечье для тхэквондо khan;0;0;
Защитное снаряжение для единоборств;щитколени для ММА;0;0;
Защитное снаряжение для единоборств;щитколени для тайского бокса;0;0;
Защитное снаряжение для единоборств;щитколени неопреновые;0;0;
Тренажеры и набивное оборудование (мешки, лапы, груши);боксерская груша купить;303;0;
Тренажеры и набивное оборудование (мешки, лапы, груши);боксерская груша купить;303;0;Коммерческие запросы
Тренажеры и набивное оборудование (мешки, лапы, груши);боксерский мешок купить;144;0;
Тренажеры и набивное оборудование (мешки, лапы, груши);боксерский мешок купить;144;0;
Тренажеры и набивное оборудование (мешки, лапы, груши);боксерский мешок купить;144;0;Подвесные мешки
Тренажеры и набивное оборудование (мешки, лапы, груши);мешок наполнитель для мешка;111;0;
Тренажеры и набивное оборудование (мешки, лапы, груши);мешок наполнитель для мешка;111;0;
Тренажеры и набивное оборудование (мешки, лапы, груши);мешок наполнитель для мешка;111;0;Наполнители
Тренажеры и набивное оборудование (мешки, лапы, груши);наполнитель для мешка;111;0;
Тренажеры и набивное оборудование (мешки, лапы, груши);наполнитель для мешка;111;0;
Тренажеры и набивное оборудование (мешки, лапы, груши);наполнитель для мешка;111;0;Наполнители
Тренажеры и набивное оборудование (мешки, лапы, груши);наполнитель для кресла мешка;93;0;
Тренажеры и набивное оборудование (мешки, лапы, груши);наполнитель для кресла мешка;93;0;Наполнители
Тренажеры и набивное оборудование (мешки, лапы, груши);груша боксерская напольная;58;0;
Тренажеры и набивное оборудование (мешки, лапы, груши);груша боксерская напольная;58;0;Напольные груши
Тренажеры и набивное оборудование (мешки, лапы, груши);груша боксерская подвесная купить;44;0;
Тренажеры и набивное оборудование (мешки, лапы, груши);груша боксерская подвесная купить;44;0;Подвесные мешки
Тренажеры и набивное оборудование (мешки, лапы, груши);купить наполнитель для мешка;31;0;
Тренажеры и набивное оборудование (мешки, лапы, груши);купить наполнитель для мешка;31;0;Наполнители
Тренажеры и набивное оборудование (мешки, лапы, груши);купить наполнитель для мешков;31;0;
Тренажеры и набивное оборудование (мешки, лапы, груши);купить наполнитель для мешков;31;0;
Тренажеры и набивное оборудование (мешки, лапы, груши);купить наполнитель для мешков;31;0;Наполнители
Тренажеры и набивное оборудование (мешки, лапы, груши);купить боксерский мешок гильза;30;0;
Тренажеры и набивное оборудование (мешки, лапы, груши);купить боксерский мешок гильза;30;0;Подвесные мешки
Тренажеры и набивное оборудование (мешки, лапы, груши);наполнитель для кресла мешка купить;29;0;
Тренажеры и набивное оборудование (мешки, лапы, груши);наполнитель для кресла мешка купить;29;0;
Тренажеры и набивное оборудование (мешки, лапы, груши);наполнитель для кресла мешка купить;29;0;Наполнители
Тренажеры и набивное оборудование (мешки, лапы, груши);купить боксерскую грушу в минске;27;0;
Тренажеры и набивное оборудование (мешки, лапы, груши);купить боксерскую грушу в минске;27;0;Коммерческие запросы
Тренажеры и набивное оборудование (мешки, лапы, груши);купить апперкотный боксерский мешок;19;0;
Тренажеры и набивное оборудование (мешки, лапы, груши);купить апперкотный боксерский мешок;19;0;Подвесные мешки
Тренажеры и набивное оборудование (мешки, лапы, груши);купить боксерскую грушу в беларуси;19;0;
Тренажеры и набивное оборудование (мешки, лапы, груши);купить боксерскую грушу в беларуси;19;0;Коммерческие запросы
Тренажеры и набивное оборудование (мешки, лапы, груши);купить детскую боксерскую грушу;18;0;
Тренажеры и набивное оборудование (мешки, лапы, груши);купить детскую боксерскую грушу;18;0;Детские груши
Тренажеры и набивное оборудование (мешки, лапы, груши);стойка для мешка;17;0;
Тренажеры и набивное оборудование (мешки, лапы, груши);стойка для мешка;17;0;Стойки и крепления
Тренажеры и набивное оборудование (мешки, лапы, груши);купить боксерский мешок в минске;15;0;
Тренажеры и набивное оборудование (мешки, лапы, груши);купить боксерский мешок в минске;15;0;Подвесные мешки
Тренажеры и набивное оборудование (мешки, лапы, груши);купить грушу боксерскую напольную;15;0;
Тренажеры и набивное оборудование (мешки, лапы, груши);купить грушу боксерскую напольную;15;0;Напольные груши
Тренажеры и набивное оборудование (мешки, лапы, груши);купить грушу боксерскую напольную;15;0;
Тренажеры и набивное оборудование (мешки, лапы, груши);купить грушу боксерскую напольную;15;0;Нераспределённые
Тренажеры и набивное оборудование (мешки, лапы, груши);боксерская груша для дома;14;0;
Тренажеры и набивное оборудование (мешки, лапы, груши);боксерская груша для дома;14;0;
Тренажеры и набивное оборудование (мешки, лапы, груши);боксерская груша для дома;14;0;Напольные груши
Тренажеры и набивное оборудование (мешки, лапы, груши);боксерские груши для дома;14;0;
Тренажеры и набивное оборудование (мешки, лапы, груши);боксерские груши для дома;14;0;
Тренажеры и набивное оборудование (мешки, лапы, груши);боксерские груши для дома;14;0;Напольные груши
Тренажеры и набивное оборудование (мешки, лапы, груши);купить боксерский мешок гильза в рб;14;0;
Тренажеры и набивное оборудование (мешки, лапы, груши);купить боксерский мешок гильза в рб;14;0;Подвесные мешки
Тренажеры и набивное оборудование (мешки, лапы, груши);груша боксерская уличная купить;11;0;
Тренажеры и набивное оборудование (мешки, лапы, груши);груша боксерская уличная купить;11;0;Спецоборудование
Тренажеры и набивное оборудование (мешки, лапы, груши);купить борцовский ковер;11;0;
Тренажеры и набивное оборудование (мешки, лапы, груши);купить борцовский ковер;11;0;Спецоборудование
Тренажеры и набивное оборудование (мешки, лапы, груши);купить макивару;11;0;
Тренажеры и набивное оборудование (мешки, лапы, груши);купить макивару;11;0;
Тренажеры и набивное оборудование (мешки, лапы, груши);купить макивару;11;0;Спецоборудование
Тренажеры и набивное оборудование (мешки, лапы, груши);боксерская груша цена;10;0;
Тренажеры и набивное оборудование (мешки, лапы, груши);боксерская груша цена;10;0;
Тренажеры и набивное оборудование (мешки, лапы, груши);боксерская груша цена;10;0;Коммерческие запросы
Тренажеры и набивное оборудование (мешки, лапы, груши);детский тренажер для бокса;10;0;
Тренажеры и набивное оборудование (мешки, лапы, груши);детский тренажер для бокса;10;0;
Тренажеры и набивное оборудование (мешки, лапы, груши);детский тренажер для бокса;10;0;Детские груши
Тренажеры и набивное оборудование (мешки, лапы, груши);купить боксерские мешки спорт панда в рб;9;0;
Тренажеры и набивное оборудование (мешки, лапы, груши);купить боксерские мешки спорт панда в рб;9;0;Подвесные мешки
Тренажеры и набивное оборудование (мешки, лапы, груши);мешок боксерский подвесной купить;9;0;
Тренажеры и набивное оборудование (мешки, лапы, груши);мешок боксерский подвесной купить;9;0;
Тренажеры и набивное оборудование (мешки, лапы, груши);мешок боксерский подвесной купить;9;0;Подвесные мешки
Тренажеры и набивное оборудование (мешки, лапы, груши);наполнитель для мешка кресла сколько;9;0;
Тренажеры и набивное оборудование (мешки, лапы, груши);наполнитель для мешка кресла сколько;9;0;
Тренажеры и набивное оборудование (мешки, лапы, груши);наполнитель для мешка кресла сколько;9;0;Наполнители
Тренажеры и набивное оборудование (мешки, лапы, груши);купить боксерскую грушу в минске вес 60кг;8;0;
Тренажеры и набивное оборудование (мешки, лапы, груши);купить боксерскую грушу в минске вес 60кг;8;0;Коммерческие запросы
Тренажеры и набивное оборудование (мешки, лапы, груши);боксерская груша настенная;7;0;
Тренажеры и набивное оборудование (мешки, лапы, груши);боксерская груша настенная;7;0;
Тренажеры и набивное оборудование (мешки, лапы, груши);боксерская груша настенная;7;0;Настенные груши
Тренажеры и набивное оборудование (мешки, лапы, груши);боксерская груша настенная;7;0;
Тренажеры и набивное оборудование (мешки, лапы, груши);боксерская груша настенная;7;0;Нераспределённые
Тренажеры и набивное оборудование (мешки, лапы, груши);груша боксерская настенная;7;0;
Тренажеры и набивное оборудование (мешки, лапы, груши);груша боксерская настенная;7;0;
Тренажеры и набивное оборудование (мешки, лапы, груши);груша боксерская настенная;7;0;Настенные груши
Тренажеры и набивное оборудование (мешки, лапы, груши);груша пневматическая;7;0;
Тренажеры и набивное оборудование (мешки, лапы, груши);груша пневматическая;7;0;
Тренажеры и набивное оборудование (мешки, лапы, груши);груша пневматическая;7;0;Настенные груши
Тренажеры и набивное оборудование (мешки, лапы, груши);пневматическая груша;7;0;
Тренажеры и набивное оборудование (мешки, лапы, груши);пневматическая груша;7;0;
Тренажеры и набивное оборудование (мешки, лапы, груши);пневматическая груша;7;0;Настенные груши
Тренажеры и набивное оборудование (мешки, лапы, груши);стойка для боксерского мешка;7;0;
Тренажеры и набивное оборудование (мешки, лапы, груши);стойка для боксерского мешка;7;0;Стойки и крепления
Тренажеры и набивное оборудование (мешки, лапы, груши);стойка для карповых мешков;7;0;
Тренажеры и набивное оборудование (мешки, лапы, груши);стойка для карповых мешков;7;0;Стойки и крепления
Тренажеры и набивное оборудование (мешки, лапы, груши);стойка для крепления карповых мешков;7;0;
Тренажеры и набивное оборудование (мешки, лапы, груши);стойка для крепления карповых мешков;7;0;Стойки и крепления
Тренажеры и набивное оборудование (мешки, лапы, груши);боксерская груша настенная электронная;6;0;
Тренажеры и набивное оборудование (мешки, лапы, груши);боксерская груша настенная электронная;6;0;
Тренажеры и набивное оборудование (мешки, лапы, груши);боксерская груша настенная электронная;6;0;Настенные груши
Тренажеры и набивное оборудование (мешки, лапы, груши);груша боксерская детская напольная;6;0;
Тренажеры и набивное оборудование (мешки, лапы, груши);груша боксерская детская напольная;6;0;Детские груши
Тренажеры и набивное оборудование (мешки, лапы, груши);купить боксерскую грушу для дома;6;0;
Тренажеры и набивное оборудование (мешки, лапы, груши);купить боксерскую грушу для дома;6;0;
Тренажеры и набивное оборудование (мешки, лапы, груши);купить боксерскую грушу для дома;6;0;Напольные груши
Тренажеры и набивное оборудование (мешки, лапы, груши);купить боксерскую грушу для дома;6;0;
Тренажеры и набивное оборудование (мешки, лапы, груши);купить боксерскую грушу для дома;6;0;Нераспределённые
Тренажеры и набивное оборудование (мешки, лапы, груши);купить боксерскую грушу для ребенка;6;0;
Тренажеры и набивное оборудование (мешки, лапы, груши);купить боксерскую грушу для ребенка;6;0;Детские груши
Тренажеры и набивное оборудование (мешки, лапы, груши);надувная груша для бокса детская;6;0;
Тренажеры и набивное оборудование (мешки, лапы, груши);надувная груша для бокса детская;6;0;
Тренажеры и набивное оборудование (мешки, лапы, груши);надувная груша для бокса детская;6;0;Детские груши
Тренажеры и набивное оборудование (мешки, лапы, груши);сколько наполнителя нужно для кресла мешка;6;0;
Тренажеры и набивное оборудование (мешки, лапы, груши);сколько наполнителя нужно для кресла мешка;6;0;
Тренажеры и набивное оборудование (мешки, лапы, груши);сколько наполнителя нужно для кресла мешка;6;0;Наполнители
Тренажеры и набивное оборудование (мешки, лапы, груши);боксерская груша гильза купить в рб;5;0;
Тренажеры и набивное оборудование (мешки, лапы, груши);боксерская груша гильза купить в рб;5;0;Подвесные мешки
Тренажеры и набивное оборудование (мешки, лапы, груши);боксерская груша для дома напольная;5;0;
Тренажеры и набивное оборудование (мешки, лапы, груши);боксерская груша для дома напольная;5;0;
Тренажеры и набивное оборудование (мешки, лапы, груши);боксерская груша для дома напольная;5;0;Напольные груши
Тренажеры и набивное оборудование (мешки, лапы, груши);купить боксерский мешок гильза оперкотный в рб;5;0;
Тренажеры и набивное оборудование (мешки, лапы, груши);купить боксерский мешок гильза оперкотный в рб;5;0;Подвесные мешки
Тренажеры и набивное оборудование (мешки, лапы, груши);купить боксерскую грушу для дома напольную;5;0;
Тренажеры и набивное оборудование (мешки, лапы, груши);купить боксерскую грушу для дома напольную;5;0;
Тренажеры и набивное оборудование (мешки, лапы, груши);купить боксерскую грушу для дома напольную;5;0;Напольные груши
Тренажеры и набивное оборудование (мешки, лапы, груши);купить боксерскую грушу для дома напольную;5;0;
Тренажеры и набивное оборудование (мешки, лапы, груши);купить боксерскую грушу для дома напольную;5;0;Нераспределённые
Тренажеры и набивное оборудование (мешки, лапы, груши);наполнитель для кресла мешка купить в минске;5;0;
Тренажеры и набивное оборудование (мешки, лапы, груши);наполнитель для кресла мешка купить в минске;5;0;Наполнители
Тренажеры и набивное оборудование (мешки, лапы, груши);боксерская груша герман купить;4;0;
Тренажеры и набивное оборудование (мешки, лапы, груши);боксерская груша герман купить;4;0;Коммерческие запросы
Тренажеры и набивное оборудование (мешки, лапы, груши);боксерская груша для детей напольная;4;0;
Тренажеры и набивное оборудование (мешки, лапы, груши);боксерская груша для детей напольная;4;0;Детские груши
Тренажеры и набивное оборудование (мешки, лапы, груши);кронштейн для боксерского мешка настенный купить;4;0;
Тренажеры и набивное оборудование (мешки, лапы, груши);кронштейн для боксерского мешка настенный купить;4;0;
Тренажеры и набивное оборудование (мешки, лапы, груши);кронштейн для боксерского мешка настенный купить;4;0;Стойки и крепления
Тренажеры и набивное оборудование (мешки, лапы, груши);мешок для сиденья с наполнителем;4;0;
Тренажеры и набивное оборудование (мешки, лапы, груши);мешок для сиденья с наполнителем;4;0;
Тренажеры и набивное оборудование (мешки, лапы, груши);мешок для сиденья с наполнителем;4;0;Подвесные мешки
Тренажеры и набивное оборудование (мешки, лапы, груши);музыкальная боксерская груша настенная;4;0;
Тренажеры и набивное оборудование (мешки, лапы, груши);музыкальная боксерская груша настенная;4;0;
Тренажеры и набивное оборудование (мешки, лапы, груши);музыкальная боксерская груша настенная;4;0;Настенные груши
Тренажеры и набивное оборудование (мешки, лапы, груши);напольная груша для бокса взрослая;4;0;
Тренажеры и набивное оборудование (мешки, лапы, груши);напольная груша для бокса взрослая;4;0;
Тренажеры и набивное оборудование (мешки, лапы, груши);напольная груша для бокса взрослая;4;0;Напольные груши
Тренажеры и набивное оборудование (мешки, лапы, груши);напольная груша для бокса детская;4;0;
Тренажеры и набивное оборудование (мешки, лапы, груши);напольная груша для бокса детская;4;0;
Тренажеры и набивное оборудование (мешки, лапы, груши);напольная груша для бокса детская;4;0;Напольные груши
Тренажеры и набивное оборудование (мешки, лапы, груши);настенный тренажер для бокса детский;4;0;
Тренажеры и набивное оборудование (мешки, лапы, груши);настенный тренажер для бокса детский;4;0;
Тренажеры и набивное оборудование (мешки, лапы, груши);настенный тренажер для бокса детский;4;0;Детские груши
Тренажеры и набивное оборудование (мешки, лапы, груши);сушилка для перчаток;4;0;
Тренажеры и набивное оборудование (мешки, лапы, груши);сушилка для перчаток;4;0;Спецоборудование
Тренажеры и набивное оборудование (мешки, лапы, груши);боксерская груша bax купить;3;0;
Тренажеры и набивное оборудование (мешки, лапы, груши);боксерская груша bax купить;3;0;Коммерческие запросы
Тренажеры и набивное оборудование (мешки, лапы, груши);боксерская груша стойка купить;3;0;
Тренажеры и набивное оборудование (мешки, лапы, груши);боксерская груша стойка купить;3;0;Стойки и крепления
Тренажеры и набивное оборудование (мешки, лапы, груши);боксерские мешки напольные купить;3;0;
Тренажеры и набивное оборудование (мешки, лапы, груши);боксерские мешки напольные купить;3;0;Напольные груши
Тренажеры и набивное оборудование (мешки, лапы, груши);боксерский мешок напольный купить;3;0;
Тренажеры и набивное оборудование (мешки, лапы, груши);боксерский мешок напольный купить;3;0;
Тренажеры и набивное оборудование (мешки, лапы, груши);боксерский мешок напольный купить;3;0;Напольные груши
Тренажеры и набивное оборудование (мешки, лапы, груши);где купить боксерскую грушу;3;0;
Тренажеры и набивное оборудование (мешки, лапы, груши);где купить боксерскую грушу;3;0;Коммерческие запросы
Тренажеры и набивное оборудование (мешки, лапы, груши);груша боксерская детская напольная купить;3;0;
Тренажеры и набивное оборудование (мешки, лапы, груши);груша боксерская детская напольная купить;3;0;Детские груши
Тренажеры и набивное оборудование (мешки, лапы, груши);груша боксерская детская напольная купить;3;0;
Тренажеры и набивное оборудование (мешки, лапы, груши);груша боксерская детская напольная купить;3;0;Нераспределённые
Тренажеры и набивное оборудование (мешки, лапы, груши);груша боксерская напольная манекен;3;0;
Тренажеры и набивное оборудование (мешки, лапы, груши);груша боксерская напольная манекен;3;0;Напольные груши
Тренажеры и набивное оборудование (мешки, лапы, груши);груша капля боксерская купить;3;0;
Тренажеры и набивное оборудование (мешки, лапы, груши);груша капля боксерская купить;3;0;Спецоборудование
Тренажеры и набивное оборудование (мешки, лапы, груши);груша напольная боксерская герман;3;0;
Тренажеры и набивное оборудование (мешки, лапы, груши);груша напольная боксерская герман;3;0;Напольные груши
Тренажеры и набивное оборудование (мешки, лапы, груши);кронштейн для боксерской груши купить;3;0;
Тренажеры и набивное оборудование (мешки, лапы, груши);кронштейн для боксерской груши купить;3;0;Стойки и крепления
Тренажеры и набивное оборудование (мешки, лапы, груши);купить боксерский мешок бу;3;0;
Тренажеры и набивное оборудование (мешки, лапы, груши);купить боксерский мешок бу;3;0;
Тренажеры и набивное оборудование (мешки, лапы, груши);купить боксерский мешок бу;3;0;Подвесные мешки
Тренажеры и набивное оборудование (мешки, лапы, груши);купить боксерский мешок напольный;3;0;
Тренажеры и набивное оборудование (мешки, лапы, груши);купить боксерский мешок напольный;3;0;
Тренажеры и набивное оборудование (мешки, лапы, груши);купить боксерский мешок напольный;3;0;Напольные груши
Тренажеры и набивное оборудование (мешки, лапы, груши);купить боксерский мешок напольный;3;0;
Тренажеры и набивное оборудование (мешки, лапы, груши);купить боксерский мешок напольный;3;0;Нераспределённые
Тренажеры и набивное оборудование (мешки, лапы, груши);купить боксерскую грушу бу;3;0;
Тренажеры и набивное оборудование (мешки, лапы, груши);купить боксерскую грушу бу;3;0;Коммерческие запросы
Тренажеры и набивное оборудование (мешки, лапы, груши);купить боксерскую грушу для взрослого;3;0;
Тренажеры и набивное оборудование (мешки, лапы, груши);купить боксерскую грушу для взрослого;3;0;Напольные груши
Тренажеры и набивное оборудование (мешки, лапы, груши);купить грушу боксерскую автомат;3;0;
Тренажеры и набивное оборудование (мешки, лапы, груши);купить грушу боксерскую автомат;3;0;Напольные груши
Тренажеры и набивное оборудование (мешки, лапы, груши);купить детскую грушу для бокса;3;0;
Тренажеры и набивное оборудование (мешки, лапы, груши);купить детскую грушу для бокса;3;0;
Тренажеры и набивное оборудование (мешки, лапы, груши);купить детскую грушу для бокса;3;0;Напольные груши
Тренажеры и набивное оборудование (мешки, лапы, груши);купить кожаный боксерский мешок;3;0;
Тренажеры и набивное оборудование (мешки, лапы, груши);купить кожаный боксерский мешок;3;0;Подвесные мешки
Тренажеры и набивное оборудование (мешки, лапы, груши);надувная груша для бокса детская напольная;3;0;
Тренажеры и набивное оборудование (мешки, лапы, груши);надувная груша для бокса детская напольная;3;0;
Тренажеры и набивное оборудование (мешки, лапы, груши);надувная груша для бокса детская напольная;3;0;Детские груши
Тренажеры и набивное оборудование (мешки, лапы, груши);напольная груша для бокса детская купить;3;0;
Тренажеры и набивное оборудование (мешки, лапы, груши);напольная груша для бокса детская купить;3;0;
Тренажеры и набивное оборудование (мешки, лапы, груши);напольная груша для бокса детская купить;3;0;Напольные груши
Тренажеры и набивное оборудование (мешки, лапы, груши);напольная стойка для боксерского мешка;3;0;
Тренажеры и набивное оборудование (мешки, лапы, груши);напольная стойка для боксерского мешка;3;0;Напольные груши
Тренажеры и набивное оборудование (мешки, лапы, груши);пенопластовые шарики наполнитель для кресла мешка;3;0;
Тренажеры и набивное оборудование (мешки, лапы, груши);пенопластовые шарики наполнитель для кресла мешка;3;0;
Тренажеры и набивное оборудование (мешки, лапы, груши);пенопластовые шарики наполнитель для кресла мешка;3;0;Наполнители
Тренажеры и набивное оборудование (мешки, лапы, груши);пенопластовый наполнитель для кресла мешка;3;0;
Тренажеры и набивное оборудование (мешки, лапы, груши);пенопластовый наполнитель для кресла мешка;3;0;
Тренажеры и набивное оборудование (мешки, лапы, груши);пенопластовый наполнитель для кресла мешка;3;0;Наполнители
Тренажеры и набивное оборудование (мешки, лапы, груши);сколько литров наполнитель для кресла мешка;3;0;
Тренажеры и набивное оборудование (мешки, лапы, груши);сколько литров наполнитель для кресла мешка;3;0;
Тренажеры и набивное оборудование (мешки, лапы, груши);сколько литров наполнитель для кресла мешка;3;0;Наполнители
Тренажеры и набивное оборудование (мешки, лапы, груши);шарики наполнители для кресла мешка;3;0;
Тренажеры и набивное оборудование (мешки, лапы, груши);шарики наполнители для кресла мешка;3;0;
Тренажеры и набивное оборудование (мешки, лапы, груши);шарики наполнители для кресла мешка;3;0;Наполнители
Тренажеры и набивное оборудование (мешки, лапы, груши);шарики наполнитель для кресла мешка;3;0;
Тренажеры и набивное оборудование (мешки, лапы, груши);шарики наполнитель для кресла мешка;3;0;Наполнители
Тренажеры и набивное оборудование (мешки, лапы, груши);боксерская груша 40 кг купить;2;0;
Тренажеры и набивное оборудование (мешки, лапы, груши);боксерская груша 40 кг купить;2;0;Напольные груши
Тренажеры и набивное оборудование (мешки, лапы, груши);боксерская груша напольная в виде человека;2;0;
Тренажеры и набивное оборудование (мешки, лапы, груши);боксерская груша напольная в виде человека;2;0;Напольные груши
Тренажеры и набивное оборудование (мешки, лапы, груши);боксерские груши для дома для взрослых;2;0;
Тренажеры и набивное оборудование (мешки, лапы, груши);боксерские груши для дома для взрослых;2;0;
Тренажеры и набивное оборудование (мешки, лапы, груши);боксерские груши для дома для взрослых;2;0;Напольные груши
Тренажеры и набивное оборудование (мешки, лапы, груши);боксерский мешок 60 кг купить;2;0;
Тренажеры и набивное оборудование (мешки, лапы, груши);боксерский мешок 60 кг купить;2;0;
Тренажеры и набивное оборудование (мешки, лапы, груши);боксерский мешок 60 кг купить;2;0;Подвесные мешки
Тренажеры и набивное оборудование (мешки, лапы, груши);виды напольных боксерских груш;2;0;
Тренажеры и набивное оборудование (мешки, лапы, груши);виды напольных боксерских груш;2;0;Нераспределённые
Тренажеры и набивное оборудование (мешки, лапы, груши);водоналивной боксерский мешок купить;2;0;
Тренажеры и набивное оборудование (мешки, лапы, груши);водоналивной боксерский мешок купить;2;0;
Тренажеры и набивное оборудование (мешки, лапы, груши);водоналивной боксерский мешок купить;2;0;Подвесные мешки
Тренажеры и набивное оборудование (мешки, лапы, груши);где можно купить боксерские груши;2;0;
Тренажеры и набивное оборудование (мешки, лапы, груши);где можно купить боксерские груши;2;0;Напольные груши
Тренажеры и набивное оборудование (мешки, лапы, груши);гелиевый боксерский мешок купить в спб;2;0;
Тренажеры и набивное оборудование (мешки, лапы, груши);гелиевый боксерский мешок купить в спб;2;0;
Тренажеры и набивное оборудование (мешки, лапы, груши);гелиевый боксерский мешок купить в спб;2;0;Подвесные мешки
Тренажеры и набивное оборудование (мешки, лапы, груши);груша боксерская напольная детская для дома;2;0;
Тренажеры и набивное оборудование (мешки, лапы, груши);груша боксерская напольная детская для дома;2;0;
Тренажеры и набивное оборудование (мешки, лапы, груши);груша боксерская напольная детская для дома;2;0;Напольные груши
Тренажеры и набивное оборудование (мешки, лапы, груши);груша боксерская напольная человек;2;0;
Тренажеры и набивное оборудование (мешки, лапы, груши);груша боксерская напольная человек;2;0;Напольные груши
Тренажеры и набивное оборудование (мешки, лапы, груши);детские боксерские груши для дома;2;0;
Тренажеры и набивное оборудование (мешки, лапы, груши);детские боксерские груши для дома;2;0;
Тренажеры и набивное оборудование (мешки, лапы, груши);детские боксерские груши для дома;2;0;Напольные груши
Тренажеры и набивное оборудование (мешки, лапы, груши);как выбрать боксерскую грушу для дома;2;0;
Тренажеры и набивное оборудование (мешки, лапы, груши);как выбрать боксерскую грушу для дома;2;0;
Тренажеры и набивное оборудование (мешки, лапы, груши);как выбрать боксерскую грушу для дома;2;0;Напольные груши
Тренажеры и набивное оборудование (мешки, лапы, груши);какую боксерскую грушу купить;2;0;
Тренажеры и набивное оборудование (мешки, лапы, груши);какую боксерскую грушу купить;2;0;Напольные груши
Тренажеры и набивное оборудование (мешки, лапы, груши);крепление боксерская груша купить;2;0;
Тренажеры и набивное оборудование (мешки, лапы, груши);крепление боксерская груша купить;2;0;Напольные груши
Тренажеры и набивное оборудование (мешки, лапы, груши);купить боксерский мешок подвесной бу;2;0;
Тренажеры и набивное оборудование (мешки, лапы, груши);купить боксерский мешок подвесной бу;2;0;
Тренажеры и набивное оборудование (мешки, лапы, груши);купить боксерский мешок подвесной бу;2;0;Подвесные мешки
Тренажеры и набивное оборудование (мешки, лапы, груши);купить боксерский ринг;2;0;
Тренажеры и набивное оборудование (мешки, лапы, груши);купить боксерский ринг;2;0;Спецоборудование
Тренажеры и набивное оборудование (мешки, лапы, груши);купить боксерскую грушу без наполнителя;2;0;
Тренажеры и набивное оборудование (мешки, лапы, груши);купить боксерскую грушу без наполнителя;2;0;Напольные груши
Тренажеры и набивное оборудование (мешки, лапы, груши);купить боксерскую грушу для дома взрослую;2;0;
Тренажеры и набивное оборудование (мешки, лапы, груши);купить боксерскую грушу для дома взрослую;2;0;
Тренажеры и набивное оборудование (мешки, лапы, груши);купить боксерскую грушу для дома взрослую;2;0;Напольные груши
Тренажеры и набивное оборудование (мешки, лапы, груши);купить боксерскую грушу для дома взрослую;2;0;
Тренажеры и набивное оборудование (мешки, лапы, груши);купить боксерскую грушу для дома взрослую;2;0;Нераспределённые
Тренажеры и набивное оборудование (мешки, лапы, груши);купить напольную стойку для боксерской груши;2;0;
Тренажеры и набивное оборудование (мешки, лапы, груши);купить напольную стойку для боксерской груши;2;0;Напольные груши
Тренажеры и набивное оборудование (мешки, лапы, груши);купить напольную стойку для боксерской груши;2;0;
Тренажеры и набивное оборудование (мешки, лапы, груши);купить напольную стойку для боксерской груши;2;0;Нераспределённые
Тренажеры и набивное оборудование (мешки, лапы, груши);макивара настенная купить;2;0;
Тренажеры и набивное оборудование (мешки, лапы, груши);макивара настенная купить;2;0;
Тренажеры и набивное оборудование (мешки, лапы, груши);макивара настенная купить;2;0;Настенные груши
Тренажеры и набивное оборудование (мешки, лапы, груши);мешки боксерские купить спб;2;0;
Тренажеры и набивное оборудование (мешки, лапы, груши);мешки боксерские купить спб;2;0;Подвесные мешки
Тренажеры и набивное оборудование (мешки, лапы, груши);мешок боксерская купить спб;2;0;
Тренажеры и набивное оборудование (мешки, лапы, груши);мешок боксерская купить спб;2;0;
Тренажеры и набивное оборудование (мешки, лапы, груши);мешок боксерская купить спб;2;0;Подвесные мешки
Тренажеры и набивное оборудование (мешки, лапы, груши);мешок для бокса наполненный;2;0;
Тренажеры и набивное оборудование (мешки, лапы, груши);мешок для бокса наполненный;2;0;Подвесные мешки
Тренажеры и набивное оборудование (мешки, лапы, груши);можно купить боксерскую грушу;2;0;
Тренажеры и набивное оборудование (мешки, лапы, груши);можно купить боксерскую грушу;2;0;Напольные груши
Тренажеры и набивное оборудование (мешки, лапы, груши);набор для бокса груша перчатки;2;0;
Тренажеры и набивное оборудование (мешки, лапы, груши);набор для бокса груша перчатки;2;0;
Тренажеры и набивное оборудование (мешки, лапы, груши);набор для бокса груша перчатки;2;0;Напольные груши
Тренажеры и набивное оборудование (мешки, лапы, груши);наполнитель для боксерского мешка;2;0;
Тренажеры и набивное оборудование (мешки, лапы, груши);наполнитель для боксерского мешка;2;0;
Тренажеры и набивное оборудование (мешки, лапы, груши);наполнитель для боксерского мешка;2;0;Наполнители
Тренажеры и набивное оборудование (мешки, лапы, груши);наполнитель для груши боксерской купить;2;0;
Тренажеры и набивное оборудование (мешки, лапы, груши);наполнитель для груши боксерской купить;2;0;Наполнители
Тренажеры и набивное оборудование (мешки, лапы, груши);напольная груша для бокса взрослая для дома;2;0;
Тренажеры и набивное оборудование (мешки, лапы, груши);напольная груша для бокса взрослая для дома;2;0;
Тренажеры и набивное оборудование (мешки, лапы, груши);напольная груша для бокса взрослая для дома;2;0;Напольные груши
Тренажеры и набивное оборудование (мешки, лапы, груши);сколько литров наполнителя надо для кресла мешка;2;0;
Тренажеры и набивное оборудование (мешки, лапы, груши);сколько литров наполнителя надо для кресла мешка;2;0;
Тренажеры и набивное оборудование (мешки, лапы, груши);сколько литров наполнителя надо для кресла мешка;2;0;Наполнители
Тренажеры и набивное оборудование (мешки, лапы, груши);сколько надо наполнителя для кресла мешка;2;0;
Тренажеры и набивное оборудование (мешки, лапы, груши);сколько надо наполнителя для кресла мешка;2;0;
Тренажеры и набивное оборудование (мешки, лапы, груши);сколько надо наполнителя для кресла мешка;2;0;Наполнители
Тренажеры и набивное оборудование (мешки, лапы, груши);сколько нужно наполнителя для кресла мешка 3xl;2;0;
Тренажеры и набивное оборудование (мешки, лапы, груши);сколько нужно наполнителя для кресла мешка 3xl;2;0;
Тренажеры и набивное оборудование (мешки, лапы, груши);сколько нужно наполнителя для кресла мешка 3xl;2;0;Наполнители
Тренажеры и набивное оборудование (мешки, лапы, груши);спортмастер купить грушу боксерскую;2;0;
Тренажеры и набивное оборудование (мешки, лапы, груши);спортмастер купить грушу боксерскую;2;0;Напольные груши
Тренажеры и набивное оборудование (мешки, лапы, груши);стойка для боксерской груши напольная;2;0;
Тренажеры и набивное оборудование (мешки, лапы, груши);стойка для боксерской груши напольная;2;0;Напольные груши
Тренажеры и набивное оборудование (мешки, лапы, груши);стойка для мусорных мешков;2;0;
Тренажеры и набивное оборудование (мешки, лапы, груши);стойка для мусорных мешков;2;0;Стойки и крепления
Тренажеры и набивное оборудование (мешки, лапы, груши);чем наполнить мешок для бокса;2;0;
Тренажеры и набивное оборудование (мешки, лапы, груши);чем наполнить мешок для бокса;2;0;Подвесные мешки
Тренажеры и набивное оборудование (мешки, лапы, груши);чехол боксерской груши купить;2;0;
Тренажеры и набивное оборудование (мешки, лапы, груши);чехол боксерской груши купить;2;0;Напольные груши
Тренажеры и набивное оборудование (мешки, лапы, груши);чехол для груши боксерской без наполнителя купить;2;0;
Тренажеры и набивное оборудование (мешки, лапы, груши);чехол для груши боксерской без наполнителя купить;2;0;Напольные груши
Тренажеры и набивное оборудование (мешки, лапы, груши);аксессуары для единоборств;1;0;
Тренажеры и набивное оборудование (мешки, лапы, груши);аксессуары для единоборств;1;0;Нераспределённые
Тренажеры и набивное оборудование (мешки, лапы, груши);боксерская груша большая купить;1;0;
Тренажеры и набивное оборудование (мешки, лапы, груши);боксерская груша большая купить;1;0;Напольные груши
Тренажеры и набивное оборудование (мешки, лапы, груши);боксерская груша бу цена;1;0;
Тренажеры и набивное оборудование (мешки, лапы, груши);боксерская груша бу цена;1;0;
Тренажеры и набивное оборудование (мешки, лапы, груши);боксерская груша бу цена;1;0;Напольные груши
Тренажеры и набивное оборудование (мешки, лапы, груши);боксерская груша для котов купить;1;0;
Тренажеры и набивное оборудование (мешки, лапы, груши);боксерская груша для котов купить;1;0;Напольные груши
Тренажеры и набивное оборудование (мешки, лапы, груши);боксерская груша купить цена;1;0;
Тренажеры и набивное оборудование (мешки, лапы, груши);боксерская груша купить цена;1;0;
Тренажеры и набивное оборудование (мешки, лапы, груши);боксерская груша купить цена;1;0;Напольные груши
Тренажеры и набивное оборудование (мешки, лапы, груши);боксерская груша купить цены;1;0;
Тренажеры и набивное оборудование (мешки, лапы, груши);боксерская груша купить цены;1;0;Напольные груши
Тренажеры и набивное оборудование (мешки, лапы, груши);боксерская груша купить цены;1;0;
Тренажеры и набивное оборудование (мешки, лапы, груши);боксерская груша купить цены;1;0;Нераспределённые
Тренажеры и набивное оборудование (мешки, лапы, груши);боксерская груша напольная hukk;1;0;
Тренажеры и набивное оборудование (мешки, лапы, груши);боксерская груша напольная hukk;1;0;Напольные груши
Тренажеры и набивное оборудование (мешки, лапы, груши);боксерская груша напольная взрослая купить для дома;1;0;
Тренажеры и набивное оборудование (мешки, лапы, груши);боксерская груша напольная взрослая купить для дома;1;0;
Тренажеры и набивное оборудование (мешки, лапы, груши);боксерская груша напольная взрослая купить для дома;1;0;Напольные груши
Тренажеры и набивное оборудование (мешки, лапы, груши);боксерская груша профессиональная;1;0;
Тренажеры и набивное оборудование (мешки, лапы, груши);боксерская груша профессиональная;1;0;
Тренажеры и набивное оборудование (мешки, лапы, груши);боксерская груша профессиональная;1;0;Напольные груши
Тренажеры и набивное оборудование (мешки, лапы, груши);боксерская груша сила удара купить;1;0;
Тренажеры и набивное оборудование (мешки, лапы, груши);боксерская груша сила удара купить;1;0;Напольные груши
Тренажеры и набивное оборудование (мешки, лапы, груши);боксерская груша фото цена;1;0;
Тренажеры и набивное оборудование (мешки, лапы, груши);боксерская груша фото цена;1;0;
Тренажеры и набивное оборудование (мешки, лапы, груши);боксерская груша фото цена;1;0;Напольные груши
Тренажеры и набивное оборудование (мешки, лапы, груши);боксерская груша цена спортмастер;1;0;
Тренажеры и набивное оборудование (мешки, лапы, груши);боксерская груша цена спортмастер;1;0;
Тренажеры и набивное оборудование (мешки, лапы, груши);боксерская груша цена спортмастер;1;0;Напольные груши
Тренажеры и набивное оборудование (мешки, лапы, груши);боксерские груши б у купить;1;0;
Тренажеры и набивное оборудование (мешки, лапы, груши);боксерские груши б у купить;1;0;Напольные груши
Тренажеры и набивное оборудование (мешки, лапы, груши);боксерские мешки на цепях;1;0;
Тренажеры и набивное оборудование (мешки, лапы, груши);боксерские мешки на цепях;1;0;Подвесные мешки
Тренажеры и набивное оборудование (мешки, лапы, груши);боксерский мешок на цепи;1;0;
Тренажеры и набивное оборудование (мешки, лапы, груши);боксерский мешок на цепи;1;0;Подвесные мешки
Тренажеры и набивное оборудование (мешки, лапы, груши);боксерский мешок чехол купить;1;0;
Тренажеры и набивное оборудование (мешки, лапы, груши);боксерский мешок чехол купить;1;0;Подвесные мешки
Тренажеры и набивное оборудование (мешки, лапы, груши);взрослая подвесная груша для бокса;1;0;
Тренажеры и набивное оборудование (мешки, лапы, груши);взрослая подвесная груша для бокса;1;0;
Тренажеры и набивное оборудование (мешки, лапы, груши);взрослая подвесная груша для бокса;1;0;Напольные груши
Тренажеры и набивное оборудование (мешки, лапы, груши);груша боксерская 50 кг купить;1;0;
Тренажеры и набивное оборудование (мешки, лапы, груши);груша боксерская 50 кг купить;1;0;Напольные груши
Тренажеры и набивное оборудование (мешки, лапы, груши);груша боксерская 80 кг купить;1;0;
Тренажеры и набивное оборудование (мешки, лапы, груши);груша боксерская 80 кг купить;1;0;Напольные груши
Тренажеры и набивное оборудование (мешки, лапы, груши);груша боксерская напольная взрослая;1;0;
Тренажеры и набивное оборудование (мешки, лапы, груши);груша боксерская напольная взрослая;1;0;Напольные груши
Тренажеры и набивное оборудование (мешки, лапы, груши);груша боксерская напольная для взрослого купить;1;0;
Тренажеры и набивное оборудование (мешки, лапы, груши);груша боксерская напольная для взрослого купить;1;0;Напольные груши
Тренажеры и набивное оборудование (мешки, лапы, груши);груша боксерская подвесная купить 40 кг;1;0;
Тренажеры и набивное оборудование (мешки, лапы, груши);груша боксерская подвесная купить 40 кг;1;0;Напольные груши
Тренажеры и набивное оборудование (мешки, лапы, груши);груша боксерская подвесная купить детская;1;0;
Тренажеры и набивное оборудование (мешки, лапы, груши);груша боксерская подвесная купить детская;1;0;Напольные груши
Тренажеры и набивное оборудование (мешки, лапы, груши);груши боксерские для дома напольные взрослые;1;0;
Тренажеры и набивное оборудование (мешки, лапы, груши);груши боксерские для дома напольные взрослые;1;0;
Тренажеры и набивное оборудование (мешки, лапы, груши);груши боксерские для дома напольные взрослые;1;0;Напольные груши
Тренажеры и набивное оборудование (мешки, лапы, груши);груши боксерские напольные спортмастер;1;0;
Тренажеры и набивное оборудование (мешки, лапы, груши);груши боксерские напольные спортмастер;1;0;Напольные груши
Тренажеры и набивное оборудование (мешки, лапы, груши);детский боксерский мешок;1;0;
Тренажеры и набивное оборудование (мешки, лапы, груши);детский боксерский мешок;1;0;
Тренажеры и набивное оборудование (мешки, лапы, груши);детский боксерский мешок;1;0;Подвесные мешки
Тренажеры и набивное оборудование (мешки, лапы, груши);интерактивный тренажер для бокса подарок мальчику;1;0;
Тренажеры и набивное оборудование (мешки, лапы, груши);интерактивный тренажер для бокса подарок мальчику;1;0;
Тренажеры и набивное оборудование (мешки, лапы, груши);интерактивный тренажер для бокса подарок мальчику;1;0;
Тренажеры и набивное оборудование (мешки, лапы, груши);интерактивный тренажер для бокса подарок мальчику;1;0;Детские груши
Тренажеры и набивное оборудование (мешки, лапы, груши);какой наполнитель лучше для спального мешка;1;0;
Тренажеры и набивное оборудование (мешки, лапы, груши);какой наполнитель лучше для спального мешка;1;0;
Тренажеры и набивное оборудование (мешки, лапы, груши);какой наполнитель лучше для спального мешка;1;0;Наполнители
Тренажеры и набивное оборудование (мешки, лапы, груши);какую боксерскую грушу купить для дома;1;0;
Тренажеры и набивное оборудование (мешки, лапы, груши);какую боксерскую грушу купить для дома;1;0;
Тренажеры и набивное оборудование (мешки, лапы, груши);какую боксерскую грушу купить для дома;1;0;Напольные груши
Тренажеры и набивное оборудование (мешки, лапы, груши);какую боксерскую грушу купить для дома;1;0;
Тренажеры и набивное оборудование (мешки, лапы, груши);какую боксерскую грушу купить для дома;1;0;Нераспределённые
Тренажеры и набивное оборудование (мешки, лапы, груши);какую боксерскую грушу купить для дома взрослому;1;0;
Тренажеры и набивное оборудование (мешки, лапы, груши);какую боксерскую грушу купить для дома взрослому;1;0;
Тренажеры и набивное оборудование (мешки, лапы, груши);какую боксерскую грушу купить для дома взрослому;1;0;Напольные груши
Тренажеры и набивное оборудование (мешки, лапы, груши);какую боксерскую грушу купить для дома взрослому;1;0;
Тренажеры и набивное оборудование (мешки, лапы, груши);какую боксерскую грушу купить для дома взрослому;1;0;Нераспределённые
Тренажеры и набивное оборудование (мешки, лапы, груши);какую боксерскую грушу купить ребенку;1;0;
Тренажеры и набивное оборудование (мешки, лапы, груши);какую боксерскую грушу купить ребенку;1;0;Напольные груши
Тренажеры и набивное оборудование (мешки, лапы, груши);какую боксерскую грушу лучше купить;1;0;
Тренажеры и набивное оборудование (мешки, лапы, груши);какую боксерскую грушу лучше купить;1;0;Напольные груши
Тренажеры и набивное оборудование (мешки, лапы, груши);какую грушу лучше купить для ребенка боксерскую;1;0;
Тренажеры и набивное оборудование (мешки, лапы, груши);какую грушу лучше купить для ребенка боксерскую;1;0;Напольные груши
Тренажеры и набивное оборудование (мешки, лапы, груши);крепление для боксерской груши на стену купить;1;0;
Тренажеры и набивное оборудование (мешки, лапы, груши);крепление для боксерской груши на стену купить;1;0;Напольные груши
Тренажеры и набивное оборудование (мешки, лапы, груши);кресло мешок чехол для наполнителя;1;0;
Тренажеры и набивное оборудование (мешки, лапы, груши);кресло мешок чехол для наполнителя;1;0;
Тренажеры и набивное оборудование (мешки, лапы, груши);кресло мешок чехол для наполнителя;1;0;Подвесные мешки
Тренажеры и набивное оборудование (мешки, лапы, груши);купить аппарат боксерская груша;1;0;
Тренажеры и набивное оборудование (мешки, лапы, груши);купить аппарат боксерская груша;1;0;Напольные груши
Тренажеры и набивное оборудование (мешки, лапы, груши);купить боксерскую грушу 60 кг;1;0;
Тренажеры и набивное оборудование (мешки, лапы, груши);купить боксерскую грушу 60 кг;1;0;Напольные груши
Тренажеры и набивное оборудование (мешки, лапы, груши);купить боксерскую грушу для дома напольную взрослую;1;0;
Тренажеры и набивное оборудование (мешки, лапы, груши);купить боксерскую грушу для дома напольную взрослую;1;0;Напольные груши
Тренажеры и набивное оборудование (мешки, лапы, груши);купить боксерскую грушу для дома напольную взрослую;1;0;
Тренажеры и набивное оборудование (мешки, лапы, груши);купить боксерскую грушу для дома напольную взрослую;1;0;Нераспределённые
Тренажеры и набивное оборудование (мешки, лапы, груши);купить боксерскую грушу на растяжке;1;0;
Тренажеры и набивное оборудование (мешки, лапы, груши);купить боксерскую грушу на растяжке;1;0;Напольные груши
Тренажеры и набивное оборудование (мешки, лапы, груши);купить боксерскую грушу на стену;1;0;
Тренажеры и набивное оборудование (мешки, лапы, груши);купить боксерскую грушу на стену;1;0;Напольные груши
Тренажеры и набивное оборудование (мешки, лапы, груши);купить боксерскую грушу напольную взрослая;1;0;
Тренажеры и набивное оборудование (мешки, лапы, груши);купить боксерскую грушу напольную взрослая;1;0;Напольные груши
Тренажеры и набивное оборудование (мешки, лапы, груши);купить боксерскую грушу напольную взрослая;1;0;
Тренажеры и набивное оборудование (мешки, лапы, груши);купить боксерскую грушу напольную взрослая;1;0;Нераспределённые
Тренажеры и набивное оборудование (мешки, лапы, груши);купить грушу боксерскую напольную для детей;1;0;
Тренажеры и набивное оборудование (мешки, лапы, груши);купить грушу боксерскую напольную для детей;1;0;Напольные груши
Тренажеры и набивное оборудование (мешки, лапы, груши);купить грушу боксерскую напольную для детей;1;0;
Тренажеры и набивное оборудование (мешки, лапы, груши);купить грушу боксерскую напольную для детей;1;0;Нераспределённые
Тренажеры и набивное оборудование (мешки, лапы, груши);купить грушу для кикбоксинга;1;0;
Тренажеры и набивное оборудование (мешки, лапы, груши);купить грушу для кикбоксинга;1;0;
Тренажеры и набивное оборудование (мешки, лапы, груши);купить грушу для кикбоксинга;1;0;Напольные груши
Тренажеры и набивное оборудование (мешки, лапы, груши);купить грушу профессиональную;1;0;
Тренажеры и набивное оборудование (мешки, лапы, груши);купить грушу профессиональную;1;0;
Тренажеры и набивное оборудование (мешки, лапы, груши);купить грушу профессиональную;1;0;Напольные груши
Тренажеры и набивное оборудование (мешки, лапы, груши);купить лапы оптом;1;0;
Тренажеры и набивное оборудование (мешки, лапы, груши);купить лапы оптом;1;0;
Тренажеры и набивное оборудование (мешки, лапы, груши);купить лапы оптом;1;0;Подвесные мешки
Тренажеры и набивное оборудование (мешки, лапы, груши);купить пауки для бокса;1;0;
Тренажеры и набивное оборудование (мешки, лапы, груши);купить пауки для бокса;1;0;
Тренажеры и набивное оборудование (мешки, лапы, груши);купить пауки для бокса;1;0;Напольные груши
Тренажеры и набивное оборудование (мешки, лапы, груши);купить профессиональную боксерскую грушу;1;0;
Тренажеры и набивное оборудование (мешки, лапы, груши);купить профессиональную боксерскую грушу;1;0;
Тренажеры и набивное оборудование (мешки, лапы, груши);купить профессиональную боксерскую грушу;1;0;Напольные груши
Тренажеры и набивное оборудование (мешки, лапы, груши);купить профессиональную боксерскую грушу;1;0;
Тренажеры и набивное оборудование (мешки, лапы, груши);купить профессиональную боксерскую грушу;1;0;Нераспределённые
Тренажеры и набивное оборудование (мешки, лапы, груши);купить профессиональную грушу;1;0;
Тренажеры и набивное оборудование (мешки, лапы, груши);купить профессиональную грушу;1;0;
Тренажеры и набивное оборудование (мешки, лапы, груши);купить профессиональную грушу;1;0;Напольные груши
Тренажеры и набивное оборудование (мешки, лапы, груши);купить хорошую грушу боксерскую;1;0;
Тренажеры и набивное оборудование (мешки, лапы, груши);купить хорошую грушу боксерскую;1;0;Напольные груши
Тренажеры и набивное оборудование (мешки, лапы, груши);куриная лапа купить оптом;1;0;
Тренажеры и набивное оборудование (мешки, лапы, груши);куриная лапа купить оптом;1;0;
Тренажеры и набивное оборудование (мешки, лапы, груши);куриная лапа купить оптом;1;0;Подвесные мешки
Тренажеры и набивное оборудование (мешки, лапы, груши);лучший наполнитель для спального мешка;1;0;
Тренажеры и набивное оборудование (мешки, лапы, груши);лучший наполнитель для спального мешка;1;0;
Тренажеры и набивное оборудование (мешки, лапы, груши);лучший наполнитель для спального мешка;1;0;Наполнители
Тренажеры и набивное оборудование (мешки, лапы, груши);макивара деревянная купить;1;0;
Тренажеры и набивное оборудование (мешки, лапы, груши);макивара деревянная купить;1;0;
Тренажеры и набивное оборудование (мешки, лапы, груши);макивара деревянная купить;1;0;Подвесные мешки
Тренажеры и набивное оборудование (мешки, лапы, груши);мешок боксерский детский;1;0;
Тренажеры и набивное оборудование (мешки, лапы, груши);мешок боксерский детский;1;0;
Тренажеры и набивное оборудование (мешки, лапы, груши);мешок боксерский детский;1;0;Подвесные мешки
Тренажеры и набивное оборудование (мешки, лапы, груши);мешок для кикбоксинга;1;0;
Тренажеры и набивное оборудование (мешки, лапы, груши);мешок для кикбоксинга;1;0;
Тренажеры и набивное оборудование (мешки, лапы, груши);мешок для кикбоксинга;1;0;Подвесные мешки
Тренажеры и набивное оборудование (мешки, лапы, груши);мешок для кикбоксинга;1;0;
Тренажеры и набивное оборудование (мешки, лапы, груши);мешок для кикбоксинга;1;0;
Тренажеры и набивное оборудование (мешки, лапы, груши);мешок для кикбоксинга;1;0;Нераспределённые
Тренажеры и набивное оборудование (мешки, лапы, груши);наполнитель для кресла мешка пенополистирол;1;0;
Тренажеры и набивное оборудование (мешки, лапы, груши);наполнитель для кресла мешка пенополистирол;1;0;
Тренажеры и набивное оборудование (мешки, лапы, груши);наполнитель для кресла мешка пенополистирол;1;0;Наполнители
Тренажеры и набивное оборудование (мешки, лапы, груши);наполнитель для мешка груши;1;0;
Тренажеры и набивное оборудование (мешки, лапы, груши);наполнитель для мешка груши;1;0;
Тренажеры и набивное оборудование (мешки, лапы, груши);наполнитель для мешка груши;1;0;Наполнители
Тренажеры и набивное оборудование (мешки, лапы, груши);наполнитель для мягкого кресла мешка;1;0;
Тренажеры и набивное оборудование (мешки, лапы, груши);наполнитель для мягкого кресла мешка;1;0;
Тренажеры и набивное оборудование (мешки, лапы, груши);наполнитель для мягкого кресла мешка;1;0;Наполнители
Тренажеры и набивное оборудование (мешки, лапы, груши);наполнитель для спального мешка;1;0;
Тренажеры и набивное оборудование (мешки, лапы, груши);наполнитель для спального мешка;1;0;
Тренажеры и набивное оборудование (мешки, лапы, груши);наполнитель для спального мешка;1;0;Наполнители
Тренажеры и набивное оборудование (мешки, лапы, груши);платформа для пневматической груши;1;0;
Тренажеры и набивное оборудование (мешки, лапы, груши);платформа для пневматической груши;1;0;
Тренажеры и набивное оборудование (мешки, лапы, груши);платформа для пневматической груши;1;0;Нераспределённые
Тренажеры и набивное оборудование (мешки, лапы, груши);пневматическая скоростная груша;1;0;
Тренажеры и набивное оборудование (мешки, лапы, груши);пневматическая скоростная груша;1;0;
Тренажеры и набивное оборудование (мешки, лапы, груши);пневматическая скоростная груша;1;0;Настенные груши
Тренажеры и набивное оборудование (мешки, лапы, груши);полотенце для спортзала;1;0;
Тренажеры и набивное оборудование (мешки, лапы, груши);полотенце для спортзала;1;0;Нераспределённые
Тренажеры и набивное оборудование (мешки, лапы, груши);профессиональная боксерская груша;1;0;
Тренажеры и набивное оборудование (мешки, лапы, груши);профессиональная боксерская груша;1;0;
Тренажеры и набивное оборудование (мешки, лапы, груши);профессиональная боксерская груша;1;0;Напольные груши
Тренажеры и набивное оборудование (мешки, лапы, груши);сколько литров наполнителя нужно для кресла мешка;1;0;
Тренажеры и набивное оборудование (мешки, лапы, груши);сколько литров наполнителя нужно для кресла мешка;1;0;
Тренажеры и набивное оборудование (мешки, лапы, груши);сколько литров наполнителя нужно для кресла мешка;1;0;Наполнители
Тренажеры и набивное оборудование (мешки, лапы, груши);спортмастер груши боксерские цена;1;0;
Тренажеры и набивное оборудование (мешки, лапы, груши);спортмастер груши боксерские цена;1;0;Напольные груши
Тренажеры и набивное оборудование (мешки, лапы, груши);стойка держатель для мешков;1;0;
Тренажеры и набивное оборудование (мешки, лапы, груши);стойка держатель для мешков;1;0;Стойки и крепления
Тренажеры и набивное оборудование (мешки, лапы, груши);стойка держатель для мусорных мешков;1;0;
Тренажеры и набивное оборудование (мешки, лапы, груши);стойка держатель для мусорных мешков;1;0;Стойки и крепления
Тренажеры и набивное оборудование (мешки, лапы, груши);стойка для боксерского мешка уличная;1;0;
Тренажеры и набивное оборудование (мешки, лапы, груши);стойка для боксерского мешка уличная;1;0;Наполнители
Тренажеры и набивное оборудование (мешки, лапы, груши);стойка уличная для мешка;1;0;
Тренажеры и набивное оборудование (мешки, лапы, груши);стойка уличная для мешка;1;0;Наполнители
Тренажеры и набивное оборудование (мешки, лапы, груши);чехол боксерских мешков купить;1;0;
Тренажеры и набивное оборудование (мешки, лапы, груши);чехол боксерских мешков купить;1;0;
Тренажеры и набивное оборудование (мешки, лапы, груши);чехол боксерских мешков купить;1;0;Подвесные мешки
Тренажеры и набивное оборудование (мешки, лапы, груши);hucc груша пневматическая на растяжках вес;0;0;
Тренажеры и набивное оборудование (мешки, лапы, груши);hukk груша пневматическая на растяжках вес;0;0;
Тренажеры и набивное оборудование (мешки, лапы, груши);sporting боксерский мешок купить;0;0;
Тренажеры и набивное оборудование (мешки, лапы, груши);title boxing груша пневматическая на растяжках купить;0;0;
Тренажеры и набивное оборудование (мешки, лапы, груши);zestora боксерская груша 3.6 кг цена 2000;0;0;
Тренажеры и набивное оборудование (мешки, лапы, груши);авито куплю боксерский мешок;0;0;
Тренажеры и набивное оборудование (мешки, лапы, груши);автомат боксерская груша цена;0;0;
Тренажеры и набивное оборудование (мешки, лапы, груши);аквамешок для бокса;0;0;
Тренажеры и набивное оборудование (мешки, лапы, груши);аксессуар для пневматической груши;0;0;
Тренажеры и набивное оборудование (мешки, лапы, груши);боксëрский мешок кожаный конус купить;0;0;
Тренажеры и набивное оборудование (мешки, лапы, груши);боксëрский мешок кожаный купить;0;0;
Тренажеры и набивное оборудование (мешки, лапы, груши);боксерская груша какую выбрать для дома;0;0;
Тренажеры и набивное оборудование (мешки, лапы, груши);боксерская груша купить в спб для дома;0;0;
Тренажеры и набивное оборудование (мешки, лапы, груши);боксерская груша купить в спортмастере цена;0;0;
Тренажеры и набивное оборудование (мешки, лапы, груши);боксерская груша на пружине;0;0;
Тренажеры и набивное оборудование (мешки, лапы, груши);боксерская груша на пружине напольная;0;0;
Тренажеры и набивное оборудование (мешки, лапы, груши);боксерская груша с песком цена;0;0;
Тренажеры и набивное оборудование (мешки, лапы, груши);боксерская платформа для пневматической груши;0;0;
Тренажеры и набивное оборудование (мешки, лапы, груши);боксерские груши для дома из пвх;0;0;
Тренажеры и набивное оборудование (мешки, лапы, груши);боксерские груши для дома какие лучше;0;0;
Тренажеры и набивное оборудование (мешки, лапы, груши);боксерские груши для дома цена;0;0;
Тренажеры и набивное оборудование (мешки, лапы, груши);боксерские перчатки купить на мешке;0;0;
Тренажеры и набивное оборудование (мешки, лапы, груши);боксерский мешок 120 см;0;0;
Тренажеры и набивное оборудование (мешки, лапы, груши);боксерский мешок 80 кг купить;0;0;
Тренажеры и набивное оборудование (мешки, лапы, груши);боксерский мешок green hill купить;0;0;
Тренажеры и набивное оборудование (мешки, лапы, груши);боксерский мешок title купить;0;0;
Тренажеры и набивное оборудование (мешки, лапы, груши);боксерский мешок в нижнем новгороде купить;0;0;
Тренажеры и набивное оборудование (мешки, лапы, груши);боксерский мешок вместе с наполнителем взрослый;0;0;
Тренажеры и набивное оборудование (мешки, лапы, груши);боксерский мешок двухслойный;0;0;
Тренажеры и набивное оборудование (мешки, лапы, груши);боксерский мешок для тайского бокса;0;0;
Тренажеры и набивное оборудование (мешки, лапы, груши);боксерский мешок купить в волгограде;0;0;
Тренажеры и набивное оборудование (мешки, лапы, груши);боксерский мешок купить в москве;0;0;
Тренажеры и набивное оборудование (мешки, лапы, груши);боксерский мешок купить екатеринбург;0;0;
Тренажеры и набивное оборудование (мешки, лапы, груши);боксерский мешок купить курск;0;0;
Тренажеры и набивное оборудование (мешки, лапы, груши);боксерский мешок купить на авито в рязани;0;0;
Тренажеры и набивное оборудование (мешки, лапы, груши);боксерский мешок купить озон;0;0;
Тренажеры и набивное оборудование (мешки, лапы, груши);боксерский мешок с наполнителем;0;0;
Тренажеры и набивное оборудование (мешки, лапы, груши);боксерский мешок с наполнителем;0;0;
Тренажеры и набивное оборудование (мешки, лапы, груши);боксерский мешок чтобы наполнить самостоятельно купить;0;0;
Тренажеры и набивное оборудование (мешки, лапы, груши);внутренний чехол для кресла мешка с наполнителем;0;0;
Тренажеры и набивное оборудование (мешки, лапы, груши);где купить боксерские мешки в севастополе;0;0;
Тренажеры и набивное оборудование (мешки, лапы, груши);где купить боксерский мешок;0;0;
Тренажеры и набивное оборудование (мешки, лапы, груши);где купить наполнитель для кресла мешка;0;0;
Тренажеры и набивное оборудование (мешки, лапы, груши);груша 50 кг цена боксерская;0;0;
Тренажеры и набивное оборудование (мешки, лапы, груши);груша боксерская в виде человека цена;0;0;
Тренажеры и набивное оборудование (мешки, лапы, груши);груша боксерская для дома ребенку;0;0;
Тренажеры и набивное оборудование (мешки, лапы, груши);груша боксерская на пружине;0;0;
Тренажеры и набивное оборудование (мешки, лапы, груши);груша боксерская настенная для дома;0;0;
Тренажеры и набивное оборудование (мешки, лапы, груши);груша боксерская настенная купить;0;0;
Тренажеры и набивное оборудование (мешки, лапы, груши);груша боксерская пневматическая;0;0;
Тренажеры и набивное оборудование (мешки, лапы, груши);груша боксерская пневматическая rekoy на растяжках;0;0;
Тренажеры и набивное оборудование (мешки, лапы, груши);груша боксерская пневматическая где купить;0;0;
Тренажеры и набивное оборудование (мешки, лапы, груши);груша боксерская пневматическая купить;0;0;
Тренажеры и набивное оборудование (мешки, лапы, груши);груша боксерская пневматическая на растяжках;0;0;
Тренажеры и набивное оборудование (мешки, лапы, груши);груша боксерская профессиональная 80кг;0;0;
Тренажеры и набивное оборудование (мешки, лапы, груши);груша боксерская регулируемая;0;0;
Тренажеры и набивное оборудование (мешки, лапы, груши);груша боксерская силомер цена;0;0;
Тренажеры и набивное оборудование (мешки, лапы, груши);груша двойная для бокса;0;0;
Тренажеры и набивное оборудование (мешки, лапы, груши);груша для бокса на стойке;0;0;
Тренажеры и набивное оборудование (мешки, лапы, груши);груша для нижних ударов;0;0;
Тренажеры и набивное оборудование (мешки, лапы, груши);груша для работы на скорость;0;0;
Тренажеры и набивное оборудование (мешки, лапы, груши);груша для скорости удара;0;0;
Тренажеры и набивное оборудование (мешки, лапы, груши);груша для скорости ударов;0;0;
Тренажеры и набивное оборудование (мешки, лапы, груши);груша для точных ударов;0;0;
Тренажеры и набивное оборудование (мешки, лапы, груши);груша на платформе;0;0;
Тренажеры и набивное оборудование (мешки, лапы, груши);груша пневматическая боксерская профессиональная скоростная;0;0;
Тренажеры и набивное оборудование (мешки, лапы, груши);груша пневматическая на растяжках rdx;0;0;
Тренажеры и набивное оборудование (мешки, лапы, груши);груша пневматическая на растяжках купить;0;0;
Тренажеры и набивное оборудование (мешки, лапы, груши);груша пневматическая на растяжке;0;0;
Тренажеры и набивное оборудование (мешки, лапы, груши);груша пневматическая с кронштейном;0;0;
Тренажеры и набивное оборудование (мешки, лапы, груши);груша реактивная;0;0;
Тренажеры и набивное оборудование (мешки, лапы, груши);груша скоростная боксерская пневматическая;0;0;
Тренажеры и набивное оборудование (мешки, лапы, груши);двухсторонний мешок для бокса;0;0;
Тренажеры и набивное оборудование (мешки, лапы, груши);детские лапы для бокса;0;0;
Тренажеры и набивное оборудование (мешки, лапы, груши);для чего нужна пневматическая груша;0;0;
Тренажеры и набивное оборудование (мешки, лапы, груши);заказать боксерскую грушу полу профессиональную;0;0;
Тренажеры и набивное оборудование (мешки, лапы, груши);зачем нужна пневматическая груша;0;0;
Тренажеры и набивное оборудование (мешки, лапы, груши);как выбрать боксерскую грушу для дома взрослому;0;0;
Тренажеры и набивное оборудование (мешки, лапы, груши);как выбрать боксерскую грушу для дома подростку;0;0;
Тренажеры и набивное оборудование (мешки, лапы, груши);как крепить пневматическую грушу;0;0;
Тренажеры и набивное оборудование (мешки, лапы, груши);как называется боксерская груша на пружине;0;0;
Тренажеры и набивное оборудование (мешки, лапы, груши);как называется наполнитель для кресла мешка;0;0;
Тренажеры и набивное оборудование (мешки, лапы, груши);как правильно выбрать боксерскую грушу для дома;0;0;
Тренажеры и набивное оборудование (мешки, лапы, груши);как сделать себе реактивную грушу;0;0;
Тренажеры и набивное оборудование (мешки, лапы, груши);как тренироваться на пневматической груше;0;0;
Тренажеры и набивное оборудование (мешки, лапы, груши);какой купить боксерский мешок;0;0;
Тренажеры и набивное оборудование (мешки, лапы, груши);какой наполнитель для кресла мешка;0;0;
Тренажеры и набивное оборудование (мешки, лапы, груши);какой наполнитель лучше для боксерского мешка;0;0;
Тренажеры и набивное оборудование (мешки, лапы, груши);какую боксерскую грушу лучше выбрать для дома;0;0;
Тренажеры и набивное оборудование (мешки, лапы, груши);какую выбрать боксерскую грушу для дома видео;0;0;
Тренажеры и набивное оборудование (мешки, лапы, груши);камера для пневматической скоростной груши;0;0;
Тренажеры и набивное оборудование (мешки, лапы, груши);камера пневматической груши;0;0;
Тренажеры и набивное оборудование (мешки, лапы, груши);комкующийся наполнитель для кошачьего туалета в мешках;0;0;
Тренажеры и набивное оборудование (мешки, лапы, груши);краснодар купить наполнитель для кресла мешка;0;0;
Тренажеры и набивное оборудование (мешки, лапы, груши);крепление для пневматической груши;0;0;
Тренажеры и набивное оборудование (мешки, лапы, груши);купить боксëрский мешок б у;0;0;
Тренажеры и набивное оборудование (мешки, лапы, груши);купить боксерский мешок 70 кг;0;0;
Тренажеры и набивное оборудование (мешки, лапы, груши);купить боксерский мешок в ангарске;0;0;
Тренажеры и набивное оборудование (мешки, лапы, груши);купить боксерский мешок севастополь;0;0;
Тренажеры и набивное оборудование (мешки, лапы, груши);купить боксерскую мешок без наполнителя;0;0;
Тренажеры и набивное оборудование (мешки, лапы, груши);купить большой боксëрский мешок;0;0;
Тренажеры и набивное оборудование (мешки, лапы, груши);купить в гатчине наполнитель для кресла мешка;0;0;
Тренажеры и набивное оборудование (мешки, лапы, груши);купить в калининграде мешок боксерский;0;0;
Тренажеры и набивное оборудование (мешки, лапы, груши);купить грушу для зала;0;0;
Тренажеры и набивное оборудование (мешки, лапы, груши);купить грушу для самбо;0;0;
Тренажеры и набивное оборудование (мешки, лапы, груши);купить крепеж для боксерского мешка для стены;0;0;
Тренажеры и набивное оборудование (мешки, лапы, груши);купить крюк для маленькой груши на платформе;0;0;
Тренажеры и набивное оборудование (мешки, лапы, груши);купить лапы для тренера;0;0;
Тренажеры и набивное оборудование (мешки, лапы, груши);купить лапы для тренировок;0;0;
Тренажеры и набивное оборудование (мешки, лапы, груши);купить макивару шилову;0;0;
Тренажеры и набивное оборудование (мешки, лапы, груши);купить медболы и макивары в кирово чепецке;0;0;
Тренажеры и набивное оборудование (мешки, лапы, груши);купить мешок боксерский груши;0;0;
Тренажеры и набивное оборудование (мешки, лапы, груши);купить мешок для ММА;0;0;
Тренажеры и набивное оборудование (мешки, лапы, груши);купить мешок для бокса дешево;0;0;
Тренажеры и набивное оборудование (мешки, лапы, груши);купить мешок для груши без наполнителя;0;0;
Тренажеры и набивное оборудование (мешки, лапы, груши);купить мешок для мма;0;0;
Тренажеры и набивное оборудование (мешки, лапы, груши);купить набивное оборудование комплект;0;0;
Тренажеры и набивное оборудование (мешки, лапы, груши);купить наполнители для мешков груш;0;0;
Тренажеры и набивное оборудование (мешки, лапы, груши);купить пневматическую грушу;0;0;
Тренажеры и набивное оборудование (мешки, лапы, груши);купить профессиональные боксерские мешки;0;0;
Тренажеры и набивное оборудование (мешки, лапы, груши);купить пустой боксерский мешок;0;0;
Тренажеры и набивное оборудование (мешки, лапы, груши);купить реактивную грушу;0;0;
Тренажеры и набивное оборудование (мешки, лапы, груши);курган купить боксерский мешок авито;0;0;
Тренажеры и набивное оборудование (мешки, лапы, груши);курган купить боксерский мешок грушу;0;0;
Тренажеры и набивное оборудование (мешки, лапы, груши);лапа для бокса детская;0;0;
Тренажеры и набивное оборудование (мешки, лапы, груши);лапа настенная для бокса;0;0;
Тренажеры и набивное оборудование (мешки, лапы, груши);лапы боксерские тренера;0;0;
Тренажеры и набивное оборудование (мешки, лапы, груши);лапы для бокса с амортизацией;0;0;
Тренажеры и набивное оборудование (мешки, лапы, груши);лапы для бокса тренажер;0;0;
Тренажеры и набивное оборудование (мешки, лапы, груши);лапы для бокса тренера;0;0;
Тренажеры и набивное оборудование (мешки, лапы, груши);лапы для детского бокса;0;0;
Тренажеры и набивное оборудование (мешки, лапы, груши);лапы для детского бокса;0;0;
Тренажеры и набивное оборудование (мешки, лапы, груши);лапы для комбо ударов;0;0;
Тренажеры и набивное оборудование (мешки, лапы, груши);лапы для работы в паре;0;0;
Тренажеры и набивное оборудование (мешки, лапы, груши);лапы для работы в паре;0;0;
Тренажеры и набивное оборудование (мешки, лапы, груши);лапы для работы в паре;0;0;
Тренажеры и набивное оборудование (мешки, лапы, груши);лапы для работы с ногами;0;0;
Тренажеры и набивное оборудование (мешки, лапы, груши);лапы для работы с ногами;0;0;
Тренажеры и набивное оборудование (мешки, лапы, груши);лапы для спаррингов;0;0;
Тренажеры и набивное оборудование (мешки, лапы, груши);лапы для тайского бокса;0;0;
Тренажеры и набивное оборудование (мешки, лапы, груши);лапы для тайского бокса;0;0;
Тренажеры и набивное оборудование (мешки, лапы, груши);лапы для точечных ударов;0;0;
Тренажеры и набивное оборудование (мешки, лапы, груши);лапы кожаные для бокса;0;0;
Тренажеры и набивное оборудование (мешки, лапы, груши);лапы кожаные для бокса;0;0;
Тренажеры и набивное оборудование (мешки, лапы, груши);лапы кубические для бокса;0;0;
Тренажеры и набивное оборудование (мешки, лапы, груши);лапы пауковые для грапплинга;0;0;
Тренажеры и набивное оборудование (мешки, лапы, груши);лапы паучьи для бокса;0;0;
Тренажеры и набивное оборудование (мешки, лапы, груши);лапы тренера для бокса;0;0;
Тренажеры и набивное оборудование (мешки, лапы, груши);лапы тренера профессиональные;0;0;
Тренажеры и набивное оборудование (мешки, лапы, груши);лапы универсальные для единоборств;0;0;
Тренажеры и набивное оборудование (мешки, лапы, груши);лапы фокусные профессиональные;0;0;
Тренажеры и набивное оборудование (мешки, лапы, груши);лучшие боксерские груши для дома;0;0;
Тренажеры и набивное оборудование (мешки, лапы, груши);лучший наполнитель для боксерских мешков;0;0;
Тренажеры и набивное оборудование (мешки, лапы, груши);лучший наполнитель для кресла мешка;0;0;
Тренажеры и набивное оборудование (мешки, лапы, груши);макивара для каратэ деревянная купить;0;0;
Тренажеры и набивное оборудование (мешки, лапы, груши);макивара для тхэквондо купить;0;0;
Тренажеры и набивное оборудование (мешки, лапы, груши);макивара камертон шилова купить;0;0;
Тренажеры и набивное оборудование (мешки, лапы, груши);макивара каратэ купить;0;0;
Тренажеры и набивное оборудование (мешки, лапы, груши);макивара купить ростов на дону;0;0;
Тренажеры и набивное оборудование (мешки, лапы, груши);макивара ручная купить;0;0;
Тренажеры и набивное оборудование (мешки, лапы, груши);макивара шилова купить;0;0;
Тренажеры и набивное оборудование (мешки, лапы, груши);макивары для единоборств купить;0;0;
Тренажеры и набивное оборудование (мешки, лапы, груши);макивары купить в казани;0;0;
Тренажеры и набивное оборудование (мешки, лапы, груши);макивары купить челябинск 55 см;0;0;
Тренажеры и набивное оборудование (мешки, лапы, груши);мешки для древесного наполнителя;0;0;
Тренажеры и набивное оборудование (мешки, лапы, груши);мешки для кошачьего наполнителя;0;0;
Тренажеры и набивное оборудование (мешки, лапы, груши);мешок боксерский 40 кг купить;0;0;
Тренажеры и набивное оборудование (мешки, лапы, груши);мешок боксерский 50 кг купить;0;0;
Тренажеры и набивное оборудование (мешки, лапы, груши);мешок боксерский кожаный 80 кг купить;0;0;
Тренажеры и набивное оборудование (мешки, лапы, груши);мешок боксерский кожаный купить в иркутске;0;0;
Тренажеры и набивное оборудование (мешки, лапы, груши);мешок боксерский крошка купить;0;0;
Тренажеры и набивное оборудование (мешки, лапы, груши);мешок боксерский купить в кемерово;0;0;
Тренажеры и набивное оборудование (мешки, лапы, груши);мешок боксерский купить с доставкой;0;0;
Тренажеры и набивное оборудование (мешки, лапы, груши);мешок боксерский на опорах купить;0;0;
Тренажеры и набивное оборудование (мешки, лапы, груши);мешок боксерский нат кожа купить;0;0;
Тренажеры и набивное оборудование (мешки, лапы, груши);мешок водяной для бокса;0;0;
Тренажеры и набивное оборудование (мешки, лапы, груши);мешок груша боксерская купить в новосибирске;0;0;
Тренажеры и набивное оборудование (мешки, лапы, груши);мешок для верхних ударов;0;0;
Тренажеры и набивное оборудование (мешки, лапы, груши);мешок для груши без наполнителя;0;0;
Тренажеры и набивное оборудование (мешки, лапы, груши);мешок для единоборств цена;0;0;
Тренажеры и набивное оборудование (мешки, лапы, груши);мешок для кикбоксинга как подобрать вес;0;0;
Тренажеры и набивное оборудование (мешки, лапы, груши);мешок для комбинаций;0;0;
Тренажеры и набивное оборудование (мешки, лапы, груши);мешок для кيكбоксинга купить;0;0;
Тренажеры и набивное оборудование (мешки, лапы, груши);мешок для лежания с наполнителем;0;0;
Тренажеры и набивное оборудование (мешки, лапы, груши);мешок для наполнителя подушки;0;0;
Тренажеры и набивное оборудование (мешки, лапы, груши);мешок для самбо;0;0;
Тренажеры и набивное оборудование (мешки, лапы, груши);мешок для самбо;0;0;
Тренажеры и набивное оборудование (мешки, лапы, груши);мешок для тайского бокса;0;0;
Тренажеры и набивное оборудование (мешки, лапы, груши);мешок набивной для ног;0;0;
Тренажеры и набивное оборудование (мешки, лапы, груши);мешок набивной тяжелый;0;0;
Тренажеры и набивное оборудование (мешки, лапы, груши);мешок напольный для бокса;0;0;
Тренажеры и набивное оборудование (мешки, лапы, груши);мешок тяжелый 60 кг;0;0;
Тренажеры и набивное оборудование (мешки, лапы, груши);мешок тяжелый для бокса;0;0;
Тренажеры и набивное оборудование (мешки, лапы, груши);музыкальная боксерская груша настенная купить;0;0;
Тренажеры и набивное оборудование (мешки, лапы, груши);набивная груша детская;0;0;
Тренажеры и набивное оборудование (мешки, лапы, груши);набивная груша для дома;0;0;
Тренажеры и набивное оборудование (мешки, лапы, груши);набивная груша для дома;0;0;
Тренажеры и набивное оборудование (мешки, лапы, груши);набивная груша профессиональная;0;0;
Тренажеры и набивное оборудование (мешки, лапы, груши);набивная груша с пружиной;0;0;
Тренажеры и набивное оборудование (мешки, лапы, груши);набивная груша цена;0;0;
Тренажеры и набивное оборудование (мешки, лапы, груши);набивное оборудование для зала;0;0;
Тренажеры и набивное оборудование (мешки, лапы, груши);набивное оборудование для зала;0;0;
Тренажеры и набивное оборудование (мешки, лапы, груши);набивное оборудование заказ;0;0;
Тренажеры и набивное оборудование (мешки, лапы, груши);набивное оборудование каталог;0;0;
Тренажеры и набивное оборудование (мешки, лапы, груши);набивное оборудование оптом;0;0;
Тренажеры и набивное оборудование (мешки, лапы, груши);набивное оборудование оптом;0;0;
Тренажеры и набивное оборудование (мешки, лапы, груши);набивной манекин для ударений;0;0;
Тренажеры и набивное оборудование (мешки, лапы, груши);набивной мешок для дома;0;0;
Тренажеры и набивное оборудование (мешки, лапы, груши);набивной мешок для дома;0;0;
Тренажеры и набивное оборудование (мешки, лапы, груши);набивные мешки для зала;0;0;
Тренажеры и набивное оборудование (мешки, лапы, груши);наполнитель ветошь для боксерского мешка;0;0;
Тренажеры и набивное оборудование (мешки, лапы, груши);наполнитель для боксерского мешка купить;0;0;
Тренажеры и набивное оборудование (мешки, лапы, груши);наполнитель для кошачьего туалета мешок;0;0;
Тренажеры и набивное оборудование (мешки, лапы, груши);наполнитель для кресла мешка 0.5 2мм;0;0;
Тренажеры и набивное оборудование (мешки, лапы, груши);наполнитель для кресла мешка 100 литров;0;0;
Тренажеры и набивное оборудование (мешки, лапы, груши);наполнитель для кресла мешка какой лучше;0;0;
Тренажеры и набивное оборудование (мешки, лапы, груши);наполнитель для кресла мешка купить в москве;0;0;
Тренажеры и набивное оборудование (мешки, лапы, груши);наполнитель для кресла мешка купить в спб;0;0;
Тренажеры и набивное оборудование (мешки, лапы, груши);наполнитель для кресла мешка объемом 1000 л;0;0;
Тренажеры и набивное оборудование (мешки, лапы, груши);наполнитель для кресла мешка озон;0;0;
Тренажеры и набивное оборудование (мешки, лапы, груши);наполнитель для кресла мешка отзывы;0;0;
Тренажеры и набивное оборудование (мешки, лапы, груши);наполнитель для кресла мешка пенополистирол 100 л;0;0;
Тренажеры и набивное оборудование (мешки, лапы, груши);наполнитель для кресла мешка пенополистирол купить;0;0;
Тренажеры и набивное оборудование (мешки, лапы, груши);наполнитель для кресла мешка спб;0;0;
Тренажеры и набивное оборудование (мешки, лапы, груши);наполнитель для кресла мешков опт ивановская область;0;0;
Тренажеры и набивное оборудование (мешки, лапы, груши);наполнитель для кресло мешка 300 литров;0;0;
Тренажеры и набивное оборудование (мешки, лапы, груши);наполнитель для мешка купить в спб;0;0;
Тренажеры и набивное оборудование (мешки, лапы, груши);наполнитель для мешков в спб;0;0;
Тренажеры и набивное оборудование (мешки, лапы, груши);наполнитель для пуфа мешка;0;0;
Тренажеры и набивное оборудование (мешки, лапы, груши);наполнитель для пуфа мешка купить;0;0;
Тренажеры и набивное оборудование (мешки, лапы, груши);наполнитель для пуфика мешка;0;0;
Тренажеры и набивное оборудование (мешки, лапы, груши);наполнитель для стрелкового мешка;0;0;
Тренажеры и набивное оборудование (мешки, лапы, груши);напольная боксерская груша взрослая на пружине;0;0;
Тренажеры и набивное оборудование (мешки, лапы, груши);напольная реактивная груша mmatica pro;0;0;
Тренажеры и набивное оборудование (мешки, лапы, груши);напольный боксерский мешок для улицы купить авито;0;0;
Тренажеры и набивное оборудование (мешки, лапы, груши);напольный мешок для бокса;0;0;
Тренажеры и набивное оборудование (мешки, лапы, груши);напольный мешок для бокса взрослый;0;0;
Тренажеры и набивное оборудование (мешки, лапы, груши);настенное крепление для боксерской груши;0;0;
Тренажеры и набивное оборудование (мешки, лапы, груши);настенные лапы для бокса;0;0;
Тренажеры и набивное оборудование (мешки, лапы, груши);настенные подушки ударные;0;0;
Тренажеры и набивное оборудование (мешки, лапы, груши);настенный кронштейн для боксерской груши;0;0;
Тренажеры и набивное оборудование (мешки, лапы, груши);настенный мешок для ударений;0;0;
Тренажеры и набивное оборудование (мешки, лапы, груши);объем наполнителя для кресла мешка;0;0;
Тренажеры и набивное оборудование (мешки, лапы, груши);пневматическая груша в боксе;0;0;
Тренажеры и набивное оборудование (мешки, лапы, груши);пневматическая груша для бокса на растяжках;0;0;
Тренажеры и набивное оборудование (мешки, лапы, груши);пневматическая груша для бокса с платформой;0;0;
Тренажеры и набивное оборудование (мешки, лапы, груши);пневматическая груша для труб;0;0;
Тренажеры и набивное оборудование (мешки, лапы, груши);пневматическая груша на платформе;0;0;
Тренажеры и набивное оборудование (мешки, лапы, груши);пневматическая груша напольная;0;0;
Тренажеры и набивное оборудование (мешки, лапы, груши);пневматический мешок бокс;0;0;
Тренажеры и набивное оборудование (мешки, лапы, груши);полиуретановый наполнитель для боксерского мешка;0;0;
Тренажеры и набивное оборудование (мешки, лапы, груши);производство наполнителя для кресел мешков;0;0;
Тренажеры и набивное оборудование (мешки, лапы, груши);профессиональная работа с боксерской грушей постановка удара;0;0;
Тренажеры и набивное оборудование (мешки, лапы, груши);профессиональные боксерские груши премиум класс;0;0;
Тренажеры и набивное оборудование (мешки, лапы, груши);работа на пневматической груше;0;0;
Тренажеры и набивное оборудование (мешки, лапы, груши);реактивная боксерская груша;0;0;
Тренажеры и набивное оборудование (мешки, лапы, груши);реактивная груша;0;0;
Тренажеры и набивное оборудование (мешки, лапы, груши);реактивная груша filippov;0;0;
Тренажеры и набивное оборудование (мешки, лапы, груши);реактивная груша для бокса;0;0;
Тренажеры и набивное оборудование (мешки, лапы, груши);реактивная груша для бокса купить;0;0;
Тренажеры и набивное оборудование (мешки, лапы, груши);реактивная напольная груша;0;0;
Тренажеры и набивное оборудование (мешки, лапы, груши);резиновая крошка для боксерского мешка купить;0;0;
Тренажеры и набивное оборудование (мешки, лапы, груши);рейтинг боксерских груш для дома;0;0;
Тренажеры и набивное оборудование (мешки, лапы, груши);силикагелевый наполнитель для кошек большой мешок;0;0;
Тренажеры и набивное оборудование (мешки, лапы, груши);сима ленд наполнитель для кресла мешка;0;0;
Тренажеры и набивное оборудование (мешки, лапы, груши);синтетические наполнители для спальных мешков;0;0;
Тренажеры и набивное оборудование (мешки, лапы, груши);сколько весит пневматическая груша на растяжках;0;0;
Тренажеры и набивное оборудование (мешки, лапы, груши);сколько нужно наполнителя для кресла мешка 4xl;0;0;
Тренажеры и набивное оборудование (мешки, лапы, груши);сколько стоит боксерская груша для дома;0;0;
Тренажеры и набивное оборудование (мешки, лапы, груши);стеновый мешок для бокса;0;0;
Тренажеры и набивное оборудование (мешки, лапы, груши);стойка для боксерского мешка напольная купить;0;0;
Тренажеры и набивное оборудование (мешки, лапы, груши);стойка для пневматической груши;0;0;
Тренажеры и набивное оборудование (мешки, лапы, груши);топ 10 наполнителя для спального мешка;0;0;
Тренажеры и набивное оборудование (мешки, лапы, груши);тренажер для бокса сила удара на руку;0;0;
Тренажеры и набивное оборудование (мешки, лапы, груши);тренажер для постановки удара в боксе;0;0;
Тренажеры и набивное оборудование (мешки, лапы, груши);тренажер для ударов бокс;0;0;
Тренажеры и набивное оборудование (мешки, лапы, груши);тренажер для ударов бокс;0;0;
Тренажеры и набивное оборудование (мешки, лапы, груши);тренажер мауэр для бокса;0;0;
Тренажеры и набивное оборудование (мешки, лапы, груши);тренажеры для бокса заказать;0;0;
Тренажеры и набивное оборудование (мешки, лапы, груши);тренажеры для бокса отработка ударов;0;0;
Тренажеры и набивное оборудование (мешки, лапы, груши);тренажеры для зала бокс;0;0;
Тренажеры и набивное оборудование (мешки, лапы, груши);тренировочные лапы и макивары купить;0;0;
Тренажеры и набивное оборудование (мешки, лапы, груши);цена боксерской груши с оплатой денег;0;0;
Тренажеры и набивное оборудование (мешки, лапы, груши);чехол боксерского мешка без наполнителя купить;0;0;
Тренажеры и набивное оборудование (мешки, лапы, груши);щит для пневматической груши;0;0;
Форма для бокса;костюм спортивный беларусь;252;0;
Форма для бокса;костюм спортивный беларусь;252;0;Спортивные костюмы Беларусь
Форма для бокса;спортивные костюмы беларусь;252;0;Спортивные костюмы Беларусь
Форма для бокса;спортивный костюм беларусь;252;0;
Форма для бокса;спортивный костюм беларусь;252;0;Спортивные костюмы Беларусь
Форма для бокса;белорусские спортивные костюмы;152;0;Спортивные костюмы Беларусь
Форма для бокса;белорусский спортивный костюм;152;0;Спортивные костюмы Беларусь
Форма для бокса;спортивные белорусские костюмы;152;0;Спортивные костюмы Беларусь
Форма для бокса;спортивный костюм белорусский;152;0;Спортивные костюмы Беларусь
Форма для бокса;спортивный костюм беларусь купить;138;0;
Форма для бокса;спортивный костюм беларусь купить;138;0;Спортивные костюмы Беларусь
Форма для бокса;костюм спортивный мужской беларусь;104;0;
Форма для бокса;костюм спортивный мужской беларусь;104;0;Мужские спортивные костюмы
Форма для бокса;спортивный костюм беларусь мужской;104;0;Спортивные костюмы Беларусь
Форма для бокса;спортивный костюм мужской беларусь;104;0;
Форма для бокса;спортивный костюм мужской беларусь;104;0;Мужские спортивные костюмы
Форма для бокса;спортивные костюмы с белорусской символикой;52;0;
Форма для бокса;спортивные костюмы с белорусской символикой;52;0;Костюмы с символикой Беларусь
Форма для бокса;купить белорусский спортивный костюм;49;0;
Форма для бокса;купить белорусский спортивный костюм;49;0;Костюмы с символикой Беларусь
Форма для бокса;одежда бокс;39;0;
Форма для бокса;одежда бокс;39;0;
Форма для бокса;одежда бокс;39;0;Одежда и экипировка
Форма для бокса;спортивные костюмы с символикой беларусь;38;0;Костюмы с символикой Беларусь
Форма для бокса;спортивный костюм с символикой беларуси;38;0;
Форма для бокса;спортивный костюм с символикой беларуси;38;0;Костюмы с символикой Беларусь
Форма для бокса;купить спортивный костюм мужской в беларуси;32;0;
Форма для бокса;купить спортивный костюм мужской в беларуси;32;0;Мужские спортивные костюмы
Форма для бокса;купить спортивный костюм с символикой беларусь;31;0;Костюмы с символикой Беларусь
Форма для бокса;спортивный костюм женский беларусь;31;0;
Форма для бокса;спортивный костюм женский беларусь;31;0;Спортивные костюмы Беларусь
Форма для бокса;спортивный костюм белоруссии;30;0;
Форма для бокса;спортивный костюм белоруссии;30;0;Спортивные костюмы Беларусь
Форма для бокса;спортивный костюм белоруссия;30;0;Спортивные костюмы Беларусь
Форма для бокса;белорусские спортивные костюмы женские;28;0;
Форма для бокса;белорусские спортивные костюмы женские;28;0;Спортивные костюмы Беларусь
Форма для бокса;купить спортивный костюм с белорусской символикой;24;0;
Форма для бокса;купить спортивный костюм с белорусской символикой;24;0;Костюмы с символикой Беларусь
Форма для бокса;для бокса одежда;23;0;
Форма для бокса;для бокса одежда;23;0;
Форма для бокса;для бокса одежда;23;0;Одежда и экипировка
Форма для бокса;одежда для бокса;23;0;
Форма для бокса;одежда для бокса;23;0;
Форма для бокса;одежда для бокса;23;0;Одежда и экипировка
Форма для бокса;экипировка для бокса;19;0;
Форма для бокса;экипировка для бокса;19;0;
Форма для бокса;экипировка для бокса;19;0;Одежда и экипировка
Форма для бокса;бренд белорусских спортивных костюмов;18;0;
Форма для бокса;бренд белорусских спортивных костюмов;18;0;Спортивные костюмы Беларусь
Форма для бокса;костюмы спортивные белоруссия купить;17;0;
Форма для бокса;костюмы спортивные белоруссия купить;17;0;Спортивные костюмы Беларусь
Форма для бокса;купить спортивный костюм белоруссия;17;0;Спортивные костюмы Беларусь
Форма для бокса;спортивный костюм сборной беларуси;16;0;
Форма для бокса;спортивный костюм сборной беларуси;16;0;Спортивные костюмы Беларусь
Форма для бокса;белорусские спортивные костюмы мужские;15;0;
Форма для бокса;белорусские спортивные костюмы мужские;15;0;Спортивные костюмы Беларусь
Форма для бокса;летние спортивные костюмы беларусь;14;0;
Форма для бокса;летние спортивные костюмы беларусь;14;0;Спортивные костюмы Беларусь
Форма для бокса;спортивный костюм с надписью беларусь;11;0;
Форма для бокса;спортивный костюм с надписью беларусь;11;0;Спортивные костюмы Беларусь
Форма для бокса;экипировка для бокса купить;11;0;
Форма для бокса;экипировка для бокса купить;11;0;
Форма для бокса;экипировка для бокса купить;11;0;Одежда и экипировка
Форма для бокса;спортивный костюм белорусского производства;10;0;
Форма для бокса;спортивный костюм белорусского производства;10;0;Спортивные костюмы Беларусь
Форма для бокса;купить вещи для бокса;9;0;
Форма для бокса;купить вещи для бокса;9;0;
Форма для бокса;купить вещи для бокса;9;0;Одежда и экипировка
Форма для бокса;белорусский спортивный костюм женский купить;8;0;
Форма для бокса;белорусский спортивный костюм женский купить;8;0;Спортивные костюмы Беларусь
Форма для бокса;боксерская майка;8;0;
Форма для бокса;боксерская майка;8;0;Нераспределённые
Форма для бокса;боксерские майки;8;0;
Форма для бокса;боксерские майки;8;0;Нераспределённые
Форма для бокса;купить спортивный костюм женский беларуси;8;0;Спортивные костюмы Беларусь
Форма для бокса;майка боксерская;8;0;
Форма для бокса;майка боксерская;8;0;Нераспределённые
Форма для бокса;спортивные костюмы беларусь женские купить;8;0;
Форма для бокса;спортивные костюмы беларусь женские купить;8;0;Спортивные костюмы Беларусь
Форма для бокса;костюм мужской спортивный белоруссией;7;0;
Форма для бокса;костюм мужской спортивный белоруссией;7;0;Спортивные костюмы Беларусь
Форма для бокса;мужские спортивные костюмы белоруссия;7;0;
Форма для бокса;мужские спортивные костюмы белоруссия;7;0;Спортивные костюмы Беларусь
Форма для бокса;купить спортивный костюм мужской белоруссия;6;0;Спортивные костюмы Беларусь
Форма для бокса;мужские спортивные костюмы белоруссия купить;6;0;
Форма для бокса;мужские спортивные костюмы белоруссия купить;6;0;Спортивные костюмы Беларусь
Форма для бокса;белорусская одежда фирмы панда спортивный костюм женский;5;0;Спортивные костюмы Беларусь
Форма для бокса;вайлдберриз беларусь купить женский спортивный костюм;5;0;
Форма для бокса;вайлдберриз беларусь купить женский спортивный костюм;5;0;Спортивные костюмы Беларусь
Форма для бокса;вайлдберриз беларусь купить костюм женский спортивный летний;5;0;Спортивные костюмы Беларусь
Форма для бокса;костюм спортивный женский летний белорусский;5;0;
Форма для бокса;костюм спортивный женский летний белорусский;5;0;Спортивные костюмы Беларусь
Форма для бокса;боксы женские купить;4;0;Спортивные костюмы Беларусь
Форма для бокса;купить белорусский мужской спортивные костюмы;4;0;
Форма для бокса;купить белорусский мужской спортивные костюмы;4;0;Спортивные костюмы Беларусь
Форма для бокса;синяя боксерская форма;4;0;
Форма для бокса;синяя боксерская форма;4;0;Нераспределённые
Форма для бокса;боксерская одежда;3;0;
Форма для бокса;боксерская одежда;3;0;Нераспределённые
Форма для бокса;боксёрская одежда;3;0;
Форма для бокса;боксёрская одежда;3;0;Нераспределённые
Форма для бокса;спортивные костюмы беларусь интернет;3;0;
Форма для бокса;спортивные костюмы беларусь интернет;3;0;Спортивные костюмы Беларусь
Форма для бокса;спортивные костюмы беларусь интернет магазин;3;0;Спортивные костюмы Беларусь
Форма для бокса;спортивные костюмы интернет магазины беларусь;3;0;
Форма для бокса;спортивные костюмы интернет магазины беларусь;3;0;Спортивные костюмы Беларусь
Форма для бокса;спортивные костюмы производство белоруссия;3;0;
Форма для бокса;спортивные костюмы производство белоруссия;3;0;Спортивные костюмы Беларусь
Форма для бокса;спортивный костюм женский белоруссия;3;0;
Форма для бокса;спортивный костюм женский белоруссия;3;0;Спортивные костюмы Беларусь
Форма для бокса;спортивный костюм производства белоруссии;3;0;Спортивные костюмы Беларусь
Форма для бокса;спортивный костюм с майкой;3;0;
Форма для бокса;спортивный костюм с майкой;3;0;Спортивные костюмы Беларусь
Форма для бокса;белорусские женские спортивные костюмы больших;2;0;
Форма для бокса;белорусские женские спортивные костюмы больших;2;0;Спортивные костюмы Беларусь
Форма для бокса;белорусские спортивные костюмы больших размеров;2;0;
Форма для бокса;белорусские спортивные костюмы больших размеров;2;0;Спортивные костюмы Беларусь
Форма для бокса;белорусские спортивные костюмы большого;2;0;
Форма для бокса;белорусские спортивные костюмы большого;2;0;Спортивные костюмы Беларусь
Форма для бокса;белорусские спортивные костюмы женские больших размеров;2;0;
Форма для бокса;белорусские спортивные костюмы женские больших размеров;2;0;Спортивные костюмы Беларусь
Форма для бокса;белорусские спортивные костюмы женские интернет магазин;2;0;
Форма для бокса;белорусские спортивные костюмы женские интернет магазин;2;0;Спортивные костюмы Беларусь
Форма для бокса;бокс прическа для мальчиков;2;0;
Форма для бокса;боксерский стиль одежды;2;0;
Форма для бокса;боксерский стиль одежды;2;0;Нераспределённые
Форма для бокса;бренды одежды для бокса;2;0;
Форма для бокса;бренды одежды для бокса;2;0;
Форма для бокса;бренды одежды для бокса;2;0;Одежда и экипировка
Форма для бокса;валберис белорусские спортивные костюмы;2;0;
Форма для бокса;валберис белорусские спортивные костюмы;2;0;Спортивные костюмы Беларусь
Форма для бокса;валберис костюм спортивный беларусь;2;0;Спортивные костюмы Беларусь
Форма для бокса;интернет магазин белорусских спортивных костюмов;2;0;Спортивные костюмы Беларусь
Форма для бокса;костюм спортивный женский беларусь валберис;2;0;
Форма для бокса;костюм спортивный женский беларусь валберис;2;0;Спортивные костюмы Беларусь
Форма для бокса;купить женские спортивные костюмы белоруссии;2;0;Спортивные костюмы Беларусь
Форма для бокса;купить женский спортивный костюм белоруссия;2;0;
Форма для бокса;купить женский спортивный костюм белоруссия;2;0;Спортивные костюмы Беларусь
Форма для бокса;купить спортивный костюм бокс;2;0;Мужские спортивные костюмы
Форма для бокса;магазин белорусских спортивных костюмов;2;0;Спортивные костюмы Беларусь
Форма для бокса;сколько стоит экипировка для бокса;2;0;
Форма для бокса;сколько стоит экипировка для бокса;2;0;Одежда и экипировка
Форма для бокса;спортивные костюмы белорусские большие размеры;2;0;Спортивные костюмы Беларусь
Форма для бокса;спортивные костюмы бокс;2;0;Мужские спортивные костюмы
Форма для бокса;спортивные костюмы валберис беларусь;2;0;
Форма для бокса;спортивные костюмы валберис беларусь;2;0;Спортивные костюмы Беларусь
Форма для бокса;спортивный костюм бокс;2;0;Мужские спортивные костюмы
Форма для бокса;спортивный костюм сборной по боксу;2;0;
Форма для бокса;спортивный костюм сборной по боксу;2;0;Спортивные костюмы Беларусь
Форма для бокса;фото спортивного костюма сборной беларусь;2;0;
Форма для бокса;фото спортивного костюма сборной беларусь;2;0;Спортивные костюмы Беларусь
Форма для бокса;белорусские спортивные костюмы женские купить на валберис;1;0;
Форма для бокса;белорусские спортивные костюмы женские купить на валберис;1;0;Спортивные костюмы Беларусь
Форма для бокса;белорусский трикотаж спортивные костюмы;1;0;Спортивные костюмы Беларусь
Форма для бокса;белорусский трикотаж спортивный костюм;1;0;
Форма для бокса;белорусский трикотаж спортивный костюм;1;0;Спортивные костюмы Беларусь
Форма для бокса;бокс для подростка мальчика;1;0;
Форма для бокса;бокс старой одежды;1;0;
Форма для бокса;боксерские бренды одежды;1;0;
Форма для бокса;боксерские бренды одежды;1;0;Нераспределённые
Форма для бокса;боксерский костюм;1;0;
Форма для бокса;боксерский костюм;1;0;Спортивные костюмы Беларусь
Форма для бокса;боксёрский костюм;1;0;
Форма для бокса;боксёрский костюм;1;0;Спортивные костюмы Беларусь
Форма для бокса;женская федерация бокса;1;0;
Форма для бокса;женская федерация бокса;1;0;Одежда и экипировка
Форма для бокса;женский бандаж для бокса;1;0;
Форма для бокса;женский бандаж для бокса;1;0;Одежда и экипировка
Форма для бокса;заказать бокс одежды;1;0;
Форма для бокса;как ухаживать за перчатками для бокса;1;0;
Форма для бокса;как ухаживать за перчатками для бокса;1;0;Одежда и экипировка
Форма для бокса;костюм боксерский;1;0;
Форма для бокса;костюм боксерский;1;0;Спортивные костюмы Беларусь
Форма для бокса;купить боксерскую форму;1;0;
Форма для бокса;купить боксерскую форму;1;0;Нераспределённые
Форма для бокса;купить напольную грушу для бокса взрослую;1;0;
Форма для бокса;купить напольную грушу для бокса взрослую;1;0;Одежда и экипировка
Форма для бокса;купить форму для бокса;1;0;
Форма для бокса;купить форму для бокса;1;0;
Форма для бокса;купить форму для бокса;1;0;Одежда и экипировка
Форма для бокса;магазин экипировки для бокса;1;0;
Форма для бокса;магазин экипировки для бокса;1;0;Одежда и экипировка
Форма для бокса;одежда для бокса женская;1;0;
Форма для бокса;одежда для бокса женская;1;0;
Форма для бокса;одежда для бокса женская;1;0;Одежда и экипировка
Форма для бокса;одежда для бокса мужская;1;0;
Форма для бокса;одежда для бокса мужская;1;0;
Форма для бокса;одежда для бокса мужская;1;0;Одежда и экипировка
Форма для бокса;одежда для занятий боксом;1;0;
Форма для бокса;одежда для занятий боксом;1;0;Нераспределённые
Форма для бокса;секция женского бокса;1;0;
Форма для бокса;секция женского бокса;1;0;Одежда и экипировка
Форма для бокса;сколько стоит экипировка для конного спорта;1;0;
Форма для бокса;сколько стоит экипировка для конного спорта;1;0;
Форма для бокса;сколько стоит экипировка для конного спорта;1;0;Одежда и экипировка
Форма для бокса;спортивный женский костюм белорусский на валберис;1;0;
Форма для бокса;спортивный женский костюм белорусский на валберис;1;0;Спортивные костюмы Беларусь
Форма для бокса;стрижка бокс для мальчика;1;0;
Форма для бокса;термосумка для ланч бокса женская;1;0;
Форма для бокса;термосумка для ланч бокса женская;1;0;Одежда и экипировка
Форма для бокса;тренажер для бокса взрослый;1;0;
Форма для бокса;тренажер для бокса взрослый;1;0;Одежда и экипировка
Форма для бокса;тренажер для бокса музыкальный настенный взрослый;1;0;
Форма для бокса;тренажер для бокса музыкальный настенный взрослый;1;0;Одежда и экипировка
Форма для бокса;фирмы экипировки для бокса;1;0;
Форма для бокса;фирмы экипировки для бокса;1;0;
Форма для бокса;фирмы экипировки для бокса;1;0;Одежда и экипировка
Форма для бокса;форма для бокса для девочек;1;0;
Форма для бокса;форма для бокса для девочек;1;0;
Форма для бокса;форма для бокса для девочек;1;0;Одежда и экипировка
Форма для бокса;чемпион женского бокса;1;0;
Форма для бокса;чемпион женского бокса;1;0;Одежда и экипировка
Форма для бокса;чемпионка женского бокса;1;0;
Форма для бокса;чемпионка женского бокса;1;0;Одежда и экипировка
Форма для бокса;ifma тайский бокс одежда;0;0;
Форма для бокса;isami экипировка для бокса купить;0;0;
Форма для бокса;mk o ring kit box купить;0;0;
Форма для бокса;rbx одежда для бокса;0;0;
Форма для бокса;аренда бокса для вещей питер;0;0;
Форма для бокса;аренда бокса для личных вещей;0;0;
Форма для бокса;беларусь фабрика милавица спортивный женский костюм;0;0;
Форма для бокса;белорусская одежда 44-46 спортивный костюм;0;0;
Форма для бокса;белорусские спортивные костюмы для женщин;0;0;
Форма для бокса;белорусский спортивный костюм женский в казани купить;0;0;
Форма для бокса;белорусский трикотаж спортивный костюм женский;0;0;
Форма для бокса;бокс вертикальный для вещей;0;0;
Форма для бокса;бокс для мальчика тула;0;0;
Форма для бокса;бокс для мальчиков и девочек;0;0;
Форма для бокса;бокс для мальчиков фото;0;0;
Форма для бокса;бокс и полубокс для мальчика;0;0;
Форма для бокса;бокс косм етики;0;0;
Форма для бокса;бокс красный синий игра;0;0;
Форма для бокса;бокс на крышу автомобиля красный;0;0;
Форма для бокса;бокс на крышу красный купить ярославль;0;0;
Форма для бокса;бокс новокузнецк занятия для мальчиков;0;0;
Форма для бокса;бокс перчатки форма;0;0;
Форма для бокса;бокс рав одежда;0;0;
Форма для бокса;бокс роу одежда;0;0;
Форма для бокса;бокс с одеждой миньонами в фикс прайсе;0;0;
Форма для бокса;боксеркая форма;0;0;
Форма для бокса;боксерская майка адидас;0;0;
Форма для бокса;боксерская майка синяя nike оригинал;0;0;
Форма для бокса;боксерская майка шорты;0;0;
Форма для бокса;боксерская одежда для мужчин;0;0;
Форма для бокса;боксерская одежда сделано в россии;0;0;
Форма для бокса;боксерская форма адидас купить;0;0;
Форма для бокса;боксерская форма для мальчика;0;0;
Форма для бокса;боксерская форма для мальчиков;0;0;
Форма для бокса;боксерская форма найк купить;0;0;
Форма для бокса;боксерская форма найк оригинал купить;0;0;
Форма для бокса;боксерская форма спортивная одежда;0;0;
Форма для бокса;боксерские бренды одежды для мужчин;0;0;
Форма для бокса;боксерские перчатки с округлой формой;0;0;
Форма для бокса;боксерские фирмы одежды;0;0;
Форма для бокса;боксерский костюм детский;0;0;
Форма для бокса;боксерский костюм для мальчика;0;0;
Форма для бокса;боксерский шлем в форме шлема;0;0;
Форма для бокса;боксерский шлем в форме шлема спартанца;0;0;
Форма для бокса;боксы для детей мальчиков;0;0;
Форма для бокса;боксы купить для мальчика;0;0;
Форма для бокса;вайенний форма;0;0;
Форма для бокса;валберис беларусь купить спортивный костюм женский;0;0;
Форма для бокса;все для бокса спорт детям;0;0;
Форма для бокса;вся боксерская одежда экипировка;0;0;
Форма для бокса;вся нужная экипировка для бокса;0;0;
Форма для бокса;где купить вещи для бокса;0;0;
Форма для бокса;где купить секретный бокс с одеждой;0;0;
Форма для бокса;где можно заказать рандомный бокс с одеждой;0;0;
Форма для бокса;горе бокс одежда;0;0;
Форма для бокса;груша для бокса для мальчика;0;0;
Форма для бокса;девушки на боксерском ринге;0;0;
Форма для бокса;деми4с боксерская майка;0;0;
Форма для бокса;детская боксерская форма;0;0;
Форма для бокса;детская боксерская форма армения;0;0;
Форма для бокса;детская форма для бокса;0;0;
Форма для бокса;детская экипировка для тайского бокса;0;0;
Форма для бокса;детские боксерская форма;0;0;
Форма для бокса;детский бокс для мальчиков;0;0;
Форма для бокса;для бокса форма мальчику;0;0;
Форма для бокса;женская боксерская форма;0;0;
Форма для бокса;женская форма для бокса;0;0;
Форма для бокса;женский спортивный костюм беларусь на вайлдберриз;0;0;
Форма для бокса;занятия боксом для мальчика;0;0;
Форма для бокса;защита голени тайский бокс твинс красные;0;0;
Форма для бокса;игру бокс для мальчиков;0;0;
Форма для бокса;именная форма для бокса детская;0;0;
Форма для бокса;как называется костюм для бокса;0;0;
Форма для бокса;как называется одежда для бокса;0;0;
Форма для бокса;как правильно стирать боксерскую форму;0;0;
Форма для бокса;какая экипировка нужна для бокса;0;0;
Форма для бокса;какая экипировка нужна для тайского бокса;0;0;
Форма для бокса;какую форму купить девочке для тайского бокса;0;0;
Форма для бокса;клинч экипировка для бокса;0;0;
Форма для бокса;костюм боксера для мальчика;0;0;
Форма для бокса;костюм боксерский детский;0;0;
Форма для бокса;костюм боксерский для мальчиков;0;0;
Форма для бокса;костюм боксерский для сгона веса;0;0;
Форма для бокса;костюм для бокс мальчика;0;0;
Форма для бокса;костюм для бокса;0;0;
Форма для бокса;костюм для бокса детский;0;0;
Форма для бокса;костюм для бокса для мальчика;0;0;
Форма для бокса;костюм для бокса женский;0;0;
Форма для бокса;костюм для бокса мужской;0;0;
Форма для бокса;костюм для бокса мужской купить во владимире;0;0;
Форма для бокса;костюм для бокса на мальчика;0;0;
Форма для бокса;костюм для тайского бокса;0;0;
Форма для бокса;костюм для тайского бокса для мальчика;0;0;
Форма для бокса;костюм спортивнии белоруссь;0;0;
Форма для бокса;костюм спортивный для мальчика 164-170 без начеса;0;0;
Форма для бокса;костюм шанель для бокса;0;0;
Форма для бокса;костюм шорты с майкой хлопок спортивный женский;0;0;
Форма для бокса;красная машина йошкар ола тайский бокс;0;0;
Форма для бокса;красные перчатки бокс;0;0;
Форма для бокса;краш бокс для мальчиков;0;0;
Форма для бокса;купить белорусский спортивный костюм 62 64 размер;0;0;
Форма для бокса;купить боксерскую майку;0;0;
Форма для бокса;купить боксерскую форму в курске;0;0;
Форма для бокса;купить боксерскую форму в мск nike;0;0;
Форма для бокса;купить женский костюм брючный белорусский спортивный;0;0;
Форма для бокса;купить костюм для бокса;0;0;
Форма для бокса;купить костюм женский спортивный с жилеткой беларусь;0;0;
Форма для бокса;купить одежду для бокса;0;0;
Форма для бокса;купить одежду федерация бокса;0;0;
Форма для бокса;купить спортивный костюм производство беларусь;0;0;
Форма для бокса;купить спортивный костюм теплый белоруссия;0;0;
Форма для бокса;купить экипировку для конного спорта;0;0;
Форма для бокса;лучшая экипировка для бокса;0;0;
Форма для бокса;магазин экипировка для тайского бокса;0;0;
Форма для бокса;магазин экипировки для спорта;0;0;
Форма для бокса;майка боксерская nike синяя оригинал купить;0;0;
Форма для бокса;майка боксерская для мальчика;0;0;
Форма для бокса;майка боксерская женская;0;0;
Форма для бокса;майка боксерская найк;0;0;
Форма для бокса;майка для бокса детская;0;0;
Форма для бокса;майка для мальчика 164-170 летняя;0;0;
Форма для бокса;майка для тайского бокса детская;0;0;
Форма для бокса;майка и шорты для бокса;0;0;
Форма для бокса;майка с шортами мужская спортивная;0;0;
Форма для бокса;майка с шортами мужские спортивные;0;0;
Форма для бокса;майку и шорты для бокса;0;0;
Форма для бокса;мальчик в боксерских перчатках без майки;0;0;
Форма для бокса;милота бокс для мальчиков;0;0;
Форма для бокса;модный белорусский бренд спортивные костюмы;0;0;
Форма для бокса;набор для бокса для мальчиков;0;0;
Форма для бокса;напролом бокс одежда;0;0;
Форма для бокса;напролом одежда федерации бокса;0;0;
Форма для бокса;напролом одежда федерации бокса россии;0;0;
Форма для бокса;обзор бьюти бокса летуаль в красном чемоданчике;0;0;
Форма для бокса;одежда бокс россии;0;0;
Форма для бокса;одежда для бокса девушкам;0;0;
Форма для бокса;одежда для бокса детская;0;0;
Форма для бокса;одежда для бокса для девочек;0;0;
Форма для бокса;одежда для бокса для мальчика;0;0;
Форма для бокса;одежда для бокса москва;0;0;
Форма для бокса;одежда для бокса мужская купить;0;0;
Форма для бокса;одежда для бокса на мальчика;0;0;
Форма для бокса;одежда для бокса обувь;0;0;
Форма для бокса;одежда для бокса спб;0;0;
Форма для бокса;одежда для тайского бокса;0;0;
Форма для бокса;одежда для тайского бокса для девочек;0;0;
Форма для бокса;одежда для тайского бокса для девушек;0;0;
Форма для бокса;одежда для тайского бокса купить;0;0;
Форма для бокса;одежда для тайского бокса купить россия;0;0;
Форма для бокса;одежда для тренировок боксом;0;0;
Форма для бокса;одежда для федерации бокса россии;0;0;
Форма для бокса;одежда сборной россии по боксу;0;0;
Форма для бокса;одежда федерация бокса;0;0;
Форма для бокса;одежда федерация бокса официальный сайт;0;0;
Форма для бокса;одежда федерация бокса россии;0;0;
Форма для бокса;одежда федерация бокса санкт петербурга;0;0;
Форма для бокса;перчатки для бокса детские красные 4 унции;0;0;
Форма для бокса;петербургского одежда боксерская;0;0;
Форма для бокса;петербургского одежда боксерская в вк;0;0;
Форма для бокса;подарок для мальчика для занятий боксом;0;0;
Форма для бокса;промт для фото спорт тайского бокса женщина;0;0;
Форма для бокса;профессиональная экипировка для бокса;0;0;
Форма для бокса;рандомный бокс с одеждой;0;0;
Форма для бокса;раскраски для мальчиков бокс;0;0;
Форма для бокса;распаковка свит боксов для мальчиков;0;0;
Форма для бокса;сайт одежды бокс;0;0;
Форма для бокса;сайт федерации бокса россии одежда;0;0;
Форма для бокса;сборна по боксу одежда;0;0;
Форма для бокса;свит бокс для мальчиков;0;0;
Форма для бокса;секрет бокс с одеждой;0;0;
Форма для бокса;секретный бокс для мальчика;0;0;
Форма для бокса;секретный бокс с одеждой;0;0;
Форма для бокса;секции бокса для мальчика;0;0;
Форма для бокса;синяя спортивная форма для мальчика;0;0;
Форма для бокса;спорт одежда для бокса;0;0;
Форма для бокса;спортивная одежда для бокса;0;0;
Форма для бокса;спортивная одежда федерации бокса;0;0;
Форма для бокса;спортивная экипировка для бокса;0;0;
Форма для бокса;спортивные костюмы беларусь в пятигорске;0;0;
Форма для бокса;спортивные костюмы боксерские;0;0;
Форма для бокса;спортивные костюмы женские производство беларусь;0;0;
Форма для бокса;спортивные костюмы из беларусии;0;0;
Форма для бокса;спортивные костюмы из белоруссии для женщин;0;0;
Форма для бокса;спортивные костюмы летние из белоруссии;0;0;
Форма для бокса;спортивные костюмы мужские бокс;0;0;
Форма для бокса;спортивные костюмы производство беларусь;0;0;
Форма для бокса;спортивные мужские летние костюмы из белоруссии;0;0;
Форма для бокса;спортивный костюм для бокса;0;0;
Форма для бокса;спортивный костюм женский белоруссия на вайлдберриз;0;0;
Форма для бокса;спортивный костюм женский производство белоруссия;0;0;
Форма для бокса;спортивный костюм россия бокс;0;0;
Форма для бокса;спортивный костюм сборной россии по боксу;0;0;
Форма для бокса;спортивный костюм федерация бокса;0;0;
Форма для бокса;спортивный костюм федерация бокса купить;0;0;
Форма для бокса;спортивный костюм федерация бокса россии;0;0;
Форма для бокса;спортивный костюм федерация бокса россии купить;0;0;
Форма для бокса;ставрополь купить боксерскую форму;0;0;
Форма для бокса;сюрприз бокс для мальчика хулиганчика;0;0;
Форма для бокса;сюрприз бокс одежда;0;0;
Форма для бокса;сюрприз боксы для мальчиков;0;0;
Форма для бокса;тайский бокс какая форма;0;0;
Форма для бокса;тайский бокс форма для детей;0;0;
Форма для бокса;тайский бокс форма одежды;0;0;
Форма для бокса;тайский бокс экипировка для тренировок;0;0;
Форма для бокса;тока бокс одежда;0;0;
Форма для бокса;торт бокс для мальчика;0;0;
Форма для бокса;тренировка для бокса для мальчиков;0;0;
Форма для бокса;федерация бокса москвы одежда;0;0;
Форма для бокса;федерация бокса россии одежда официальный;0;0;
Форма для бокса;федерация бокса россии официальный сайт одежда;0;0;
Форма для бокса;фирмы одежды бокс;0;0;
Форма для бокса;форма бокс девушки;0;0;
Форма для бокса;форма боксерская детская;0;0;
Форма для бокса;форма боксерская для мальчика;0;0;
Форма для бокса;форма боксерская женская купить;0;0;
Форма для бокса;форма для бокса двухсторонняя для мальчика;0;0;
Форма для бокса;форма для бокса детская;0;0;
Форма для бокса;форма для бокса для девушек;0;0;
Форма для бокса;форма для бокса для детей;0;0;
Форма для бокса;форма для бокса для мальчика;0;0;
Форма для бокса;форма для бокса для мальчика зеленая;0;0;
Форма для бокса;форма для бокса для мальчика купить;0;0;
Форма для бокса;форма для бокса мальчика;0;0;
Форма для бокса;форма для бокса мальчика двухсторонняя;0;0;
Форма для бокса;форма для бокса черная 50 купить волгоград;0;0;
Форма для бокса;форма для тайского бокса белая;0;0;
Форма для бокса;форма для тайского бокса для мальчиков;0;0;
Форма для бокса;форма для тайского бокса для мальчиков купить;0;0;
Форма для бокса;форма для тайского бокса женская;0;0;
Форма для бокса;форма для тайского бокса купить;0;0;
Форма для бокса;форма доя бокса;0;0;
Форма для бокса;форма клинч купить;0;0;
Форма для бокса;форма на тайский бокс;0;0;
Форма для бокса;форма найк синяя оригинал бокс;0;0;
Форма для бокса;форма по боксу для девочки;0;0;
Форма для бокса;форма по тайскому боксу;0;0;
Форма для бокса;форма тайский бокс для девочек;0;0;
Форма для бокса;форма футбольная 2к темно синяя;0;0;
Форма для бокса;чем хорош бокс для мальчика;0;0;
Форма для бокса;что купить для мальчика занимающегося боксом;0;0;
Форма для бокса;что нужно для бокса мальчику;0;0;
Форма для бокса;шлем для бокса красный;0;0;
Форма для бокса;шорты и майка для тай бокса купить;0;0;
Форма для бокса;экипировка для бокса где купить;0;0;
Форма для бокса;экипировка для бокса для детей;0;0;
Форма для бокса;экипировка для бокса для тренировок;0;0;
Форма для бокса;экипировка для бокса екатеринбург;0;0;
Форма для бокса;экипировка для бокса из тайланда;0;0;
Форма для бокса;экипировка для бокса краснодар;0;0;
Форма для бокса;экипировка для бокса красноярск;0;0;
Форма для бокса;экипировка для бокса купить все вместе;0;0;
Форма для бокса;экипировка для бокса москва;0;0;
Форма для бокса;экипировка для бокса ростов на дону;0;0;
Форма для бокса;экипировка для бокса спб;0;0;
Форма для бокса;экипировка для бокса тюмень;0;0;
Форма для бокса;экипировка для бокса южно сахалинск;0;0;
Форма для бокса;экипировка для занятий боксом;0;0;
Форма для бокса;экипировка для конного спорта для детей;0;0;
Форма для бокса;экипировка для конного спорта для женщин;0;0;
Форма для бокса;экипировка для тайского бокса для детей;0;0;
Форма для бокса;экипировка для тайского бокса калининград;0;0;
Форма для бокса;экипировка для тайского бокса москва;0;0;
Форма для бокса;экипировка для тайского бокса спб;0;0;
Форма для бокса;экипировка для тайского бокса что нужно;0;0;
Форма для бокса;экипировка конный спорт для занятий;0;0;
Форма для бокса;экипировка конный спорт для занятий осенняя;0;0;
Форма для бокса;яндекс игры для мальчиков бокс;0;0;
Форма для бокса;ящик бокс для мальчика подарок;0;0;
