Категория;Ключевое слово;Частота Yandex;Регион;Дата съёма;Затравка;Затравок;Намерение;Слов
Скакалки;скакалка;5246;149;2026-08-19;скакалка;1;общий;1
Скакалки;сова на скакалке;2251;149;2026-08-19;скакалка;1;общий;3
Мешки и груши;боксерская груша;1004;149;2026-08-19;боксерская груша;1;общий;2
Капы;капа купить;893;149;2026-08-19;купить капу;1;покупка;2
Капы;купить кап;893;149;2026-08-19;купить капу;1;покупка;2
Боксерские перчатки;боксерские перчатки;708;149;2026-08-19;боксерские перчатки;1;общий;2
Капы;скин кап купить;453;149;2026-08-19;купить капу;1;покупка;3
Мешки и груши;боксерская груша купить;424;149;2026-08-19;боксерская груша;1;покупка;3
Скакалки;прыжки на скакалке;352;149;2026-08-19;скакалка;1;общий;3
Мешки и груши;боксерский мешок;345;149;2026-08-19;боксерский мешок;1;общий;2
Обувь для бокса;борцовки;321;149;2026-08-19;борцовки;1;общий;1
Скакалки;со скакалкой;293;149;2026-08-19;скакалка;1;общий;2
Бренд и общее;спортивные магазины в минске;275;149;2026-08-19;спортивный магазин минск;1;гео;4
Обувь для бокса;боксерки;242;149;2026-08-19;боксерки;1;общий;1
Скакалки;порка скакалкой;238;149;2026-08-19;скакалка;1;общий;2
Капы;купить капу минск;233;149;2026-08-19;купить капу;1;покупка;3
Скакалки;карта на скакалке;224;149;2026-08-19;скакалка;1;общий;3
Скакалки;скакалка сколько;215;149;2026-08-19;скакалка;1;общий;2
Капы;скин кап шампунь купить;201;149;2026-08-19;купить капу;1;покупка;4
Скакалки;карта сова на скакалке;193;149;2026-08-19;скакалка;1;общий;4
Скакалки;мем на скакалке;192;149;2026-08-19;скакалка;1;нецелевое;3
Скакалки;сова на скакалке мем;186;149;2026-08-19;скакалка;1;нецелевое;4
Скакалки;что значит сова на скакалке;179;149;2026-08-19;скакалка;1;общий;5
Скакалки;скакалка купить;167;149;2026-08-19;скакалка;2;покупка;2
Боксерские перчатки;купить боксерские перчатки;164;149;2026-08-19;боксерские перчатки;2;покупка;3
Боксерские перчатки;перчатки для бокса;157;149;2026-08-19;перчатки для бокса;1;общий;3
Скакалки;сова со скакалкой;140;149;2026-08-19;скакалка;1;общий;3
Мешки и груши;боксерский мешок купить;134;149;2026-08-19;боксерский мешок;1;покупка;3
Мешки и груши;груша для бокса;134;149;2026-08-19;груша для бокса;1;общий;3
Капы;кап крем купить;132;149;2026-08-19;купить капу;1;покупка;3
Капы;скин кап крем купить;129;149;2026-08-19;купить капу;1;покупка;4
Капы;скин кап купить в минске;122;149;2026-08-19;купить капу;1;покупка;5
Скакалки;можно скакалка;122;149;2026-08-19;скакалка;1;общий;2
Скакалки;порно скакалка;115;149;2026-08-19;скакалка;1;нецелевое;2
Бренд и общее;магазин спортивного питания минск;115;149;2026-08-19;спортивный магазин минск;1;гео;4
Скакалки;как прыгать на скакалке;101;149;2026-08-19;скакалка;1;общий;4
Скакалки;сава на скакалке;98;149;2026-08-19;скакалка;1;общий;3
Скакалки;сколько прыгать на скакалке;93;149;2026-08-19;скакалка;1;общий;4
Обувь для бокса;купить борцовки;92;149;2026-08-19;борцовки;1;покупка;2
Скакалки;скакалка правильно;92;149;2026-08-19;скакалка;1;общий;2
Скакалки;день скакалки;90;149;2026-08-19;скакалка;1;общий;2
Скакалки;скакалки скачать;89;149;2026-08-19;скакалка;1;нецелевое;2
Скакалки;карточка на скакалке;85;149;2026-08-19;скакалка;1;общий;3
Скакалки;мод на скакалку;82;149;2026-08-19;скакалка;1;общий;3
Скакалки;скакалка похудела;80;149;2026-08-19;скакалка;1;общий;2
Мешки и груши;боксерская груша минск;80;149;2026-08-19;боксерская груша;1;гео;3
Скакалки;какая скакалка;79;149;2026-08-19;скакалка;1;общий;2
Скакалки;что означает на скакалке;78;149;2026-08-19;скакалка;1;общий;4
Скакалки;скакалка калории;78;149;2026-08-19;скакалка;1;общий;2
Скакалки;скакалка видео;77;149;2026-08-19;скакалка;1;учебное;2
Скакалки;сова на скакалке карточка;76;149;2026-08-19;скакалка;1;общий;4
Скакалки;скакалка фото;73;149;2026-08-19;скакалка;1;нецелевое;2
Скакалки;что означает сова на скакалке;71;149;2026-08-19;скакалка;1;общий;5
Скакалки;длина скакалки;71;149;2026-08-19;скакалка;1;общий;2
Скакалки;скакалка для похудения;69;149;2026-08-19;скакалка;1;общий;3
Скакалки;девочки скакалки;69;149;2026-08-19;скакалка;1;общий;2
Скакалки;скакалка сколько калорий;69;149;2026-08-19;скакалка;1;общий;3
Скакалки;скакалка минск;68;149;2026-08-19;скакалка;1;гео;2
Скакалки;скакалка сколько нужно;65;149;2026-08-19;скакалка;1;общий;3
Обувь для бокса;купить боксерки;64;149;2026-08-19;боксерки;1;покупка;2
Скакалки;скакалка сколько прыжков;64;149;2026-08-19;скакалка;1;общий;3
Шлемы;шлем боксерский;63;149;2026-08-19;боксерский шлем;1;общий;2
Бинты для бокса;боксерские бинты;62;149;2026-08-19;боксерские бинты;1;общий;2
Капы;кап для зубов купить;59;149;2026-08-19;купить капу;1;покупка;4
Капы;купить капу для зубов;59;149;2026-08-19;купить капу;1;покупка;4
Скакалки;сова на скакалке фото;59;149;2026-08-19;скакалка;1;нецелевое;4
Бренд и общее;магазин спортивной одежды в минске;59;149;2026-08-19;спортивный магазин минск;1;гео;5
Обувь для бокса;майка борцовка;57;149;2026-08-19;борцовки;1;общий;2
Защитное снаряжение;защита голени;57;149;2026-08-19;защита голени;1;общий;2
Скакалки;прыгала на скакалке похудела;57;149;2026-08-19;скакалка;1;общий;4
Скакалки;скакалка сжигает;56;149;2026-08-19;скакалка;1;общий;2
Скакалки;можно ли прыгать на скакалке;55;149;2026-08-19;скакалка;1;общий;5
Скакалки;скакалка польза;54;149;2026-08-19;скакалка;1;общий;2
Скакалки;код на сову на скакалке;54;149;2026-08-19;скакалка;1;общий;5
Капы;скин кап крем купить в минске;53;149;2026-08-19;купить капу;1;покупка;6
Защитное снаряжение;защита паха;53;149;2026-08-19;защита паха;1;общий;2
Мешки и груши;груша боксерская подвесная;53;149;2026-08-19;боксерская груша;1;общий;3
Мешки и груши;груша боксерская детская;51;149;2026-08-19;боксерская груша;1;общий;3
Бинты для бокса;бинты для бокса;50;149;2026-08-19;бинты для бокса;1;общий;3
Скакалки;сколько сжигает скакалка;50;149;2026-08-19;скакалка;1;общий;3
Скакалки;сколько нужно прыгать на скакалке;50;149;2026-08-19;скакалка;1;общий;5
Скакалки;мод на сову на скакалке;49;149;2026-08-19;скакалка;1;общий;5
Скакалки;спрей сова на скакалке;49;149;2026-08-19;скакалка;1;общий;4
Капы;скин кап шампунь купить минск;48;149;2026-08-19;купить капу;1;покупка;5
Скакалки;скакалка майнкрафт;48;149;2026-08-19;скакалка;1;общий;2
Скакалки;сова на скакалке скачать;48;149;2026-08-19;скакалка;1;нецелевое;4
Мешки и груши;груша боксерская напольная;48;149;2026-08-19;боксерская груша;1;общий;3
Бренд и общее;все для бокса;48;149;2026-08-19;все для бокса;1;общий;3
Боксерские перчатки;боксерские перчатки минск;46;149;2026-08-19;боксерские перчатки;1;гео;3
Боксерские перчатки;купить перчатки для бокса;46;149;2026-08-19;перчатки для бокса;1;покупка;4
Капы;боксерский кап;46;149;2026-08-19;капа боксерская;1;общий;2
Капы;капа боксерская;46;149;2026-08-19;капа боксерская;1;общий;2
Скакалки;скакалка 2;46;149;2026-08-19;скакалка;1;общий;2
Скакалки;сова на скакалке мм2;46;149;2026-08-19;скакалка;1;общий;4
Мешки и груши;боксерская груша купить в минске;46;149;2026-08-19;боксерская груша;1;покупка;5
Мешки и груши;боксерская груша москва;46;149;2026-08-19;боксерская груша;1;общий;3
Капы;аптека капы купить;45;149;2026-08-19;купить капу;1;покупка;3
Скакалки;картинка скакалка;44;149;2026-08-19;скакалка;1;общий;2
Скакалки;сова на скакалке порно;44;149;2026-08-19;скакалка;1;нецелевое;4
Мешки и груши;груша боксерская подвесная купить;44;149;2026-08-19;боксерская груша;1;покупка;4
Бренд и общее;спортивные магазины минске купить;44;149;2026-08-19;спортивный магазин минск;1;покупка;4
Скакалки;порно порка скакалкой;43;149;2026-08-19;скакалка;1;нецелевое;3
Скакалки;скакалка прикол;43;149;2026-08-19;скакалка;1;общий;2
Снарядные перчатки;снарядные перчатки;42;149;2026-08-19;снарядные перчатки;1;общий;2
Скакалки;прыжки на скакалке калории;42;149;2026-08-19;скакалка;1;общий;4
Скакалки;скакалка каждый день;42;149;2026-08-19;скакалка;1;общий;3
Скакалки;мод скакалка майнкрафт;41;149;2026-08-19;скакалка;1;общий;3
Боксерские перчатки;купить боксерские перчатки минск;40;149;2026-08-19;боксерские перчатки;2;покупка;4
Скакалки;скакалка детская;40;149;2026-08-19;скакалка;1;общий;2
Мешки и груши;детская груша для бокса;39;149;2026-08-19;груша для бокса;1;общий;4
Бренд и общее;clinch;39;149;2026-08-19;clinch;1;бренд;1
Капы;кап купить в москве;38;149;2026-08-19;купить капу;1;покупка;4
Капы;капу купить москва;38;149;2026-08-19;купить капу;1;покупка;3
Боксерская форма;боксерская форма;38;149;2026-08-19;боксерская форма;1;общий;2
Скакалки;выпала сова на скакалке;38;149;2026-08-19;скакалка;1;общий;4
Скакалки;скакалка сжигает калории;38;149;2026-08-19;скакалка;1;общий;3
Скакалки;скакалка по росту;38;149;2026-08-19;скакалка;1;общий;3
Скакалки;девушка на скакалке;38;149;2026-08-19;скакалка;1;общий;3
Скакалки;скакалка спортивная;37;149;2026-08-19;скакалка;1;общий;2
Скакалки;прыжки на скакалке сколько калорий;37;149;2026-08-19;скакалка;1;общий;5
Скакалки;после скакалки;37;149;2026-08-19;скакалка;1;общий;2
Скакалки;как подобрать скакалку;36;149;2026-08-19;скакалка;1;общий;3
Скакалки;смех смехом сова на скакалке;36;149;2026-08-19;скакалка;1;общий;5
Скакалки;девушка прыгает на скакалке;36;149;2026-08-19;скакалка;1;общий;4
Шлемы;шлем для бокса;35;149;2026-08-19;шлем для бокса;1;общий;3
Капы;кап для бокса;35;149;2026-08-19;капа для бокса;1;общий;3
Капы;капа для бокса;35;149;2026-08-19;капа для бокса;1;общий;3
Скакалки;минута на скакалке;35;149;2026-08-19;скакалка;1;общий;3
Скакалки;шутки шутками но когда сова на скакалке;34;149;2026-08-19;скакалка;1;общий;7
Капы;скин кап аэрозоль купить;33;149;2026-08-19;купить капу;1;покупка;4
Скакалки;что обозначает сова на скакалке;33;149;2026-08-19;скакалка;1;общий;5
Скакалки;на сколько похудели на скакалке;33;149;2026-08-19;скакалка;1;общий;5
Скакалки;скакалка для женщин;33;149;2026-08-19;скакалка;1;общий;3
Скакалки;сколько калорий сжигает скакалка;33;149;2026-08-19;скакалка;1;общий;4
Скакалки;через скакалку;33;149;2026-08-19;скакалка;1;общий;2
Скакалки;сова на скакалке айди;33;149;2026-08-19;скакалка;1;общий;4
Скакалки;где скакалка;33;149;2026-08-19;скакалка;1;общий;2
Скакалки;порно диана сова на скакалке;32;149;2026-08-19;скакалка;1;нецелевое;5
Скакалки;большие скакалки;32;149;2026-08-19;скакалка;1;общий;2
Скакалки;скакалка сколько минут;32;149;2026-08-19;скакалка;1;общий;3
Скакалки;прыгаю на скакалке раз;32;149;2026-08-19;скакалка;1;общий;4
Скакалки;код на спрей сова на скакалке;32;149;2026-08-19;скакалка;1;общий;6
Скакалки;сова на скакалке в чем прикол;32;149;2026-08-19;скакалка;1;общий;6
Мешки и груши;груша для бокса купить;32;149;2026-08-19;груша для бокса;1;покупка;4
Скакалки;дали скакалка;31;149;2026-08-19;скакалка;1;общий;2
Скакалки;скакалка без;31;149;2026-08-19;скакалка;1;общий;2
Скакалки;скакалка значение;31;149;2026-08-19;скакалка;1;общий;2
Скакалки;нормы скакалка;31;149;2026-08-19;скакалка;1;общий;2
Боксерские перчатки;перчатки для тайского бокса;30;149;2026-08-19;перчатки для бокса;1;общий;4
Скакалки;сова на скакалке таро;30;149;2026-08-19;скакалка;1;общий;4
Скакалки;скакалка для детей;30;149;2026-08-19;скакалка;1;общий;3
Скакалки;смех смехом шутки шутками сова на скакалке;30;149;2026-08-19;скакалка;1;общий;7
Скакалки;прыжки на скакалке польза;30;149;2026-08-19;скакалка;1;общий;4
Скакалки;фотка скакалка;30;149;2026-08-19;скакалка;1;общий;2
Скакалки;сава на скакалке карта;30;149;2026-08-19;скакалка;1;общий;4
Скакалки;сова на скакалке майнкрафт;30;149;2026-08-19;скакалка;1;общий;4
Мешки и груши;купить детскую боксерскую грушу;30;149;2026-08-19;боксерская груша;1;покупка;4
Обувь для бокса;борцовка мужская;29;149;2026-08-19;борцовки;1;общий;2
Скакалки;диана райдер на скакалке;29;149;2026-08-19;скакалка;1;общий;4
Скакалки;скакалка сколько раз;29;149;2026-08-19;скакалка;1;общий;3
Скакалки;майнкрафт скакалка скачать;29;149;2026-08-19;скакалка;1;нецелевое;3
Скакалки;спрей в мм2 сова на скакалке;29;149;2026-08-19;скакалка;1;общий;6
Мешки и груши;груша боксерская кг;29;149;2026-08-19;боксерская груша;1;общий;3
Мешки и груши;груша боксерская беларусь;29;149;2026-08-19;боксерская груша;1;гео;3
Скакалки;диана райдер сова на скакалке;28;149;2026-08-19;скакалка;1;общий;5
Скакалки;игра в скакалку;28;149;2026-08-19;скакалка;1;нецелевое;3
Скакалки;что дает скакалка;28;149;2026-08-19;скакалка;1;общий;3
Скакалки;спорт скакалка;28;149;2026-08-19;скакалка;1;общий;2
Скакалки;скакалка мышцы;28;149;2026-08-19;скакалка;1;общий;2
Боксерские перчатки;детские перчатки для бокса;27;149;2026-08-19;перчатки для бокса;1;общий;4
Капы;скин кап купить москва;27;149;2026-08-19;купить капу;1;покупка;4
Капы;кап от храпа купить;27;149;2026-08-19;купить капу;1;покупка;4
Капы;капа от храпа купить;27;149;2026-08-19;купить капу;1;покупка;4
Скакалки;звук скакалки;27;149;2026-08-19;скакалка;1;общий;2
Скакалки;сова на скакалке код мм2;27;149;2026-08-19;скакалка;1;общий;5
Скакалки;все веселье заканчивается когда сова на скакалке;27;149;2026-08-19;скакалка;1;общий;7
Скакалки;скакалка стикер;27;149;2026-08-19;скакалка;1;общий;2
Скакалки;стикер сова на скакалке;27;149;2026-08-19;скакалка;1;общий;4
Скакалки;как правильно прыгать на скакалке;27;149;2026-08-19;скакалка;1;общий;5
Скакалки;значение совы на скакалке;27;149;2026-08-19;скакалка;1;общий;4
Скакалки;прыгание на скакалке;27;149;2026-08-19;скакалка;1;общий;3
Скакалки;прыганье на скакалке;27;149;2026-08-19;скакалка;1;общий;3
Скакалки;картинка сова на скакалке;27;149;2026-08-19;скакалка;1;общий;4
Скакалки;скакалкой можно похудеть;27;149;2026-08-19;скакалка;1;общий;3
Боксерская форма;форма для бокса;26;149;2026-08-19;форма для бокса;1;общий;3
Скакалки;скакалка вес;26;149;2026-08-19;скакалка;1;общий;2
Скакалки;лучшие скакалки;26;149;2026-08-19;скакалка;1;выбор;2
Скакалки;карты таро скакалка;26;149;2026-08-19;скакалка;1;общий;3
Скакалки;умная скакалка;26;149;2026-08-19;скакалка;1;общий;2
Скакалки;как научиться прыгать на скакалке;26;149;2026-08-19;скакалка;1;общий;5
Скакалки;научиться на скакалке;26;149;2026-08-19;скакалка;1;общий;3
Скакалки;скакалка сколько в день;26;149;2026-08-19;скакалка;1;общий;4
Мешки и груши;автомат боксерская груша;26;149;2026-08-19;боксерская груша;1;общий;3
Боксерские перчатки;бокс перчатки для груши;25;149;2026-08-19;перчатки для бокса;2;общий;4
Скакалки;порка скакалкой видео;25;149;2026-08-19;скакалка;1;учебное;3
Скакалки;голая на скакалке;25;149;2026-08-19;скакалка;1;общий;3
Скакалки;сова на скакалке звук;25;149;2026-08-19;скакалка;1;общий;4
Мешки и груши;груша боксерская капля;25;149;2026-08-19;боксерская груша;1;общий;3
Мешки и груши;стойка для груши боксерской;25;149;2026-08-19;боксерская груша;1;общий;4
Мешки и груши;авито груша боксерская;25;149;2026-08-19;боксерская груша;1;нецелевое;3
Мешки и груши;боксерская груша купить авито;25;149;2026-08-19;боксерская груша;1;покупка;4
Бренд и общее;экипировка для бокса;25;149;2026-08-19;экипировка для бокса;1;общий;3
Бренд и общее;стоковый магазин спортивный минск;25;149;2026-08-19;спортивный магазин минск;1;гео;4
Боксерские перчатки;боксерские перчатки fairtex;24;149;2026-08-19;боксерские перчатки;1;бренд;3
Боксерские перчатки;старые боксерские перчатки;24;149;2026-08-19;боксерские перчатки;1;общий;3
Лапы;боксерские лапы;24;149;2026-08-19;боксерские лапы;1;общий;2
Скакалки;покажи скакалку;24;149;2026-08-19;скакалка;1;общий;2
Скакалки;скакалка про;24;149;2026-08-19;скакалка;1;общий;2
Скакалки;скакалка для гимнастики;24;149;2026-08-19;скакалка;1;общий;3
Скакалки;игры со скакалкой;24;149;2026-08-19;скакалка;1;общий;3
Скакалки;сколько прыгать на скакалке чтобы похудеть;24;149;2026-08-19;скакалка;1;общий;6
Скакалки;скакалка сколько сжигается;24;149;2026-08-19;скакалка;1;общий;3
Обувь для бокса;борцовки купить минск;23;149;2026-08-19;борцовки;1;покупка;3
Скакалки;скакалка для начинающих;23;149;2026-08-19;скакалка;1;общий;3
Скакалки;скакалка взрослая;23;149;2026-08-19;скакалка;1;общий;2
Скакалки;сова на скакалке карта что значит;23;149;2026-08-19;скакалка;1;общий;6
Скакалки;что значат карты сова на скакалке;23;149;2026-08-19;скакалка;1;общий;6
Скакалки;кальмара скакалка;23;149;2026-08-19;скакалка;1;общий;2
Скакалки;карты таро сова на скакалке;23;149;2026-08-19;скакалка;1;общий;5
Скакалки;когда сова на скакалке попадается;23;149;2026-08-19;скакалка;1;общий;5
Скакалки;художественная скакалка;23;149;2026-08-19;скакалка;1;общий;2
Мешки и груши;купить боксерскую грушу в беларуси;23;149;2026-08-19;боксерская груша;1;покупка;5
Боксерские перчатки;детский набор для бокса груша перчатки;22;149;2026-08-19;перчатки для бокса;2;общий;6
Боксерские перчатки;набор для бокса груша перчатки;22;149;2026-08-19;перчатки для бокса;2;общий;5
Капы;купить капу в беларуси;22;149;2026-08-19;купить капу;1;покупка;4
Обувь для бокса;майка боксерка;22;149;2026-08-19;боксерки;1;общий;2
Обувь для бокса;борцовки для борьбы;22;149;2026-08-19;борцовки;1;общий;3
Защитное снаряжение;единоборства для защиты;22;149;2026-08-19;защита для единоборств;1;общий;3
Скакалки;мод на сову на скакалке майнкрафт;22;149;2026-08-19;скакалка;1;общий;6
Скакалки;мод сава на скакалке;22;149;2026-08-19;скакалка;1;общий;4
Скакалки;голая прыгает на скакалке;22;149;2026-08-19;скакалка;1;общий;4
Скакалки;порка скакалкой порно видео;22;149;2026-08-19;скакалка;1;учебное;4
Скакалки;порно видео скакалка;22;149;2026-08-19;скакалка;1;учебное;3
Скакалки;скакалка на 1;22;149;2026-08-19;скакалка;1;общий;3
Скакалки;прыжки на скакалке сжигают;22;149;2026-08-19;скакалка;1;общий;4
Мешки и груши;боксерская груша б у купить;22;149;2026-08-19;боксерская груша;1;покупка;5
Мешки и груши;груша боксерская б у;22;149;2026-08-19;боксерская груша;1;общий;4
Мешки и груши;купить на авто грушу боксерскую москва;22;149;2026-08-19;боксерская груша;1;покупка;6
Боксерские перчатки;боксерские перчатки 8;21;149;2026-08-19;боксерские перчатки;1;общий;3
Боксерские перчатки;снарядные перчатки для бокса;21;149;2026-08-19;перчатки для бокса;2;общий;4
Капы;скин кап купить в аптеке;21;149;2026-08-19;купить капу;1;покупка;5
Скакалки;выпала сова на скакалке пришлось изменять;21;149;2026-08-19;скакалка;1;общий;6
Скакалки;сколько раз прыгать на скакалке;21;149;2026-08-19;скакалка;1;общий;5
Скакалки;что делает скакалка;21;149;2026-08-19;скакалка;1;общий;3
Скакалки;что значит сова со скакалкой;21;149;2026-08-19;скакалка;1;общий;5
Скакалки;код на сову на скакалке мм2 спрей;21;149;2026-08-19;скакалка;1;общий;7
Скакалки;чем полезна скакалка;21;149;2026-08-19;скакалка;1;общий;3
Скакалки;прыжки на скакалке для похудения;21;149;2026-08-19;скакалка;1;общий;5
Скакалки;порно диана райдер сова на скакалке;21;149;2026-08-19;скакалка;1;нецелевое;6
Скакалки;сова на скакалке мем что значит;21;149;2026-08-19;скакалка;1;нецелевое;6
Мешки и груши;мешок боксерский подвесной;21;149;2026-08-19;боксерский мешок;1;общий;3
Мешки и груши;груша капля боксерская купить;21;149;2026-08-19;боксерская груша;1;покупка;4
Шлемы;купить боксерский шлем;20;149;2026-08-19;боксерский шлем;2;покупка;3
Капы;капа для сна купить;20;149;2026-08-19;купить капу;1;покупка;4
Скакалки;прыгают на скакалке видео;20;149;2026-08-19;скакалка;1;учебное;4
Скакалки;под скакалку;20;149;2026-08-19;скакалка;1;общий;2
Скакалки;можно ли похудеть на скакалке;20;149;2026-08-19;скакалка;1;общий;5
Скакалки;саванна скакалке;20;149;2026-08-19;скакалка;1;общий;2
Скакалки;что дают прыжки на скакалке;20;149;2026-08-19;скакалка;1;общий;5
Скакалки;мем со скакалкой;20;149;2026-08-19;скакалка;1;нецелевое;3
Скакалки;сова со скакалкой мем;20;149;2026-08-19;скакалка;1;нецелевое;4
Мешки и груши;авито груша боксерская б у;20;149;2026-08-19;боксерская груша;1;нецелевое;5
Бренд и общее;все для тв бокса;20;149;2026-08-19;все для бокса;1;общий;4
Бренд и общее;магазины спортивной обуви в минске;20;149;2026-08-19;спортивный магазин минск;1;гео;5
Боксерские перчатки;купить снарядные боксерские перчатки;19;149;2026-08-19;купить боксерские перчатки;1;покупка;4
Капы;где купить кап;19;149;2026-08-19;купить капу;1;покупка;3
Капы;где купить капу;19;149;2026-08-19;купить капу;1;покупка;3
Боксерская форма;боксерские шорты;19;149;2026-08-19;боксерские шорты;1;общий;2
Обувь для бокса;боксерки найк;19;149;2026-08-19;боксерки;1;общий;2
Обувь для бокса;обувь для бокса;19;149;2026-08-19;обувь для бокса;1;общий;3
Обувь для бокса;майка борцовка мужская;19;149;2026-08-19;борцовки;1;общий;3
Скакалки;золотая скакалка;19;149;2026-08-19;скакалка;1;общий;2
Скакалки;скакалка игра в кальмара;19;149;2026-08-19;скакалка;1;нецелевое;4
Скакалки;сова на скакалке блять;19;149;2026-08-19;скакалка;1;общий;4
Скакалки;наказание скакалкой;19;149;2026-08-19;скакалка;1;общий;2
Скакалки;размер скакалки;19;149;2026-08-19;скакалка;1;выбор;2
Скакалки;сколько сжигают прыжки на скакалке;19;149;2026-08-19;скакалка;1;общий;5
Скакалки;тотем сова на скакалке;19;149;2026-08-19;скакалка;1;общий;4
Скакалки;скакалка купить в минске;19;149;2026-08-19;скакалка;2;покупка;4
Скакалки;как выбрать скакалку;19;149;2026-08-19;скакалка;1;выбор;3
Скакалки;сколько калорий сжигается на скакалке;19;149;2026-08-19;скакалка;1;общий;5
Скакалки;минута скакалки калории;19;149;2026-08-19;скакалка;1;общий;3
Мешки и груши;мешок боксерский подвесной купить;19;149;2026-08-19;боксерский мешок;1;покупка;4
Бренд и общее;все для андроид боксов;19;149;2026-08-19;все для бокса;1;общий;4
Бренд и общее;все для андроида тв бокс;19;149;2026-08-19;все для бокса;1;общий;5
Бренд и общее;гиалуроновая кислота купить минск спортивный магазин;19;149;2026-08-19;спортивный магазин минск;1;покупка;6
Боксерские перчатки;видео боксерская перчатка;18;149;2026-08-19;боксерские перчатки;1;учебное;3
Боксерские перчатки;купить боксерские перчатки в беларуси;18;149;2026-08-19;боксерские перчатки;2;покупка;5
Капы;купить кап кут;18;149;2026-08-19;купить капу;1;покупка;3
Капы;капа от бруксизма купить;18;149;2026-08-19;купить капу;1;покупка;4
Капы;скин кап шампунь купить в рб;18;149;2026-08-19;купить капу;1;покупка;6
Скакалки;сколько нужно прыгать на скакалке чтобы похудеть;18;149;2026-08-19;скакалка;1;общий;7
Скакалки;скакалка для мужчин;18;149;2026-08-19;скакалка;1;общий;3
Скакалки;фотка совы на скакалке;18;149;2026-08-19;скакалка;1;общий;4
Скакалки;прыгать на скакалке начинающим;18;149;2026-08-19;скакалка;1;общий;4
Скакалки;скакалка для художественной гимнастики;18;149;2026-08-19;скакалка;1;общий;4
Мешки и груши;надувная боксерская груша;18;149;2026-08-19;боксерская груша;1;общий;3
Боксерские перчатки;размеры боксерских перчаток;17;149;2026-08-19;боксерские перчатки;1;выбор;3
Боксерские перчатки;детские боксерские перчатки;17;149;2026-08-19;боксерские перчатки;1;общий;3
Скакалки;pastorelli скакалка;17;149;2026-08-19;скакалка;1;общий;2
Скакалки;скачать мод сава на скакалки;17;149;2026-08-19;скакалка;1;нецелевое;5
Скакалки;прыжки на скакалке для женщин;17;149;2026-08-19;скакалка;1;общий;5
Скакалки;5 скакалок;17;149;2026-08-19;скакалка;1;общий;2
Скакалки;как подобрать длину скакалки;17;149;2026-08-19;скакалка;1;общий;4
Скакалки;скакалка пасторелли;17;149;2026-08-19;скакалка;1;общий;2
Скакалки;поставь скакалки;17;149;2026-08-19;скакалка;1;общий;2
Скакалки;скакалка прыжки какие;17;149;2026-08-19;скакалка;1;выбор;3
Скакалки;виды скакалок;17;149;2026-08-19;скакалка;1;общий;2
Скакалки;прыжки на скакалке минута;17;149;2026-08-19;скакалка;1;общий;4
Мешки и груши;боксерские груши автомат купить;17;149;2026-08-19;боксерская груша;1;покупка;4
Бренд и общее;магазин спортивных костюмов в минске;17;149;2026-08-19;спортивный магазин минск;1;гео;5
Боксерские перчатки;порно боксерской перчаткой;16;149;2026-08-19;боксерские перчатки;1;нецелевое;3
Капы;купить капу от храпа минск;16;149;2026-08-19;купить капу;1;покупка;5
Капы;скин кап шампунь купить в москве;16;149;2026-08-19;купить капу;1;покупка;6
Обувь для бокса;боксерки минск;16;149;2026-08-19;боксерки;1;гео;2
Обувь для бокса;купить борцовки для борьбы;16;149;2026-08-19;борцовки;1;покупка;4
Снарядные перчатки;снарядные перчатки купить;16;149;2026-08-19;снарядные перчатки;2;покупка;3
Скакалки;прыжки на скакалке сколько сжигается;16;149;2026-08-19;скакалка;1;общий;5
Скакалки;сова на скакалке гадание;16;149;2026-08-19;скакалка;1;общий;4
Скакалки;как настроить скакалку;16;149;2026-08-19;скакалка;1;общий;3
Скакалки;настрой скакалка;16;149;2026-08-19;скакалка;1;общий;2
Скакалки;похудеешь ли прыгая на скакалке;16;149;2026-08-19;скакалка;1;общий;5
Скакалки;включи скакалки;16;149;2026-08-19;скакалка;1;общий;2
Скакалки;упражнения на скакалке;16;149;2026-08-19;скакалка;1;учебное;3
Скакалки;прыгать на скакалке каждый день что будет;16;149;2026-08-19;скакалка;1;общий;7
Скакалки;что будет если прыгать на скакалке каждый;16;149;2026-08-19;скакалка;1;общий;7
Скакалки;сколько прыгать на скакалке в день;16;149;2026-08-19;скакалка;1;общий;6
Скакалки;сиськи на скакалке;16;149;2026-08-19;скакалка;1;общий;3
Мешки и груши;стойка для боксерского мешка;16;149;2026-08-19;боксерский мешок;1;общий;4
Мешки и груши;боксерская груша цена;16;149;2026-08-19;боксерская груша;1;покупка;3
Мешки и груши;купить грушу боксерскую напольную;16;149;2026-08-19;боксерская груша;1;покупка;4
Бинты для бокса;бинты для бокса купить;15;149;2026-08-19;бинты для бокса;2;покупка;4
Обувь для бокса;девочка боксерка;15;149;2026-08-19;боксерки;1;общий;2
Мешки и груши;как сделать боксерскую грушу;15;149;2026-08-19;боксерская груша;1;учебное;4
Мешки и груши;напольная груша для бокса;15;149;2026-08-19;груша для бокса;1;общий;4
Бренд и общее;перчатки clinch;15;149;2026-08-19;clinch;1;бренд;2
Боксерские перчатки;боксерские перчатки clinch;14;149;2026-08-19;боксерские перчатки;2;бренд;3
Капы;капа стоматологическая купить;14;149;2026-08-19;купить капу;1;покупка;3
Боксерская форма;купить боксерскую форму;14;149;2026-08-19;боксерская форма;1;покупка;3
Мешки и груши;подвес для груши боксерской;14;149;2026-08-19;боксерская груша;1;общий;4
Мешки и груши;боксерская груша своими руками;14;149;2026-08-19;боксерская груша;1;учебное;4
Мешки и груши;боксерская груша уличная;14;149;2026-08-19;боксерская груша;1;общий;3
Бренд и общее;боксерские clinch;14;149;2026-08-19;clinch;1;бренд;2
Бренд и общее;спортивные магазины в минске адреса;14;149;2026-08-19;спортивный магазин минск;1;гео;5
Боксерские перчатки;боксерские перчатки фото;13;149;2026-08-19;боксерские перчатки;1;нецелевое;3
Боксерские перчатки;боксерские перчатки спортмастер;13;149;2026-08-19;боксерские перчатки;1;общий;3
Боксерские перчатки;перчатки для тайского бокса купить;13;149;2026-08-19;перчатки для бокса;1;покупка;5
Капы;гель для капы купить;13;149;2026-08-19;купить капу;1;покупка;4
Капы;капа купить гомель;13;149;2026-08-19;купить капу;1;покупка;3
Капы;скин кап шампунь купить в смоленске;13;149;2026-08-19;купить капу;1;покупка;6
Капы;купить шорты капа;13;149;2026-08-19;купить капу;1;покупка;3
Обувь для бокса;фильм боксерка;13;149;2026-08-19;боксерки;1;общий;2
Обувь для бокса;борцовки асикс;13;149;2026-08-19;борцовки;1;общий;2
Скакалки;где купить скакалку;13;149;2026-08-19;купить скакалку;1;покупка;3
Мешки и груши;наполнитель для боксерского мешка;13;149;2026-08-19;боксерский мешок;1;общий;4
Боксерские перчатки;женские боксерские перчатки;12;149;2026-08-19;боксерские перчатки;1;общий;3
Боксерские перчатки;бу боксерский перчатки;12;149;2026-08-19;боксерские перчатки;1;нецелевое;3
Капы;капа для сна при бруксизме купить;12;149;2026-08-19;купить капу;1;покупка;6
Лапы;лапы для бокса;12;149;2026-08-19;лапы для бокса;1;общий;3
Мешки и груши;мешок боксерский купить минск;12;149;2026-08-19;боксерский мешок;1;покупка;4
Мешки и груши;мешки боксерские резиновые;12;149;2026-08-19;боксерский мешок;1;общий;3
Мешки и груши;кронштейн для боксерской груши;12;149;2026-08-19;боксерская груша;1;общий;4
Мешки и груши;где боксерская груша;12;149;2026-08-19;боксерская груша;1;общий;3
Бренд и общее;магазин спортивного инвентаря минск;12;149;2026-08-19;спортивный магазин минск;1;гео;4
Боксерские перчатки;купить боксерские перчатки бу;11;149;2026-08-19;боксерские перчатки;2;покупка;4
Боксерские перчатки;боксерские перчатки 8 унций;11;149;2026-08-19;боксерские перчатки;1;выбор;4
Боксерские перчатки;боксерские перчатки 12;11;149;2026-08-19;боксерские перчатки;1;общий;3
Боксерские перчатки;смайл боксерская перчатка;11;149;2026-08-19;боксерские перчатки;1;нецелевое;3
Бинты для бокса;боксерские бинты купить;11;149;2026-08-19;боксерские бинты;1;покупка;3
Капы;купить скин кап гель;11;149;2026-08-19;купить капу;1;покупка;4
Обувь для бокса;борцовки найк;11;149;2026-08-19;борцовки;1;общий;2
Обувь для бокса;купить майку борцовку;11;149;2026-08-19;борцовки;1;покупка;3
Скакалки;скакалка детская купить;11;149;2026-08-19;купить скакалку;1;покупка;3
Мешки и груши;боксерский мешок капля;11;149;2026-08-19;боксерский мешок;1;общий;3
Мешки и груши;крошка для боксерского мешка;11;149;2026-08-19;боксерский мешок;1;общий;4
Мешки и груши;резиновая крошка для боксерского мешка;11;149;2026-08-19;боксерский мешок;1;общий;5
Мешки и груши;боксерская груша луи виттон;11;149;2026-08-19;боксерская груша;1;общий;4
Мешки и груши;купить сумау груша боксерская лимитка луи виттон;11;149;2026-08-19;боксерская груша;1;покупка;7
Мешки и груши;купить детскую боксерскую грушу минск;11;149;2026-08-19;боксерская груша;1;покупка;5
Мешки и груши;груша боксерская спортмастер;11;149;2026-08-19;боксерская груша;1;общий;3
Мешки и груши;боксерская груша для детей;11;149;2026-08-19;боксерская груша;1;общий;4
Бренд и общее;экипировка для бокса купить;11;149;2026-08-19;экипировка для бокса;1;покупка;4
Бренд и общее;экипировка для тайского бокса;11;149;2026-08-19;экипировка для бокса;1;общий;4
Бренд и общее;магазин спортивных товаров в минске;11;149;2026-08-19;спортивный магазин минск;1;гео;5
Боксерские перчатки;купить детские боксерские перчатки;10;149;2026-08-19;боксерские перчатки;2;покупка;4
Боксерские перчатки;сколько боксерские перчатки;10;149;2026-08-19;боксерские перчатки;1;общий;3
Капы;купить мазь скин кап;10;149;2026-08-19;купить капу;1;покупка;4
Капы;кап кат купить;10;149;2026-08-19;купить капу;1;покупка;3
Капы;скин кап гель для душа купить;10;149;2026-08-19;купить капу;1;покупка;6
Капы;капа женская купить;10;149;2026-08-19;купить капу;1;покупка;3
Обувь для бокса;под боксерки;10;149;2026-08-19;боксерки;1;общий;2
Обувь для бокса;борцовка мужская купить;10;149;2026-08-19;борцовки;1;покупка;3
Обувь для бокса;майка борцовка мужская купить;10;149;2026-08-19;борцовки;1;покупка;4
Мешки и груши;чехол боксерского мешка;10;149;2026-08-19;боксерский мешок;1;общий;3
Мешки и груши;боксерская груша манекен;10;149;2026-08-19;боксерская груша;1;общий;3
Мешки и груши;боксерская груша взрослая;10;149;2026-08-19;боксерская груша;1;общий;3
Мешки и груши;настенная груша для бокса;10;149;2026-08-19;груша для бокса;1;общий;4
Бренд и общее;магазины спортивного питания на карте минска;10;149;2026-08-19;спортивный магазин минск;1;гео;6
Боксерские перчатки;боксерские перчатки купить спортмастер;9;149;2026-08-19;боксерские перчатки;2;покупка;4
Боксерские перчатки;боксерские перчатки everlast;9;149;2026-08-19;боксерские перчатки;1;бренд;3
Боксерские перчатки;фиолетовые боксерские перчатки;9;149;2026-08-19;боксерские перчатки;1;общий;3
Боксерские перчатки;боксерские перчатки 16;9;149;2026-08-19;боксерские перчатки;1;общий;3
Боксерские перчатки;боксерские перчатки 16 унций;9;149;2026-08-19;боксерские перчатки;1;выбор;4
Боксерские перчатки;боксерские перчатки leaders;9;149;2026-08-19;боксерские перчатки;1;общий;3
Боксерские перчатки;боксерские перчатки leaders купить;9;149;2026-08-19;боксерские перчатки;2;покупка;4
Боксерские перчатки;everlasting боксерские перчатки;9;149;2026-08-19;боксерские перчатки;1;бренд;3
Боксерские перчатки;купить боксерские перчатки грин хилл;9;149;2026-08-19;купить боксерские перчатки;1;покупка;5
Капы;боксерская капа для зубов;9;149;2026-08-19;капа боксерская;1;общий;4
Капы;скин кап шампунь купить в аптеках;9;149;2026-08-19;купить капу;1;покупка;6
Боксерская форма;синяя боксерская форма;9;149;2026-08-19;боксерская форма;1;общий;3
Обувь для бокса;боксерки 3;9;149;2026-08-19;боксерки;1;общий;2
Обувь для бокса;боксерки хайперки;9;149;2026-08-19;боксерки;1;общий;2
Обувь для бокса;боксерки хайперко;9;149;2026-08-19;боксерки;1;общий;2
Обувь для бокса;боксерки хайперко 3;9;149;2026-08-19;боксерки;1;общий;3
Обувь для бокса;хайперки 3 боксерки;9;149;2026-08-19;боксерки;1;общий;3
Обувь для бокса;купить боксерки в минске;9;149;2026-08-19;боксерки;1;покупка;4
Обувь для бокса;боксерки мужские;9;149;2026-08-19;боксерки;1;общий;2
Обувь для бокса;красная борцовка;9;149;2026-08-19;борцовки;1;общий;2
Защитное снаряжение;защита голени купить;9;149;2026-08-19;защита голени;1;покупка;3
Мешки и груши;боксерский мешок кожаный;9;149;2026-08-19;боксерский мешок;1;общий;3
Мешки и груши;боксерский мешок из микрофибры;9;149;2026-08-19;боксерский мешок;1;общий;4
Мешки и груши;мешок боксерский напольный;9;149;2026-08-19;боксерский мешок;1;общий;3
Мешки и груши;боксерская груша из покрышек;9;149;2026-08-19;боксерская груша;1;общий;4
Мешки и груши;купить надувную боксерскую грушу;9;149;2026-08-19;боксерская груша;1;покупка;4
Мешки и груши;надувная боксерская груша детская;9;149;2026-08-19;боксерская груша;1;общий;4
Мешки и груши;груша боксерская 16 кг;9;149;2026-08-19;боксерская груша;1;общий;4
Мешки и груши;груша боксерская на стену;9;149;2026-08-19;боксерская груша;1;общий;4
Мешки и груши;диаметр боксерской груши;9;149;2026-08-19;боксерская груша;1;общий;3
Мешки и груши;боксерская груша герман;9;149;2026-08-19;боксерская груша;1;общий;3
Мешки и груши;боксерская груша бочка;9;149;2026-08-19;боксерская груша;1;общий;3
Мешки и груши;груша боксерская 50;9;149;2026-08-19;боксерская груша;1;общий;3
Бренд и общее;sst by интернет магазин спортивных тренажеров минск;9;149;2026-08-19;спортивный магазин минск;1;покупка;7
Бренд и общее;фирменный магазин спортивной одежды в минске;9;149;2026-08-19;спортивный магазин минск;1;гео;6
Боксерские перчатки;боксерские перчатки на руке;8;149;2026-08-19;боксерские перчатки;1;общий;4
Боксерские перчатки;боксерские перчатки рисунок;8;149;2026-08-19;боксерские перчатки;1;нецелевое;3
Боксерские перчатки;боксерские перчатки oz;8;149;2026-08-19;боксерские перчатки;1;общий;3
Боксерские перчатки;боксерские перчатки сколько унций;8;149;2026-08-19;боксерские перчатки;1;выбор;4
Боксерские перчатки;купить снарядные перчатки для бокса;8;149;2026-08-19;перчатки для бокса;3;покупка;5
Боксерские перчатки;перчатки для мма в тайскому боксе;8;149;2026-08-19;перчатки для бокса;1;общий;6
Боксерские перчатки;перчатки для бокса для мма;8;149;2026-08-19;перчатки для бокса;1;общий;5
Боксерские перчатки;сколько унций перчатки для бокса;8;149;2026-08-19;перчатки для бокса;1;выбор;5
Капы;кап спрей купить;8;149;2026-08-19;купить капу;1;покупка;3
Капы;где купить скин кап;8;149;2026-08-19;купить капу;1;покупка;4
Капы;скин кап крем купить в аптеке;8;149;2026-08-19;купить капу;1;покупка;6
Боксерская форма;купить форму для бокса;8;149;2026-08-19;форма для бокса;1;покупка;4
Боксерская форма;боксерская форма найк;8;149;2026-08-19;боксерская форма;1;общий;3
Обувь для бокса;купить боксерки найк;8;149;2026-08-19;боксерки;1;покупка;3
Обувь для бокса;картинки боксерка;8;149;2026-08-19;боксерки;1;общий;2
Скакалки;скакалка сасаки купить;8;149;2026-08-19;купить скакалку;1;покупка;3
Мешки и груши;уличный боксерский мешок;8;149;2026-08-19;боксерский мешок;1;общий;3
Мешки и груши;боксерская груша для кота;8;149;2026-08-19;боксерская груша;1;общий;4
Мешки и груши;виды боксерских груш;8;149;2026-08-19;боксерская груша;1;общий;3
Мешки и груши;бесплатная боксерская груша;8;149;2026-08-19;боксерская груша;1;общий;3
Мешки и груши;скачать боксерские груши для блендера бесплатно;8;149;2026-08-19;боксерская груша;1;нецелевое;6
Мешки и груши;скачать боксерскую грушу;8;149;2026-08-19;боксерская груша;1;нецелевое;3
Мешки и груши;вместо боксерской груши;8;149;2026-08-19;боксерская груша;1;общий;3
Мешки и груши;чем наполнить боксерскую грушу;8;149;2026-08-19;боксерская груша;1;общий;4
Мешки и груши;боксерская груша из автомобильных покрышек;8;149;2026-08-19;боксерская груша;1;общий;5
Боксерские перчатки;боксерские перчатки фирмы;7;149;2026-08-19;боксерские перчатки;1;общий;3
Боксерские перчатки;боксерские перчатки 10;7;149;2026-08-19;боксерские перчатки;1;общий;3
Боксерские перчатки;смайл боксерская перчатка параллельная;7;149;2026-08-19;боксерские перчатки;1;нецелевое;4
Боксерские перчатки;боксерские перчатки 14;7;149;2026-08-19;боксерские перчатки;1;общий;3
Боксерские перчатки;боксерские перчатки для тренировок;7;149;2026-08-19;боксерские перчатки;1;общий;4
Боксерские перчатки;черные боксерские перчатки;7;149;2026-08-19;боксерские перчатки;1;общий;3
Боксерские перчатки;боксерские перчатки грин хилл;7;149;2026-08-19;боксерские перчатки;1;бренд;4
Боксерские перчатки;боксерские перчатки хилл;7;149;2026-08-19;боксерские перчатки;1;общий;3
Боксерские перчатки;боксерские перчатки в машину;7;149;2026-08-19;боксерские перчатки;1;общий;4
Боксерские перчатки;купить боксерские перчатки в беларуси бу;7;149;2026-08-19;боксерские перчатки;2;покупка;6
Боксерские перчатки;размеры перчаток для бокса;7;149;2026-08-19;перчатки для бокса;1;выбор;4
Шлемы;шлем боксерский тренировочный;7;149;2026-08-19;боксерский шлем;1;общий;3
Шлемы;боксерский шлем клинч;7;149;2026-08-19;боксерский шлем;1;бренд;3
Капы;кей кап купить;7;149;2026-08-19;купить капу;1;покупка;3
Капы;кей капы купить;7;149;2026-08-19;купить капу;1;покупка;3
Капы;скин кап шампунь купить в бресте;7;149;2026-08-19;купить капу;1;покупка;6
Капы;купить капу для зубов в москве;7;149;2026-08-19;купить капу;1;покупка;6
Капы;скин кап спрей купить;7;149;2026-08-19;купить капу;1;покупка;4
Капы;купить капу про;7;149;2026-08-19;купить капу;1;покупка;3
Обувь для бокса;боксерки ультиматум;7;149;2026-08-19;боксерки;1;общий;2
Обувь для бокса;фильмы про боксерка;7;149;2026-08-19;боксерки;1;общий;3
Обувь для бокса;черная борцовка;7;149;2026-08-19;борцовки;1;общий;2
Обувь для бокса;хорошие борцовки;7;149;2026-08-19;борцовки;1;общий;2
Обувь для бокса;борцовки детские;7;149;2026-08-19;борцовки;1;общий;2
Обувь для бокса;борцовки шоп;7;149;2026-08-19;борцовки;1;общий;2
Обувь для бокса;бюстгальтер борцовка;7;149;2026-08-19;борцовки;1;общий;2
Лапы;лапы боксерские маленькие;7;149;2026-08-19;боксерские лапы;1;общий;3
Лапы;купить лапы для бокса;7;149;2026-08-19;лапы для бокса;1;покупка;4
Лапы;лапы для тайского бокса;7;149;2026-08-19;лапы для бокса;1;общий;4
Защитное снаряжение;защита для единоборств купить;7;149;2026-08-19;защита для единоборств;1;покупка;4
Скакалки;скакалка купить ростов;7;149;2026-08-19;купить скакалку;1;покупка;3
Скакалки;сова на скакалке купить;7;149;2026-08-19;купить скакалку;1;покупка;4
Мешки и груши;купить боксерский мешок спорт панда;7;149;2026-08-19;боксерский мешок;1;покупка;5
Мешки и груши;какой боксерский мешок;7;149;2026-08-19;боксерский мешок;1;выбор;3
Мешки и груши;боксерские мешки кожа;7;149;2026-08-19;боксерский мешок;1;общий;3
Мешки и груши;крепление для боксерского мешка;7;149;2026-08-19;боксерский мешок;1;общий;4
Мешки и груши;груши боксерские напольные надувные;7;149;2026-08-19;боксерская груша;1;общий;4
Мешки и груши;груша боксерская детская напольная;7;149;2026-08-19;боксерская груша;1;общий;4
Мешки и груши;боксерская груша 50 кг;7;149;2026-08-19;боксерская груша;1;общий;4
Мешки и груши;боксерская груша человек;7;149;2026-08-19;боксерская груша;1;общий;3
Мешки и груши;груша боксерская настенная;7;149;2026-08-19;боксерская груша;1;общий;3
Мешки и груши;купить боксерскую грушу в минске из наличия;7;149;2026-08-19;боксерская груша;1;покупка;7
Мешки и груши;боксерская груша большая;7;149;2026-08-19;боксерская груша;1;общий;3
Мешки и груши;боксерская груша бу;7;149;2026-08-19;боксерская груша;1;общий;3
Мешки и груши;какая боксерская груша;7;149;2026-08-19;боксерская груша;1;общий;3
Мешки и груши;боксерская груша фото;7;149;2026-08-19;боксерская груша;1;нецелевое;3
Мешки и груши;сколько боксерская груша;7;149;2026-08-19;боксерская груша;1;общий;3
Бренд и общее;экипировка для тайского бокса купить;7;149;2026-08-19;экипировка для бокса;1;покупка;5
Бренд и общее;минск спортивные магазины бадов;7;149;2026-08-19;спортивный магазин минск;1;гео;4
Боксерские перчатки;можно ли стирать боксерские перчатки;6;149;2026-08-19;боксерские перчатки;1;общий;5
Боксерские перчатки;можно стирать боксерские перчатки;6;149;2026-08-19;боксерские перчатки;1;общий;4
Боксерские перчатки;стираем боксерские перчатки;6;149;2026-08-19;боксерские перчатки;1;общий;3
Боксерские перчатки;вес боксерских перчаток;6;149;2026-08-19;боксерские перчатки;1;общий;3
Боксерские перчатки;стирают ли боксерские перчатки;6;149;2026-08-19;боксерские перчатки;1;общий;4
Боксерские перчатки;боксерские перчатки картинки;6;149;2026-08-19;боксерские перчатки;1;общий;3
Боксерские перчатки;купить перчатки для тайского бокса файтер шоп;6;149;2026-08-19;перчатки для бокса;1;покупка;7
Боксерские перчатки;как выбрать перчатки для бокса;6;149;2026-08-19;перчатки для бокса;1;выбор;5
Боксерские перчатки;минск купить боксерские перчатки снарядные;6;149;2026-08-19;купить боксерские перчатки;1;покупка;5
Шлемы;боевой боксерский шлем;6;149;2026-08-19;боксерский шлем;1;общий;3
Шлемы;чем отличаются боксерские шлемы;6;149;2026-08-19;боксерский шлем;1;общий;4
Шлемы;чем отличаются боевые боксерские шлемы от тренировочных;6;149;2026-08-19;боксерский шлем;1;общий;7
Шлемы;купить шлем для бокса;6;149;2026-08-19;шлем для бокса;1;покупка;4
Бинты для бокса;какие бинты для бокса;6;149;2026-08-19;бинты для бокса;1;выбор;4
Капы;индивидуальные боксерские капы;6;149;2026-08-19;капа боксерская;1;общий;3
Капы;сколько стоит боксерская капа;6;149;2026-08-19;капа боксерская;1;покупка;4
Капы;капа для сна купить в аптеке;6;149;2026-08-19;купить капу;1;покупка;6
Капы;капа для выравнивания зубов купить;6;149;2026-08-19;купить капу;1;покупка;5
Капы;капа для выравнивания купить;6;149;2026-08-19;купить капу;1;покупка;4
Капы;купить лянча капа;6;149;2026-08-19;купить капу;1;покупка;3
Капы;купить шорты капа му спорт женские;6;149;2026-08-19;купить капу;1;покупка;6
Обувь для бокса;боксерка против парня;6;149;2026-08-19;боксерки;1;общий;3
Обувь для бокса;боксерки hyperko;6;149;2026-08-19;боксерки;1;общий;2
Обувь для бокса;боксерки найк hyperko;6;149;2026-08-19;боксерки;1;общий;3
Обувь для бокса;фильм про боксерку катю;6;149;2026-08-19;боксерки;1;общий;4
Обувь для бокса;боксерки трусы;6;149;2026-08-19;боксерки;1;общий;2
Обувь для бокса;борцовки рудис;6;149;2026-08-19;борцовки;1;общий;2
Обувь для бокса;какие борцовки;6;149;2026-08-19;борцовки;1;выбор;2
Обувь для бокса;борцовки для борьбы вольной купить минск;6;149;2026-08-19;борцовки;1;покупка;6
Обувь для бокса;борцовки для вольной борьбы;6;149;2026-08-19;борцовки;1;общий;4
Обувь для бокса;вольные борцовки;6;149;2026-08-19;борцовки;1;общий;2
Обувь для бокса;купить борцовки для вольной;6;149;2026-08-19;борцовки;1;покупка;4
Обувь для бокса;купить борцовки для вольной борьбы;6;149;2026-08-19;борцовки;1;покупка;5
Обувь для бокса;борцовка женская;6;149;2026-08-19;борцовки;1;общий;2
Защитное снаряжение;защита голени для единоборств;6;149;2026-08-19;защита для единоборств;2;общий;4
Скакалки;купить скакалку спортивную;6;149;2026-08-19;купить скакалку;1;покупка;3
Мешки и груши;боксерские мешки пвх;6;149;2026-08-19;боксерский мешок;1;общий;3
Мешки и груши;сделать боксерского мешка;6;149;2026-08-19;боксерский мешок;1;общий;3
Мешки и груши;боксерские мешки где;6;149;2026-08-19;боксерский мешок;1;общий;3
Мешки и груши;мешок боксерский крошка купить;6;149;2026-08-19;боксерский мешок;1;покупка;4
Мешки и груши;резиновая крошка для боксерского мешка купить;6;149;2026-08-19;боксерский мешок;1;покупка;6
Мешки и груши;домашняя боксерская груша;6;149;2026-08-19;боксерская груша;1;общий;3
Мешки и груши;груша боксерская детская напольная купить;6;149;2026-08-19;боксерская груша;1;покупка;5
Мешки и груши;груша боксерская детская напольная надувная;6;149;2026-08-19;боксерская груша;1;общий;5
Мешки и груши;груша боксерская напольная надувная детская купить;6;149;2026-08-19;боксерская груша;1;покупка;6
Мешки и груши;груша боксерская спорт;6;149;2026-08-19;боксерская груша;1;общий;3
Мешки и груши;груша боксерская виды человека;6;149;2026-08-19;боксерская груша;1;общий;4
Мешки и груши;боксерская груша в квартире;6;149;2026-08-19;боксерская груша;1;общий;4
Мешки и груши;как повесить боксерскую грушу;6;149;2026-08-19;боксерская груша;1;общий;4
Мешки и груши;повесить боксерскую грушу в квартире;6;149;2026-08-19;боксерская груша;1;общий;5
Мешки и груши;крепление для боксерской груши;6;149;2026-08-19;боксерская груша;1;общий;4
Мешки и груши;стойка для груши боксерской уличная;6;149;2026-08-19;боксерская груша;1;общий;5
Мешки и груши;груша для бокса круглая;6;149;2026-08-19;груша для бокса;1;общий;4
Мешки и груши;купить грушу бочка для бокса;6;149;2026-08-19;груша для бокса;1;покупка;5
Бренд и общее;купить экипировку для тайского бокса;6;149;2026-08-19;экипировка для бокса;1;покупка;5
Бренд и общее;все для донфенг бокс;6;149;2026-08-19;все для бокса;1;общий;4
Боксерские перчатки;боксерские перчатки какие брать;5;149;2026-08-19;боксерские перчатки;1;выбор;4
Боксерские перчатки;как выбрать боксерские перчатки;5;149;2026-08-19;боксерские перчатки;1;выбор;4
Боксерские перчатки;какие есть боксерские перчатки;5;149;2026-08-19;боксерские перчатки;1;выбор;4
Боксерские перчатки;боксерские перчатки fairtex купить;5;149;2026-08-19;боксерские перчатки;2;покупка;4
Боксерские перчатки;боксерские перчатки rdx;5;149;2026-08-19;боксерские перчатки;1;бренд;3
Боксерские перчатки;боксерские перчатки 14 унций;5;149;2026-08-19;боксерские перчатки;1;выбор;4
Боксерские перчатки;зеленые боксерские перчатки;5;149;2026-08-19;боксерские перчатки;1;общий;3
Боксерские перчатки;купить боксерские перчатки everlast;5;149;2026-08-19;боксерские перчатки;2;покупка;4
Боксерские перчатки;боксерские перчатки запах;5;149;2026-08-19;боксерские перчатки;1;общий;3
Боксерские перчатки;боксерские перчатки green;5;149;2026-08-19;боксерские перчатки;1;общий;3
Боксерские перчатки;боксерские перчатки green hill;5;149;2026-08-19;боксерские перчатки;1;бренд;4
Боксерские перчатки;боксерские перчатки груша купить;5;149;2026-08-19;боксерские перчатки;3;покупка;4
Боксерские перчатки;боксерские перчатки 10 унций;5;149;2026-08-19;боксерские перчатки;1;выбор;4
Боксерские перчатки;как подобрать перчатки для бокса;5;149;2026-08-19;перчатки для бокса;1;общий;5
Боксерские перчатки;отличия перчаток для бокса;5;149;2026-08-19;перчатки для бокса;1;общий;4
Боксерские перчатки;отличие перчаток для тайского бокса от обычного;5;149;2026-08-19;перчатки для бокса;1;общий;7
Боксерские перчатки;боксерские перчатки 16 унций купить;5;149;2026-08-19;купить боксерские перчатки;1;покупка;5
Боксерские перчатки;купить боксерские перчатки 16;5;149;2026-08-19;купить боксерские перчатки;1;покупка;4
Шлемы;размер боксерского шлема;5;149;2026-08-19;боксерский шлем;1;выбор;3
Бинты для бокса;бинты для тайского бокса;5;149;2026-08-19;бинты для бокса;1;общий;4
Бинты для бокса;можно ли стирать бинты для бокса;5;149;2026-08-19;бинты для бокса;1;общий;6
Бинты для бокса;можно стирать бинты для бокса;5;149;2026-08-19;бинты для бокса;1;общий;5
Бинты для бокса;бинты для бокса спортмастер;5;149;2026-08-19;бинты для бокса;1;общий;4
Бинты для бокса;купить бинты для бокса спортмастер;5;149;2026-08-19;бинты для бокса;2;покупка;5
Бинты для бокса;бинты боксерские доллар;5;149;2026-08-19;боксерские бинты;1;общий;3
Бинты для бокса;бинты боксерские доллар купить;5;149;2026-08-19;боксерские бинты;1;покупка;4
Капы;как варить боксерскую капу;5;149;2026-08-19;капа боксерская;1;общий;4
Капы;как правильно варить боксерскую капу;5;149;2026-08-19;капа боксерская;1;общий;5
Капы;капа боксерская слепок;5;149;2026-08-19;капа боксерская;1;общий;3
Капы;купить капу для зубов для сна;5;149;2026-08-19;купить капу;1;покупка;6
Капы;капа купить спортмастер;5;149;2026-08-19;купить капу;1;покупка;3
Капы;скин кап шампунь купить в витебске;5;149;2026-08-19;купить капу;1;покупка;6
Капы;капа myobrace купить;5;149;2026-08-19;купить капу;1;покупка;3
Капы;купить капу для зубов для детей;5;149;2026-08-19;купить капу;1;покупка;6
Капы;купить капу ребенку;5;149;2026-08-19;купить капу;1;покупка;3
Капы;купить капу в мозыре;5;149;2026-08-19;купить капу;1;покупка;4
Капы;скин кап шампунь купить в могилеве;5;149;2026-08-19;купить капу;1;покупка;6
Капы;кабельная капа купить;5;149;2026-08-19;купить капу;1;покупка;3
Капы;купить крем скин кап в волковыске;5;149;2026-08-19;купить капу;1;покупка;6
Боксерская форма;купить боксерскую форму найк;5;149;2026-08-19;боксерская форма;1;покупка;4
Обувь для бокса;бренды боксерок;5;149;2026-08-19;боксерки;1;общий;2
Обувь для бокса;косы боксерки;5;149;2026-08-19;боксерки;1;общий;2
Обувь для бокса;боксерки hyperko 1;5;149;2026-08-19;боксерки;1;общий;3
Обувь для бокса;боксерки hyperko купить;5;149;2026-08-19;боксерки;1;покупка;3
Обувь для бокса;боксерки найк hyperko 1;5;149;2026-08-19;боксерки;1;общий;4
Обувь для бокса;боксерки найк hyperko купить;5;149;2026-08-19;боксерки;1;покупка;4
Обувь для бокса;купить боксерки hyperko 1;5;149;2026-08-19;боксерки;1;покупка;4
Обувь для бокса;купить боксерки найк hyperko 1;5;149;2026-08-19;боксерки;1;покупка;5
Обувь для бокса;майка боксерка мужская;5;149;2026-08-19;боксерки;1;общий;3
Обувь для бокса;смотреть фильм амазон про катю девочку боксерку;5;149;2026-08-19;боксерки;1;общий;7
Обувь для бокса;боксы для хранения обуви;5;149;2026-08-19;обувь для бокса;1;общий;4
Обувь для бокса;где борцовки;5;149;2026-08-19;борцовки;1;общий;2
Обувь для бокса;борцовки р;5;149;2026-08-19;борцовки;1;общий;2
Обувь для бокса;куфар купить борцовки;5;149;2026-08-19;борцовки;1;покупка;3
Обувь для бокса;белая борцовка;5;149;2026-08-19;борцовки;1;общий;2
Обувь для бокса;борцовки nike;5;149;2026-08-19;борцовки;1;общий;2
Обувь для бокса;асикс тайгер борцовки;5;149;2026-08-19;борцовки;1;общий;3
Обувь для бокса;борцовки тайгер;5;149;2026-08-19;борцовки;1;общий;2
Обувь для бокса;порно с борцовкой;5;149;2026-08-19;борцовки;1;нецелевое;3
Обувь для бокса;борцовки asics;5;149;2026-08-19;борцовки;1;общий;2
Снарядные перчатки;купить снарядные перчатки в спб;5;149;2026-08-19;снарядные перчатки;2;покупка;5
Защитное снаряжение;защита паха вратаря;5;149;2026-08-19;защита паха;1;общий;3
Защитное снаряжение;защита паха вратаря хоккей;5;149;2026-08-19;защита паха;1;общий;4
Защитное снаряжение;защита паха вратаря хоккей авито магнитогорск;5;149;2026-08-19;защита паха;1;нецелевое;6
Скакалки;где можно купить скакалку;5;149;2026-08-19;купить скакалку;1;покупка;4
Скакалки;купить скакалку пасторелли;5;149;2026-08-19;купить скакалку;1;покупка;3
Скакалки;sasaki скакалка купить;5;149;2026-08-19;купить скакалку;1;покупка;3
Мешки и груши;мешок боксерский 50;5;149;2026-08-19;боксерский мешок;1;общий;3
Мешки и груши;мешок боксерский 50 кг;5;149;2026-08-19;боксерский мешок;1;общий;4
Мешки и груши;из какой кожи сшить боксерский мешок;5;149;2026-08-19;боксерский мешок;1;выбор;6
Мешки и груши;купить кожаный боксерский мешок;5;149;2026-08-19;боксерский мешок;1;покупка;4
Мешки и груши;срок службы боксерского мешка из пвх;5;149;2026-08-19;боксерский мешок;1;общий;6
Мешки и груши;водоналивной боксерский мешок;5;149;2026-08-19;боксерский мешок;1;общий;3
Мешки и груши;боксерский мешок бойко;5;149;2026-08-19;боксерский мешок;1;общий;3
Мешки и груши;боксерская груша в домашних условиях;5;149;2026-08-19;боксерская груша;1;общий;5
Мешки и груши;как сделать боксерскую грушу в домашних условиях;5;149;2026-08-19;боксерская груша;1;учебное;7
Мешки и груши;как сделать домашнюю боксерскую грушу;5;149;2026-08-19;боксерская груша;1;учебное;5
Мешки и груши;кронштейн для боксерской груши своими руками;5;149;2026-08-19;боксерская груша;1;учебное;6
Мешки и груши;сделать кронштейн для груши боксерской своими руками;5;149;2026-08-19;боксерская груша;1;учебное;7
Мешки и груши;боксерская груша на улице витебск;5;149;2026-08-19;боксерская груша;1;гео;5
Мешки и груши;тренировочная боксерская груша в виде человека;5;149;2026-08-19;боксерская груша;1;общий;6
Мешки и груши;груша боксерская цена в белоруссіі;5;149;2026-08-19;боксерская груша;1;покупка;5
Мешки и груши;груша боксерская подвесная 50;5;149;2026-08-19;боксерская груша;1;общий;4
Мешки и груши;груша боксерская подвесная 50 кг;5;149;2026-08-19;боксерская груша;1;общий;5
Мешки и груши;груша боксерская подвесная купить 50;5;149;2026-08-19;боксерская груша;1;покупка;5
Мешки и груши;груша боксерская подвесная купить 50 кг;5;149;2026-08-19;боксерская груша;1;покупка;6
Мешки и груши;купить боксерскую грушу 50 кг;5;149;2026-08-19;боксерская груша;1;покупка;5
Мешки и груши;покажите боксерские груши;5;149;2026-08-19;боксерская груша;1;общий;3
Мешки и груши;груша боксерская напольная взрослая;5;149;2026-08-19;боксерская груша;1;общий;4
Мешки и груши;боксерская груша на потолок;5;149;2026-08-19;боксерская груша;1;общий;4
Мешки и груши;как повесить боксерскую грушу на потолок;5;149;2026-08-19;боксерская груша;1;общий;6
Мешки и груши;боксерская груша правильно;5;149;2026-08-19;боксерская груша;1;общий;3
Мешки и груши;как сделать боксерскую грушу дома;5;149;2026-08-19;боксерская груша;1;учебное;5
Мешки и груши;кого судьба использует вместо боксерской груши;5;149;2026-08-19;боксерская груша;1;общий;6
Мешки и груши;надувная груша для бокса;5;149;2026-08-19;груша для бокса;1;общий;4
Мешки и груши;герман груша для бокса;5;149;2026-08-19;груша для бокса;1;общий;4
Мешки и груши;водоналивная груша для бокса;5;149;2026-08-19;груша для бокса;1;общий;4
Бренд и общее;экипировка для тайского бокса белая купить;5;149;2026-08-19;экипировка для бокса;1;покупка;6
Бренд и общее;магазины меда станция метро спортивная минск;5;149;2026-08-19;спортивный магазин минск;1;гео;6
Бренд и общее;минск партизанский проспект 9 стоковый магазин спортивный;5;149;2026-08-19;спортивный магазин минск;1;гео;7
Боксерские перчатки;12 размер боксерских перчаток;4;149;2026-08-19;боксерские перчатки;1;выбор;4
Боксерские перчатки;боксерские перчатки на пальцы;4;149;2026-08-19;боксерские перчатки;1;общий;4
Боксерские перчатки;боксерские перчатки викинг;4;149;2026-08-19;боксерские перчатки;1;общий;3
Боксерские перчатки;мальчик в боксерских перчатках;4;149;2026-08-19;боксерские перчатки;1;общий;4
Боксерские перчатки;белые боксерские перчатки;4;149;2026-08-19;боксерские перчатки;1;общий;3
Боксерские перчатки;тату боксерские перчатки;4;149;2026-08-19;боксерские перчатки;1;нецелевое;3
Боксерские перчатки;какие размеры есть у боксерских перчаток;4;149;2026-08-19;боксерские перчатки;1;выбор;6
Боксерские перчатки;боксерские перчатки rival;4;149;2026-08-19;боксерские перчатки;1;общий;3
Боксерские перчатки;боксерские перчатки сколько унций выбрать;4;149;2026-08-19;боксерские перчатки;1;выбор;5
Боксерские перчатки;красные боксерские перчатки;4;149;2026-08-19;боксерские перчатки;1;общий;3
Боксерские перчатки;кожаные боксерские перчатки;4;149;2026-08-19;боксерские перчатки;1;общий;3
Боксерские перчатки;детская боксерская груша с перчатками;4;149;2026-08-19;боксерские перчатки;2;общий;5
Боксерские перчатки;боксерские перчатки gym;4;149;2026-08-19;боксерские перчатки;1;общий;3
Боксерские перчатки;бинт перчатка для бокса;4;149;2026-08-19;перчатки для бокса;1;общий;4
Боксерские перчатки;сколько унций брать перчатки для бокса;4;149;2026-08-19;перчатки для бокса;1;выбор;6
Шлемы;бамперный шлем для бокса;4;149;2026-08-19;шлем для бокса;1;общий;4
Бинты для бокса;бинты боксерские fairtex;4;149;2026-08-19;боксерские бинты;1;бренд;3
Капы;капа для зубов стоматологическая купить;4;149;2026-08-19;купить капу;1;покупка;5
Капы;купить кап кут про;4;149;2026-08-19;купить капу;1;покупка;4
Капы;капа белая купить;4;149;2026-08-19;купить капу;1;покупка;3
Капы;где можно купить капы;4;149;2026-08-19;купить капу;1;покупка;4
Капы;купить капу в уфе;4;149;2026-08-19;купить капу;1;покупка;4
Капы;купить шампунь скин кап в уфе;4;149;2026-08-19;купить капу;1;покупка;6
Капы;капа хоккейная купить;4;149;2026-08-19;купить капу;1;покупка;3
Капы;капы для брекетов купить;4;149;2026-08-19;купить капу;1;покупка;4
Боксерская форма;спортивная форма для бокса;4;149;2026-08-19;форма для бокса;1;общий;4
Боксерская форма;форма для бокса клинч;4;149;2026-08-19;форма для бокса;1;бренд;4
Боксерская форма;женские боксерские шорты;4;149;2026-08-19;боксерские шорты;1;общий;3
Обувь для бокса;боксерки найк 3;4;149;2026-08-19;боксерки;1;общий;3
Обувь для бокса;боксерки найк хайперко;4;149;2026-08-19;боксерки;1;общий;3
Обувь для бокса;боксерки найк хайперко 3;4;149;2026-08-19;боксерки;1;общий;4
Обувь для бокса;найк хайперки боксерки;4;149;2026-08-19;боксерки;1;общий;3
Обувь для бокса;голые боксерки;4;149;2026-08-19;боксерки;1;общий;2
Обувь для бокса;борцовки садовод;4;149;2026-08-19;борцовки;1;общий;2
Обувь для бокса;где купить борцовки;4;149;2026-08-19;борцовки;1;покупка;3
Обувь для бокса;борцовки одежда;4;149;2026-08-19;борцовки;1;общий;2
Обувь для бокса;борцовка вайлдберриз;4;149;2026-08-19;борцовки;1;общий;2
Обувь для бокса;борцовки фото;4;149;2026-08-19;борцовки;1;нецелевое;2
Обувь для бокса;купить борцовки вайлдберриз;4;149;2026-08-19;борцовки;1;покупка;3
Обувь для бокса;купить борцовки мужские на вайлдберриз;4;149;2026-08-19;борцовки;1;покупка;5
Обувь для бокса;майка борцовка мужская купить на вайлдберриз;4;149;2026-08-19;борцовки;1;покупка;6
Обувь для бокса;майки борцовки мужские на вайлдберриз;4;149;2026-08-19;борцовки;1;общий;5
Защитное снаряжение;защита голени каратэ;4;149;2026-08-19;защита голени;1;общий;3
Защитное снаряжение;защита паха купить;4;149;2026-08-19;защита паха;1;покупка;3
Скакалки;сова на скакалке карта купить;4;149;2026-08-19;купить скакалку;1;покупка;5
Скакалки;купить скакалку для взрослых;4;149;2026-08-19;купить скакалку;1;покупка;4
Мешки и груши;боксерский мешок 40кг;4;149;2026-08-19;боксерский мешок;1;общий;3
Мешки и груши;мешок боксерский 80;4;149;2026-08-19;боксерский мешок;1;общий;3
Мешки и груши;видео боксерскую грушу видео;4;149;2026-08-19;боксерская груша;1;учебное;4
Мешки и груши;купить стойку для боксерской груши;4;149;2026-08-19;боксерская груша;1;покупка;5
Мешки и груши;груша боксерская стоя;4;149;2026-08-19;боксерская груша;1;общий;3
Мешки и груши;стоящая боксерская груша;4;149;2026-08-19;боксерская груша;1;общий;3
Мешки и груши;настольная боксерская груша;4;149;2026-08-19;боксерская груша;1;общий;3
Мешки и груши;груша боксерская хабаровск;4;149;2026-08-19;боксерская груша;1;общий;3
Мешки и груши;наполнитель для боксерской груши;4;149;2026-08-19;боксерская груша;1;общий;4
Мешки и груши;водоналивная боксерская груша;4;149;2026-08-19;боксерская груша;1;общий;3
Мешки и груши;анкер для боксерской груши;4;149;2026-08-19;боксерская груша;1;общий;4
Мешки и груши;боксерская груша 12кг;4;149;2026-08-19;боксерская груша;1;общий;3
Мешки и груши;подставка для груши боксерской напольная;4;149;2026-08-19;боксерская груша;1;общий;5
Мешки и груши;купить грушу боксерскую взрослую;4;149;2026-08-19;боксерская груша;1;покупка;4
Мешки и груши;подвес для груши боксерской к стене;4;149;2026-08-19;боксерская груша;1;общий;6
Мешки и груши;купить боксерскую грушу герман;4;149;2026-08-19;боксерская груша;1;покупка;4
Мешки и груши;подвес для груши боксерской к потолку;4;149;2026-08-19;боксерская груша;1;общий;6
Мешки и груши;боксерская груша из брезента;4;149;2026-08-19;боксерская груша;1;общий;4
Мешки и груши;как сделать грушу для бокса;4;149;2026-08-19;груша для бокса;1;учебное;5
Мешки и груши;надувная груша для бокса детская;4;149;2026-08-19;груша для бокса;1;общий;5
Мешки и груши;напольная груша для бокса детская;4;149;2026-08-19;груша для бокса;1;общий;5
Бренд и общее;перчатки клинч;4;149;2026-08-19;клинч перчатки;1;бренд;2
Бренд и общее;все для тв бокса на андроид программы;4;149;2026-08-19;все для бокса;1;общий;7
Бренд и общее;все программы для тв бокса;4;149;2026-08-19;все для бокса;1;общий;5
Боксерские перчатки;как постирать боксерские перчатки;3;149;2026-08-19;боксерские перчатки;1;общий;4
Боксерские перчатки;боксерские перчатки lonsdale;3;149;2026-08-19;боксерские перчатки;1;общий;3
Боксерские перчатки;боксерские перчатки крючком;3;149;2026-08-19;боксерские перчатки;1;общий;3
Боксерские перчатки;боксерские перчатки крючком схема;3;149;2026-08-19;боксерские перчатки;1;общий;4
Боксерские перчатки;боксерские перчатки черно белые;3;149;2026-08-19;боксерские перчатки;1;общий;4
Боксерские перчатки;схема боксерской перчатки;3;149;2026-08-19;боксерские перчатки;1;общий;3
Боксерские перчатки;боксерские перчатки 12 oz;3;149;2026-08-19;боксерские перчатки;1;общий;4
Боксерские перчатки;боец боксерские перчатки;3;149;2026-08-19;боксерские перчатки;1;общий;3
Боксерские перчатки;боксерские перчатки twins;3;149;2026-08-19;боксерские перчатки;1;общий;3
Боксерские перчатки;помыть боксерские перчатки;3;149;2026-08-19;боксерские перчатки;1;общий;3
Боксерские перчатки;боксерские перчатки для детей;3;149;2026-08-19;боксерские перчатки;1;общий;4
Боксерские перчатки;девушка в боксерских перчатках;3;149;2026-08-19;боксерские перчатки;1;общий;4
Боксерские перчатки;розовые боксерские перчатки;3;149;2026-08-19;боксерские перчатки;1;общий;3
Боксерские перчатки;боксерские перчатки 12 унций;3;149;2026-08-19;боксерские перчатки;1;выбор;4
Боксерские перчатки;боксерские перчатки clinch fight;3;149;2026-08-19;боксерские перчатки;2;бренд;4
Боксерские перчатки;боксерские перчатки fighting;3;149;2026-08-19;боксерские перчатки;1;общий;3
Боксерские перчатки;боксерские перчатки rival rb10;3;149;2026-08-19;боксерские перчатки;1;общий;4
Боксерские перчатки;боксерские перчатки раст;3;149;2026-08-19;боксерские перчатки;1;общий;3
Боксерские перчатки;перчатки боксерские fight;3;149;2026-08-19;боксерские перчатки;1;общий;3
Боксерские перчатки;человек в боксерских перчатках;3;149;2026-08-19;боксерские перчатки;1;общий;4
Боксерские перчатки;как подобрать боксерские перчатки;3;149;2026-08-19;боксерские перчатки;1;общий;4
Боксерские перчатки;боксерские перчатки бокс;3;149;2026-08-19;боксерские перчатки;1;общий;3
Боксерские перчатки;боксерские перчатки венум;3;149;2026-08-19;боксерские перчатки;1;общий;3
Боксерские перчатки;боксерские бинты перчатки;3;149;2026-08-19;боксерские перчатки;2;общий;3
Боксерские перчатки;формы боксерских перчаток;3;149;2026-08-19;боксерские перчатки;2;общий;3
Боксерские перчатки;как получить боксерские перчатки;3;149;2026-08-19;боксерские перчатки;1;общий;4
Боксерские перчатки;виды боксерских перчаток;3;149;2026-08-19;боксерские перчатки;1;общий;3
Боксерские перчатки;показать боксерские перчатки;3;149;2026-08-19;боксерские перчатки;1;общий;3
Боксерские перчатки;боксерские перчатки игры;3;149;2026-08-19;боксерские перчатки;1;общий;3
Боксерские перчатки;перчатки для бокса rdx;3;149;2026-08-19;перчатки для бокса;1;бренд;4
Боксерские перчатки;top ten перчатки для бокса;3;149;2026-08-19;перчатки для бокса;1;общий;5
Боксерские перчатки;ривал перчатки для бокса;3;149;2026-08-19;перчатки для бокса;1;общий;4
Боксерские перчатки;снарядные перчатки для бокса как выбрать;3;149;2026-08-19;перчатки для бокса;2;выбор;6
Боксерские перчатки;размер перчаток для бокса;3;149;2026-08-19;перчатки для бокса;1;выбор;4
Боксерские перчатки;перчатки для бокса 16;3;149;2026-08-19;перчатки для бокса;1;общий;4
Боксерские перчатки;перчатки под перчатки для бокса;3;149;2026-08-19;перчатки для бокса;1;общий;5
Боксерские перчатки;бинты под перчатки для бокса;3;149;2026-08-19;перчатки для бокса;1;общий;5
Боксерские перчатки;перчатки для спарринга бокс;3;149;2026-08-19;перчатки для бокса;1;общий;4
Боксерские перчатки;розовые боксерские перчатки купить;3;149;2026-08-19;купить боксерские перчатки;1;покупка;4
Шлемы;шлем боксерский full face;3;149;2026-08-19;боксерский шлем;1;общий;4
Бинты для бокса;бинты для бокса какая длина;3;149;2026-08-19;бинты для бокса;1;общий;5
Бинты для бокса;длина бинта для бокса;3;149;2026-08-19;бинты для бокса;1;общий;4
Бинты для бокса;бинты для рук для бокса;3;149;2026-08-19;бинты для бокса;1;общий;5
Бинты для бокса;как наматывать бинты для бокса;3;149;2026-08-19;бинты для бокса;1;общий;5
Капы;капа боксерская купить;3;149;2026-08-19;капа боксерская;2;покупка;3
Капы;как сделать капу для бокса;3;149;2026-08-19;капа для бокса;1;учебное;5
Капы;капа для бокса купить;3;149;2026-08-19;капа для бокса;2;покупка;4
Капы;купить кап для бокса;3;149;2026-08-19;капа для бокса;2;покупка;4
Капы;капы взрослые купить;3;149;2026-08-19;купить капу;1;покупка;3
Капы;капы для реминерализации купить;3;149;2026-08-19;купить капу;1;покупка;4
Капы;спортивная капа купить;3;149;2026-08-19;купить капу;1;покупка;3
Капы;где купить капу для зубов;3;149;2026-08-19;купить капу;1;покупка;5
Капы;где купить капы для выравнивания зубов;3;149;2026-08-19;купить капу;1;покупка;6
Капы;скин кап шампунь купить в новороссийске;3;149;2026-08-19;купить капу;1;покупка;6
Капы;капы для отбеливания зубов купить;3;149;2026-08-19;купить капу;1;покупка;5
Капы;отбеливание капа купить;3;149;2026-08-19;купить капу;1;покупка;3
Капы;купить капу для зубов для спорта;3;149;2026-08-19;купить капу;1;покупка;6
Капы;купить капу для спорта;3;149;2026-08-19;купить капу;1;покупка;4
Капы;скин кап аэрозоль купить в москве;3;149;2026-08-19;купить капу;1;покупка;6
Капы;капа от бруксизма купить в аптеке;3;149;2026-08-19;купить капу;1;покупка;6
Капы;дерма кап купить;3;149;2026-08-19;купить капу;1;покупка;3
Капы;скин кап 15 г купить;3;149;2026-08-19;купить капу;1;покупка;5
Капы;скин кап крем 15 г купить;3;149;2026-08-19;купить капу;1;покупка;6
Капы;скин кап купить 15;3;149;2026-08-19;купить капу;1;покупка;4
Капы;скин кап купить крем 15;3;149;2026-08-19;купить капу;1;покупка;5
Капы;капы для зубов для геля купить;3;149;2026-08-19;купить капу;1;покупка;6
Капы;капа для зубов купить в аптеке;3;149;2026-08-19;купить капу;1;покупка;6
Капы;кап купить цена;3;149;2026-08-19;купить капу;1;покупка;3
Капы;купить капу цена;3;149;2026-08-19;купить капу;1;покупка;3
Капы;скин кап белоруссия купить;3;149;2026-08-19;купить капу;1;покупка;4
Боксерская форма;двухсторонняя боксерская форма;3;149;2026-08-19;боксерская форма;1;общий;3
Боксерская форма;шорты боксерские женские розовые;3;149;2026-08-19;боксерские шорты;1;общий;4
Боксерская форма;шорты боксерские розовые;3;149;2026-08-19;боксерские шорты;1;общий;3
Обувь для бокса;боксерки boxraw;3;149;2026-08-19;боксерки;1;общий;2
Обувь для бокса;можно ли стирать боксерки;3;149;2026-08-19;боксерки;1;общий;4
Обувь для бокса;можно ли стирать боксерки в стиральной машине;3;149;2026-08-19;боксерки;1;общий;7
Обувь для бокса;можно стирать боксерки;3;149;2026-08-19;боксерки;1;общий;3
Обувь для бокса;боксерка показала;3;149;2026-08-19;боксерки;1;общий;2
Обувь для бокса;боксерки адидас;3;149;2026-08-19;боксерки;1;бренд;2
Обувь для бокса;боксерка магазин;3;149;2026-08-19;боксерки;1;общий;2
Обувь для бокса;борцовки боксерки;3;149;2026-08-19;боксерки;2;общий;2
Обувь для бокса;боксерки 2;3;149;2026-08-19;боксерки;1;общий;2
Обувь для бокса;девушки боксерки;3;149;2026-08-19;боксерки;1;общий;2
Обувь для бокса;боксерки женские;3;149;2026-08-19;боксерки;1;общий;2
Обувь для бокса;обувь для бокса купить;3;149;2026-08-19;обувь для бокса;1;покупка;4
Обувь для бокса;профессиональные борцовки;3;149;2026-08-19;борцовки;1;общий;2
Обувь для бокса;борцовки nike tawa;3;149;2026-08-19;борцовки;1;общий;3
Обувь для бокса;борцовки tawa;3;149;2026-08-19;борцовки;1;общий;2
Обувь для бокса;борцовки найк купить;3;149;2026-08-19;борцовки;1;покупка;3
Обувь для бокса;спортивный борцовка;3;149;2026-08-19;борцовки;1;общий;2
Обувь для бокса;борцовки tigers;3;149;2026-08-19;борцовки;1;общий;2
Обувь для бокса;борцовки адидас;3;149;2026-08-19;борцовки;1;бренд;2
Обувь для бокса;борцовка для тяжелой атлетики;3;149;2026-08-19;борцовки;1;общий;4
Лапы;боксерские лапы кожаные;3;149;2026-08-19;боксерские лапы;1;общий;3
Снарядные перчатки;выбираем снарядные перчатки;3;149;2026-08-19;снарядные перчатки;1;общий;3
Защитное снаряжение;защита голени для единоборств купить;3;149;2026-08-19;защита для единоборств;2;покупка;5
Защитное снаряжение;защита ног для единоборств;3;149;2026-08-19;защита для единоборств;1;общий;4
Защитное снаряжение;защита ног для единоборств купить;3;149;2026-08-19;защита для единоборств;1;покупка;5
Защитное снаряжение;защита голени и стопы;3;149;2026-08-19;защита голени;1;общий;4
Защитное снаряжение;размеры защиты голени;3;149;2026-08-19;защита голени;1;выбор;3
Защитное снаряжение;защита паха для хоккея;3;149;2026-08-19;защита паха;1;общий;4
Защитное снаряжение;защита паха женский;3;149;2026-08-19;защита паха;1;общий;3
Защитное снаряжение;защита паха шорты;3;149;2026-08-19;защита паха;1;общий;3
Защитное снаряжение;как называется защита для паха;3;149;2026-08-19;защита паха;1;общий;5
Защитное снаряжение;защита паха хоккейная;3;149;2026-08-19;защита паха;1;общий;3
Скакалки;светящаяся скакалка купить;3;149;2026-08-19;купить скакалку;1;покупка;3
Скакалки;купить детские карты сова на скакалке;3;149;2026-08-19;купить скакалку;1;покупка;6
Скакалки;скакалка pastorelli купить;3;149;2026-08-19;купить скакалку;1;покупка;3
Скакалки;купить ребенку скакалку;3;149;2026-08-19;купить скакалку;1;покупка;3
Скакалки;купить скакалки цена;3;149;2026-08-19;купить скакалку;1;покупка;3
Скакалки;умная скакалка купить;3;149;2026-08-19;купить скакалку;1;покупка;3
Мешки и груши;наполнитель для боксерского мешка купить;3;149;2026-08-19;боксерский мешок;1;покупка;5
Мешки и груши;кронштейн для боксерского мешка;3;149;2026-08-19;боксерский мешок;1;общий;4
Мешки и груши;спортмастер мешки боксерские;3;149;2026-08-19;боксерский мешок;1;общий;3
Мешки и груши;мешок боксерский большой;3;149;2026-08-19;боксерский мешок;1;общий;3
Мешки и груши;бить боксерскую мешок;3;149;2026-08-19;боксерский мешок;1;общий;3
Мешки и груши;боксерский мешок видео;3;149;2026-08-19;боксерский мешок;1;учебное;3
Мешки и груши;боксерский мешок 60;3;149;2026-08-19;боксерский мешок;1;общий;3
Мешки и груши;боксерский мешок харламов;3;149;2026-08-19;боксерский мешок;1;общий;3
Мешки и груши;харламов спорт боксерский мешок;3;149;2026-08-19;боксерский мешок;1;общий;4
Мешки и груши;купить боксерскую грушу для ребенка;3;149;2026-08-19;боксерская груша;1;покупка;5
Мешки и груши;боксерская груша купить в спортмастере цена;3;149;2026-08-19;боксерская груша;1;покупка;6
Мешки и груши;боксерская груша купить цена;3;149;2026-08-19;боксерская груша;1;покупка;4
Мешки и груши;боксерская груша цена спортмастер;3;149;2026-08-19;боксерская груша;1;покупка;4
Мешки и груши;спортмастер купить грушу боксерскую;3;149;2026-08-19;боксерская груша;1;покупка;4
Мешки и груши;груша боксерская напольная манекен;3;149;2026-08-19;боксерская груша;1;общий;4
Мешки и груши;кронштейн боксерской груши поворотный;3;149;2026-08-19;боксерская груша;1;общий;4
Мешки и груши;боксерская груша для дома;3;149;2026-08-19;боксерская груша;1;общий;4
Мешки и груши;стойка для боксерской груши напольное;3;149;2026-08-19;боксерская груша;1;общий;5
Мешки и груши;груша мужик боксерская;3;149;2026-08-19;боксерская груша;1;общий;3
Мешки и груши;как сделать боксерскую грушу своими руками;3;149;2026-08-19;боксерская груша;1;учебное;6
Мешки и груши;валберис боксерская груша;3;149;2026-08-19;боксерская груша;1;общий;3
Мешки и груши;груша силуэт боксерская;3;149;2026-08-19;боксерская груша;1;общий;3
Мешки и груши;купить боксерскую грушу на валберис;3;149;2026-08-19;боксерская груша;1;покупка;5
Мешки и груши;груша боксерская уличная купить;3;149;2026-08-19;боксерская груша;1;покупка;4
Мешки и груши;боксерская груша мужчина;3;149;2026-08-19;боксерская груша;1;общий;3
Мешки и груши;груша боксерская пвх;3;149;2026-08-19;боксерская груша;1;общий;3
Мешки и груши;наполнитель для груши боксерской купить;3;149;2026-08-19;боксерская груша;1;покупка;5
Мешки и груши;боксерская груша для детей напольная;3;149;2026-08-19;боксерская груша;1;общий;5
Мешки и груши;чем набита боксерская груша;3;149;2026-08-19;боксерская груша;1;общий;4
Мешки и груши;чем набить боксерскую грушу;3;149;2026-08-19;боксерская груша;1;общий;4
Мешки и груши;груша неваляшка боксерская;3;149;2026-08-19;боксерская груша;1;общий;3
Мешки и груши;груша неваляшка боксерская для детей;3;149;2026-08-19;боксерская груша;1;общий;5
Мешки и груши;сколько стоит боксерская груша;3;149;2026-08-19;боксерская груша;1;покупка;4
Мешки и груши;груша боксерская ростов;3;149;2026-08-19;боксерская груша;1;общий;3
Мешки и груши;боксерская груша бу купить;3;149;2026-08-19;боксерская груша;1;покупка;4
Мешки и груши;боксерская груша для улицы;3;149;2026-08-19;боксерская груша;1;общий;4
Мешки и груши;чем наполняется боксерская груша;3;149;2026-08-19;боксерская груша;1;общий;4
Мешки и груши;профессиональная боксерская груша;3;149;2026-08-19;боксерская груша;1;общий;3
Мешки и груши;крепление для боксерской груши на стену;3;149;2026-08-19;боксерская груша;1;общий;6
Мешки и груши;почему боксерская груша;3;149;2026-08-19;боксерская груша;1;общий;3
Мешки и груши;лучшая боксерская груша;3;149;2026-08-19;боксерская груша;1;выбор;3
Мешки и груши;чем лучше наполнить боксерскую грушу;3;149;2026-08-19;боксерская груша;1;выбор;5
Мешки и груши;водоналивная груша для бокса купить;3;149;2026-08-19;груша для бокса;1;покупка;5
Мешки и груши;груша манекен для бокса;3;149;2026-08-19;груша для бокса;1;общий;4
Мешки и груши;груша человек для бокса;3;149;2026-08-19;груша для бокса;1;общий;4
Мешки и груши;груша для бокса домой;3;149;2026-08-19;груша для бокса;1;общий;4
Мешки и груши;детские груши для бокса купить;3;149;2026-08-19;груша для бокса;1;покупка;5
Бренд и общее;clinch fight;3;149;2026-08-19;clinch;1;бренд;2
Бренд и общее;clinch fight перчатки;3;149;2026-08-19;clinch;1;бренд;3
Бренд и общее;clinch fighting;3;149;2026-08-19;clinch;1;бренд;2
Боксерские перчатки;боксерские перчатки серебро;2;149;2026-08-19;боксерские перчатки;1;общий;3
Боксерские перчатки;боксерские перчатки как выбрать унции;2;149;2026-08-19;боксерские перчатки;1;выбор;5
Боксерские перчатки;боксерские перчатки размеры в унциях как выбрать;2;149;2026-08-19;боксерские перчатки;1;выбор;7
Боксерские перчатки;вкладыши для сушки боксерских перчаток;2;149;2026-08-19;боксерские перчатки;1;общий;5
Боксерские перчатки;как выбрать размер боксерских перчаток;2;149;2026-08-19;боксерские перчатки;1;выбор;5
Боксерские перчатки;размер боксерских перчаток в унциях;2;149;2026-08-19;боксерские перчатки;1;выбор;5
Боксерские перчатки;сушка для боксерских перчаток;2;149;2026-08-19;боксерские перчатки;1;общий;4
Боксерские перчатки;боксерские перчатки бывают;2;149;2026-08-19;боксерские перчатки;1;общий;3
Боксерские перчатки;какие бывают боксерские перчатки;2;149;2026-08-19;боксерские перчатки;1;выбор;4
Боксерские перчатки;как сделать боксерские перчатки;2;149;2026-08-19;боксерские перчатки;1;учебное;4
Боксерские перчатки;боксерские перчатки цена;2;149;2026-08-19;боксерские перчатки;1;покупка;3
Боксерские перчатки;выбрать боксерские перчатки ребенку;2;149;2026-08-19;боксерские перчатки;1;общий;4
Боксерские перчатки;купить оригинальные боксерские перчатки;2;149;2026-08-19;боксерские перчатки;2;покупка;4
Боксерские перчатки;оригинальные боксерские перчатки;2;149;2026-08-19;боксерские перчатки;1;общий;3
Боксерские перчатки;старые боксерские перчатки купить;2;149;2026-08-19;боксерские перчатки;2;покупка;4
Боксерские перчатки;боксерские перчатки демикс;2;149;2026-08-19;боксерские перчатки;1;общий;3
Боксерские перчатки;мальчик в боксерских перчатках фото;2;149;2026-08-19;боксерские перчатки;1;нецелевое;5
Боксерские перчатки;боксерские перчатки green hill tiger;2;149;2026-08-19;боксерские перчатки;1;бренд;5
Боксерские перчатки;боксерские перчатки hayabusa;2;149;2026-08-19;боксерские перчатки;1;бренд;3
Боксерские перчатки;боксерские перчатки tiger;2;149;2026-08-19;боксерские перчатки;1;общий;3
Боксерские перчатки;боксерские перчатки twins special;2;149;2026-08-19;боксерские перчатки;1;общий;4
Боксерские перчатки;боксерские перчатки ultimatum;2;149;2026-08-19;боксерские перчатки;1;бренд;3
Боксерские перчатки;боксерские перчатки windy;2;149;2026-08-19;боксерские перчатки;1;общий;3
Боксерские перчатки;купить боксерские перчатки green hill;2;149;2026-08-19;боксерские перчатки;2;покупка;5
Боксерские перчатки;перчатки под боксерские перчатки;2;149;2026-08-19;боксерские перчатки;1;общий;4
Боксерские перчатки;фаертекс боксерские перчатки;2;149;2026-08-19;боксерские перчатки;1;общий;3
Боксерские перчатки;сколько унций брать боксерские перчатки;2;149;2026-08-19;боксерские перчатки;1;выбор;5
Боксерские перчатки;дельфин с боксерскими перчатками;2;149;2026-08-19;боксерские перчатки;1;общий;4
Боксерские перчатки;лучшие боксерские перчатки;2;149;2026-08-19;боксерские перчатки;1;выбор;3
Боксерские перчатки;боксерские перчатки sport;2;149;2026-08-19;боксерские перчатки;1;общий;3
Боксерские перчатки;купить боксерскую перчатку в машину;2;149;2026-08-19;боксерские перчатки;2;покупка;5
Боксерские перчатки;боксерские перчатки эверласт;2;149;2026-08-19;боксерские перчатки;1;бренд;3
Боксерские перчатки;боксерские перчатки клинч;2;149;2026-08-19;боксерские перчатки;2;бренд;3
Боксерские перчатки;боксерские перчатки без пальцев;2;149;2026-08-19;боксерские перчатки;1;общий;4
Боксерские перчатки;боксерские перчатки для мужчин;2;149;2026-08-19;боксерские перчатки;1;общий;4
Боксерские перчатки;заказать боксерские перчатки;2;149;2026-08-19;боксерские перчатки;1;покупка;3
Боксерские перчатки;какой размер боксерских перчаток для мужчины;2;149;2026-08-19;боксерские перчатки;1;выбор;6
Боксерские перчатки;перстень боксерская перчатка;2;149;2026-08-19;боксерские перчатки;1;общий;3
Боксерские перчатки;размер боксерских перчаток для мужчин;2;149;2026-08-19;боксерские перчатки;1;выбор;5
Боксерские перчатки;размер руки для боксерских перчаток;2;149;2026-08-19;боксерские перчатки;1;выбор;5
Боксерские перчатки;сколько стоят боксерские перчатки;2;149;2026-08-19;боксерские перчатки;1;общий;4
Боксерские перчатки;чем заменить боксерские перчатки;2;149;2026-08-19;боксерские перчатки;1;общий;4
Боксерские перчатки;чем можно заменить боксерские перчатки;2;149;2026-08-19;боксерские перчатки;1;общий;5
Боксерские перчатки;боксерские перчатки insane;2;149;2026-08-19;боксерские перчатки;1;общий;3
Боксерские перчатки;цвет боксерских перчаток;2;149;2026-08-19;боксерские перчатки;1;общий;3
Боксерские перчатки;фото девушки в боксерских перчатках;2;149;2026-08-19;боксерские перчатки;1;нецелевое;5
Боксерские перчатки;какой вес боксерских перчаток;2;149;2026-08-19;боксерские перчатки;1;выбор;4
Боксерские перчатки;боксерские перчатки тренировочные;2;149;2026-08-19;боксерские перчатки;1;общий;3
Боксерские перчатки;перчатки боксерские для груши тренировочные;2;149;2026-08-19;боксерские перчатки;2;общий;5
Боксерские перчатки;боксерские перчатки внутри;2;149;2026-08-19;боксерские перчатки;1;общий;3
Боксерские перчатки;как помыть боксерские перчатки внутри;2;149;2026-08-19;боксерские перчатки;1;общий;5
Боксерские перчатки;как помыть боксерские перчатки от пота;2;149;2026-08-19;боксерские перчатки;1;общий;6
Боксерские перчатки;боксерская перчатка фильм;2;149;2026-08-19;боксерские перчатки;1;общий;3
Боксерские перчатки;перчатки для мешка боксерского;2;149;2026-08-19;боксерские перчатки;2;общий;4
Боксерские перчатки;боксерские перчатки venum;2;149;2026-08-19;боксерские перчатки;1;бренд;3
Боксерские перчатки;боксерские перчатки 10 oz;2;149;2026-08-19;боксерские перчатки;1;общий;4
Боксерские перчатки;перчатки боксерские clinch fight 3.0;2;149;2026-08-19;боксерские перчатки;2;бренд;5
Боксерские перчатки;перчатки боксерские fight 3.0;2;149;2026-08-19;боксерские перчатки;1;общий;4
Боксерские перчатки;перчатки боксерские код тн вэд;2;149;2026-08-19;боксерские перчатки;1;общий;5
Боксерские перчатки;синие боксерские перчатки;2;149;2026-08-19;боксерские перчатки;1;общий;3
Боксерские перчатки;тн вэд боксерские перчатки;2;149;2026-08-19;боксерские перчатки;1;общий;4
Боксерские перчатки;боксерские перчатки 6;2;149;2026-08-19;боксерские перчатки;1;общий;3
Боксерские перчатки;боксерские перчатки 6 унций;2;149;2026-08-19;боксерские перчатки;1;выбор;4
Боксерские перчатки;веном перчатки боксерские;2;149;2026-08-19;боксерские перчатки;1;общий;3
Боксерские перчатки;боксерские перчатки и груша;2;149;2026-08-19;боксерские перчатки;2;общий;4
Боксерские перчатки;детская боксерская груша и перчатки купить;2;149;2026-08-19;боксерские перчатки;3;покупка;6
Боксерские перчатки;боксерские перчатки 3д модель;2;149;2026-08-19;боксерские перчатки;1;общий;4
Боксерские перчатки;золотые боксерские перчатки;2;149;2026-08-19;боксерские перчатки;1;общий;3
Боксерские перчатки;как называются боксерские перчатки;2;149;2026-08-19;боксерские перчатки;1;общий;4
Боксерские перчатки;почему боксерскую перчатку;2;149;2026-08-19;боксерские перчатки;1;общий;3
Боксерские перчатки;боксерские перчатки top;2;149;2026-08-19;боксерские перчатки;1;общий;3
Боксерские перчатки;где купить боксерские перчатки;2;149;2026-08-19;боксерские перчатки;2;покупка;4
Боксерские перчатки;сколько унций для тренировок перчатки бокса;2;149;2026-08-19;перчатки для бокса;1;выбор;6
Боксерские перчатки;перчатки вместо бинтов для бокса;2;149;2026-08-19;перчатки для бокса;1;общий;5
Боксерские перчатки;перчатки для спарринга бокс сколько унций;2;149;2026-08-19;перчатки для бокса;1;выбор;6
Боксерские перчатки;какие бывают перчатки для бокса;2;149;2026-08-19;перчатки для бокса;1;выбор;5
Боксерские перчатки;перчатки для тренировки бокса;2;149;2026-08-19;перчатки для бокса;1;учебное;4
Боксерские перчатки;перчатки для бокса 16 унций;2;149;2026-08-19;перчатки для бокса;1;выбор;5
Боксерские перчатки;выбор перчаток для бокса;2;149;2026-08-19;перчатки для бокса;1;общий;4
Боксерские перчатки;как определить размер перчаток для бокса;2;149;2026-08-19;перчатки для бокса;1;выбор;6
Боксерские перчатки;перчатки для бокса кожа;2;149;2026-08-19;перчатки для бокса;1;общий;4
Боксерские перчатки;фото перчаток для бокса;2;149;2026-08-19;перчатки для бокса;1;нецелевое;4
Боксерские перчатки;кожаные перчатки для бокса;2;149;2026-08-19;перчатки для бокса;1;общий;4
Боксерские перчатки;вес перчаток для бокса;2;149;2026-08-19;перчатки для бокса;1;общий;4
Боксерские перчатки;где купить перчатки для бокса;2;149;2026-08-19;перчатки для бокса;1;покупка;5
Боксерские перчатки;какие перчатки для бокса;2;149;2026-08-19;перчатки для бокса;1;выбор;4
Боксерские перчатки;какие перчатки нужны для бокса;2;149;2026-08-19;перчатки для бокса;1;выбор;5
Боксерские перчатки;перчатки для бокса fairtex;2;149;2026-08-19;перчатки для бокса;1;бренд;4
Боксерские перчатки;сколько унций надо брать перчатки для бокса;2;149;2026-08-19;перчатки для бокса;1;выбор;7
Боксерские перчатки;как мыть перчатки для бокса;2;149;2026-08-19;перчатки для бокса;1;общий;5
Боксерские перчатки;перчатки с пальцами для бокса;2;149;2026-08-19;перчатки для бокса;1;общий;5
Боксерские перчатки;женские перчатки для бокса;2;149;2026-08-19;перчатки для бокса;1;общий;4
Боксерские перчатки;перчатки для бокса женские купить;2;149;2026-08-19;перчатки для бокса;1;покупка;5
Боксерские перчатки;перчатки для перчаточного бокса;2;149;2026-08-19;перчатки для бокса;1;общий;4
Боксерские перчатки;груша и перчатки для бокса детские;2;149;2026-08-19;перчатки для бокса;2;общий;6
Боксерские перчатки;перчатки для бокса для мужчин;2;149;2026-08-19;перчатки для бокса;1;общий;5
Боксерские перчатки;перчатки для тренировок бокс;2;149;2026-08-19;перчатки для бокса;1;общий;4
Боксерские перчатки;сколько унций перчатки для тренировок бокс;2;149;2026-08-19;перчатки для бокса;1;выбор;6
Боксерские перчатки;боксерские перчатки женские купить;2;149;2026-08-19;купить боксерские перчатки;1;покупка;4
Боксерские перчатки;купить боксерские перчатки на озоне;2;149;2026-08-19;купить боксерские перчатки;1;покупка;5
Боксерские перчатки;купить боксерские перчатки владивосток;2;149;2026-08-19;купить боксерские перчатки;1;покупка;4
Боксерские перчатки;купить боксерские перчатки москва;2;149;2026-08-19;купить боксерские перчатки;1;покупка;4
Шлемы;как должен сидеть боксерский шлем;2;149;2026-08-19;боксерский шлем;1;общий;5
Шлемы;шлем боксерский fairtex;2;149;2026-08-19;боксерский шлем;1;бренд;3
Шлемы;как подобрать размер боксерского шлема;2;149;2026-08-19;боксерский шлем;1;выбор;5
Шлемы;какой размер шлема боксерского;2;149;2026-08-19;боксерский шлем;1;выбор;4
Шлемы;боксерский шлем для детей;2;149;2026-08-19;боксерский шлем;1;общий;4
Шлемы;как подобрать боксерский шлем;2;149;2026-08-19;боксерский шлем;1;общий;4
Шлемы;шлем для бокса top ten;2;149;2026-08-19;шлем для бокса;1;общий;5
Шлемы;шлем для бокса клинч;2;149;2026-08-19;шлем для бокса;1;бренд;4
Шлемы;шлем для тайского бокса;2;149;2026-08-19;шлем для бокса;1;общий;4
Бинты для бокса;бинты 5 метров для бокса;2;149;2026-08-19;бинты для бокса;1;общий;5
Бинты для бокса;какие бинты нужны для бокса;2;149;2026-08-19;бинты для бокса;1;выбор;5
Бинты для бокса;какой длины нужны бинты для бокса;2;149;2026-08-19;бинты для бокса;1;выбор;6
Бинты для бокса;хлопковые бинты для бокса;2;149;2026-08-19;бинты для бокса;1;общий;4
Бинты для бокса;как мотать бинты для бокса;2;149;2026-08-19;бинты для бокса;1;общий;5
Бинты для бокса;как завязать боксерские бинты;2;149;2026-08-19;боксерские бинты;1;общий;4
Бинты для бокса;как завязывать боксерские бинты;2;149;2026-08-19;боксерские бинты;1;общий;4
Бинты для бокса;как наматывать боксерские бинты;2;149;2026-08-19;боксерские бинты;1;общий;4
Бинты для бокса;для чего нужны боксерские бинты;2;149;2026-08-19;боксерские бинты;1;общий;5
Бинты для бокса;как называются боксерские бинты;2;149;2026-08-19;боксерские бинты;1;общий;4
Бинты для бокса;бинты боксерские venum;2;149;2026-08-19;боксерские бинты;1;бренд;3
Бинты для бокса;длина боксерских бинтов;2;149;2026-08-19;боксерские бинты;1;общий;3
Бинты для бокса;эластичный бинт боксерский;2;149;2026-08-19;боксерские бинты;1;общий;3
Капы;боксерские капы размеры;2;149;2026-08-19;капа боксерская;1;выбор;3
Капы;капа боксерская safejawz fangz;2;149;2026-08-19;капа боксерская;1;общий;4
Капы;размеры боксерских кап;2;149;2026-08-19;капа боксерская;1;выбор;3
Капы;спортмастер капа для бокса;2;149;2026-08-19;капа для бокса;1;общий;4
Капы;капа для зубов для бокса;2;149;2026-08-19;капа для бокса;1;общий;5
Капы;как варить капу для бокса;2;149;2026-08-19;капа для бокса;1;общий;5
Капы;как правильно варить капу для бокса;2;149;2026-08-19;капа для бокса;1;общий;6
Капы;как выбрать капу для бокса;2;149;2026-08-19;капа для бокса;1;выбор;5
Капы;купить костюм капа;2;149;2026-08-19;купить капу;1;покупка;3
Капы;скин кап спрей купить в москве;2;149;2026-08-19;купить капу;1;покупка;6
Капы;капа для исправления купить;2;149;2026-08-19;купить капу;1;покупка;4
Капы;капы прикус купить;2;149;2026-08-19;купить капу;1;покупка;3
Капы;купить капы для исправления прикуса;2;149;2026-08-19;купить капу;1;покупка;5
Капы;блю кап пена купить;2;149;2026-08-19;купить капу;1;покупка;4
Капы;купить блю кап;2;149;2026-08-19;купить капу;1;покупка;3
Капы;купить кап кат про;2;149;2026-08-19;купить капу;1;покупка;4
Капы;ночная капа купить;2;149;2026-08-19;купить капу;1;покупка;3
Капы;д кап купить;2;149;2026-08-19;купить капу;1;покупка;3
Капы;аэрозоль скин кап волжск купить;2;149;2026-08-19;купить капу;1;покупка;5
Капы;капа купить иркутск;2;149;2026-08-19;купить капу;1;покупка;3
Капы;отбеливающая капа вологда купить;2;149;2026-08-19;купить капу;1;покупка;4
Капы;скин кап крем купить в москве;2;149;2026-08-19;купить капу;1;покупка;6
Капы;скин кап купить иркутск;2;149;2026-08-19;купить капу;1;покупка;4
Капы;скин кап купить планета здоровья;2;149;2026-08-19;купить капу;1;покупка;5
Капы;детские капы купить;2;149;2026-08-19;купить капу;1;покупка;3
Капы;капу купить игрушку;2;149;2026-08-19;купить капу;1;покупка;3
Капы;хай капа купить;2;149;2026-08-19;купить капу;1;покупка;3
Капы;купить кап 60;2;149;2026-08-19;купить капу;1;покупка;3
Капы;кап купить на пк;2;149;2026-08-19;купить капу;1;покупка;4
Капы;купить подписку кап кут про;2;149;2026-08-19;купить капу;1;покупка;5
Капы;скин кап мазь купить в москве;2;149;2026-08-19;купить капу;1;покупка;6
Капы;внутриротовые капы купить;2;149;2026-08-19;купить капу;1;покупка;3
Капы;скачать кап купить;2;149;2026-08-19;купить капу;1;покупка;3
Капы;капа ретенционная купить;2;149;2026-08-19;купить капу;1;покупка;3
Капы;капа купить воронеж;2;149;2026-08-19;купить капу;1;покупка;3
Капы;скин кап крем купить в воронеже;2;149;2026-08-19;купить капу;1;покупка;6
Капы;скин кап купить воронеж;2;149;2026-08-19;купить капу;1;покупка;4
Капы;дерма кап шампунь купить;2;149;2026-08-19;купить капу;1;покупка;4
Капы;капа от храпа купить в аптеке;2;149;2026-08-19;купить капу;1;покупка;6
Капы;капы можно купить в аптеке;2;149;2026-08-19;купить капу;1;покупка;5
Капы;купить скин кап 50 гр;2;149;2026-08-19;купить капу;1;покупка;5
Капы;купить скин кап крем 50 гр;2;149;2026-08-19;купить капу;1;покупка;6
Капы;скин кап 50 купить;2;149;2026-08-19;купить капу;1;покупка;4
Капы;скин кап крем 50 купить;2;149;2026-08-19;купить капу;1;покупка;5
Боксерская форма;форма для бокса для девочек;2;149;2026-08-19;форма для бокса;1;общий;5
Боксерская форма;боксерская форма мужская;2;149;2026-08-19;боксерская форма;1;общий;3
Боксерская форма;боксерская форма мужская профессиональная;2;149;2026-08-19;боксерская форма;1;общий;4
Боксерская форма;боксерская форма адидас;2;149;2026-08-19;боксерская форма;1;бренд;3
Боксерская форма;шорты мужские боксерские;2;149;2026-08-19;боксерские шорты;1;общий;3
Боксерская форма;боксерская майка;2;149;2026-08-19;боксерская майка;1;общий;2
Обувь для бокса;боксерки фото;2;149;2026-08-19;боксерки;1;нецелевое;2
Обувь для бокса;мужские трусы боксерки;2;149;2026-08-19;боксерки;1;общий;3
Обувь для бокса;розовые боксерки;2;149;2026-08-19;боксерки;1;общий;2
Обувь для бокса;боксерки отзывы;2;149;2026-08-19;боксерки;1;выбор;2
Обувь для бокса;боксерки impello;2;149;2026-08-19;боксерки;1;общий;2
Обувь для бокса;боксерки lonsdale;2;149;2026-08-19;боксерки;1;общий;2
Обувь для бокса;боксерки nakatani lo top impello;2;149;2026-08-19;боксерки;1;общий;5
Обувь для бокса;боксерки найти;2;149;2026-08-19;боксерки;1;общий;2
Обувь для бокса;купить боксерки boxraw;2;149;2026-08-19;боксерки;1;покупка;3
Обувь для бокса;боксерки ультиматум купить;2;149;2026-08-19;боксерки;1;покупка;3
Обувь для бокса;куртка боксерка;2;149;2026-08-19;боксерки;1;общий;2
Обувь для бокса;купить трусы боксерки;2;149;2026-08-19;боксерки;1;покупка;3
Обувь для бокса;боксерки адидас купить;2;149;2026-08-19;боксерки;1;покупка;3
Обувь для бокса;чем отличаются боксерки от борцовок;2;149;2026-08-19;боксерки;2;общий;5
Обувь для бокса;что такое боксерки у мужчин;2;149;2026-08-19;боксерки;1;учебное;5
Обувь для бокса;боксерка женская купить;2;149;2026-08-19;боксерки;1;покупка;3
Обувь для бокса;боксерки обувь;2;149;2026-08-19;боксерки;1;общий;2
Обувь для бокса;боксерк;2;149;2026-08-19;боксерки;1;общий;1
Обувь для бокса;порно с боксеркой;2;149;2026-08-19;боксерки;1;нецелевое;3
Обувь для бокса;слова из букв боксерк;2;149;2026-08-19;боксерки;1;общий;4
Обувь для бокса;слова из слова боксерк;2;149;2026-08-19;боксерки;1;общий;4
Обувь для бокса;трахнул боксерку;2;149;2026-08-19;боксерки;1;общий;2
Обувь для бокса;бюстгальтер под майку борцовку;2;149;2026-08-19;борцовки;1;общий;4
Обувь для бокса;бюстгальтеры под борцовку;2;149;2026-08-19;борцовки;1;общий;3
Обувь для бокса;выбрать борцовки;2;149;2026-08-19;борцовки;1;общий;2
Обувь для бокса;борцовки асикс тайгер белые;2;149;2026-08-19;борцовки;1;общий;4
Обувь для бокса;борцовки асикс тайгер черные;2;149;2026-08-19;борцовки;1;общий;4
Обувь для бокса;борцовки асикс черные;2;149;2026-08-19;борцовки;1;общий;3
Обувь для бокса;борцовки белые асиксы;2;149;2026-08-19;борцовки;1;общий;3
Обувь для бокса;борцовки демикс;2;149;2026-08-19;борцовки;1;общий;2
Обувь для бокса;борцовки найк джаст;2;149;2026-08-19;борцовки;1;общий;3
Обувь для бокса;борцовки тайгер черные;2;149;2026-08-19;борцовки;1;общий;3
Обувь для бокса;борцовки черно белые;2;149;2026-08-19;борцовки;1;общий;3
Обувь для бокса;борцовки шорты;2;149;2026-08-19;борцовки;1;общий;2
Обувь для бокса;на ине борцовки найк джаст дуит;2;149;2026-08-19;борцовки;1;общий;6
Обувь для бокса;как сделать борцовка;2;149;2026-08-19;борцовки;1;учебное;3
Обувь для бокса;лифчик борцовка;2;149;2026-08-19;борцовки;1;общий;2
Обувь для бокса;лифчик под борцовку;2;149;2026-08-19;борцовки;1;общий;3
Обувь для бокса;размер борцовок;2;149;2026-08-19;борцовки;1;выбор;2
Обувь для бокса;где можно борцовки;2;149;2026-08-19;борцовки;1;общий;3
Обувь для бокса;где можно купить борцовки;2;149;2026-08-19;борцовки;1;покупка;4
Обувь для бокса;борцовки tiger купить;2;149;2026-08-19;борцовки;1;покупка;3
Обувь для бокса;борцовки асикс детские;2;149;2026-08-19;борцовки;1;общий;3
Обувь для бокса;как стирать борцовки;2;149;2026-08-19;борцовки;1;общий;3
Обувь для бокса;обувь борцовки;2;149;2026-08-19;борцовки;1;общий;2
Обувь для бокса;сине красные борцовки;2;149;2026-08-19;борцовки;1;общий;3
Обувь для бокса;синяя борцовка;2;149;2026-08-19;борцовки;1;общий;2
Обувь для бокса;борцовки asics matflex;2;149;2026-08-19;борцовки;1;общий;3
Обувь для бокса;борцовки matflex;2;149;2026-08-19;борцовки;1;общий;2
Обувь для бокса;борцовки для самбо;2;149;2026-08-19;борцовки;1;общий;3
Обувь для бокса;борцовки для самбо детские;2;149;2026-08-19;борцовки;1;общий;4
Обувь для бокса;майка борцовка женская;2;149;2026-08-19;борцовки;1;общий;3
Обувь для бокса;борцовки качественные;2;149;2026-08-19;борцовки;1;общий;2
Обувь для бокса;спортмастер борцовки;2;149;2026-08-19;борцовки;1;общий;2
Обувь для бокса;заказать борцовки;2;149;2026-08-19;борцовки;1;покупка;2
Лапы;лапы боксерские купить;2;149;2026-08-19;боксерские лапы;1;покупка;3
Снарядные перчатки;размер снарядных перчаток;2;149;2026-08-19;снарядные перчатки;1;выбор;3
Снарядные перчатки;снарядные перчатки твинс;2;149;2026-08-19;снарядные перчатки;1;общий;3
Снарядные перчатки;снарядные перчатки fairtex;2;149;2026-08-19;снарядные перчатки;1;бренд;3
Защитное снаряжение;защита паха для единоборств;2;149;2026-08-19;защита для единоборств;2;общий;4
Защитное снаряжение;женская защита для единоборств;2;149;2026-08-19;защита для единоборств;1;общий;4
Защитное снаряжение;защита груди для единоборств;2;149;2026-08-19;защита для единоборств;1;общий;4
Защитное снаряжение;защита груди женская для единоборств;2;149;2026-08-19;защита для единоборств;1;общий;5
Защитное снаряжение;защита голеностопа для единоборств;2;149;2026-08-19;защита для единоборств;1;общий;4
Защитное снаряжение;защита голени venum;2;149;2026-08-19;защита голени;1;бренд;3
Защитное снаряжение;защита голени и стопы venum;2;149;2026-08-19;защита голени;1;бренд;5
Защитное снаряжение;защита голени размеры таблица;2;149;2026-08-19;защита голени;1;выбор;4
Защитное снаряжение;защита голени для роликов;2;149;2026-08-19;защита голени;1;общий;4
Защитное снаряжение;защита голени как называется;2;149;2026-08-19;защита голени;1;общий;4
Защитное снаряжение;защита голени top king;2;149;2026-08-19;защита голени;1;общий;4
Защитное снаряжение;защита голени ног;2;149;2026-08-19;защита голени;1;общий;3
Защитное снаряжение;защита голень стопа карате;2;149;2026-08-19;защита голени;1;общий;4
Защитное снаряжение;защита паха у хоккеистов;2;149;2026-08-19;защита паха;1;общий;4
Защитное снаряжение;как выбрать защиту паха;2;149;2026-08-19;защита паха;1;выбор;4
Защитное снаряжение;защита паха на бронежилет;2;149;2026-08-19;защита паха;1;общий;4
Защитное снаряжение;как называется защита паха на бронежилете;2;149;2026-08-19;защита паха;1;общий;6
Защитное снаряжение;защита паха детская;2;149;2026-08-19;защита паха;1;общий;3
Защитное снаряжение;защита паха ракушка;2;149;2026-08-19;защита паха;1;общий;3
Скакалки;скакалка для бокса;2;149;2026-08-19;скакалка для бокса;1;общий;3
Скакалки;бисерная скакалка купить;2;149;2026-08-19;купить скакалку;1;покупка;3
Скакалки;боксерская скакалка купить;2;149;2026-08-19;купить скакалку;1;покупка;3
Скакалки;скакалка купит москва;2;149;2026-08-19;купить скакалку;1;общий;3
Скакалки;купить мячи скакалки;2;149;2026-08-19;купить скакалку;1;покупка;3
Скакалки;скакалка купить озон;2;149;2026-08-19;купить скакалку;1;покупка;3
Мешки и груши;чем наполнить боксерский мешок;2;149;2026-08-19;боксерский мешок;1;общий;4
Мешки и груши;боксерский мешок удар;2;149;2026-08-19;боксерский мешок;1;общий;3
Мешки и груши;как выбрать боксерский мешок;2;149;2026-08-19;боксерский мешок;1;выбор;4
Мешки и груши;боксерский мешок кожаный профессиональный;2;149;2026-08-19;боксерский мешок;1;общий;4
Мешки и груши;профессиональный боксерский мешок;2;149;2026-08-19;боксерский мешок;1;общий;3
Мешки и груши;чехлы боксерских мешков купить;2;149;2026-08-19;боксерский мешок;1;покупка;4
Мешки и груши;боксерский мешок груша купить;2;149;2026-08-19;боксерский мешок;2;покупка;4
Мешки и груши;напольная стойка для боксерского мешка;2;149;2026-08-19;боксерский мешок;1;общий;5
Мешки и груши;авито боксерский мешок;2;149;2026-08-19;боксерский мешок;1;нецелевое;3
Мешки и груши;купить боксерский мешок авито;2;149;2026-08-19;боксерский мешок;1;покупка;4
Мешки и груши;бойко спорт боксерские мешки;2;149;2026-08-19;боксерский мешок;1;общий;4
Мешки и груши;купить уличный боксерский мешок;2;149;2026-08-19;боксерский мешок;1;покупка;4
Мешки и груши;мешок боксерский 80 кг;2;149;2026-08-19;боксерский мешок;1;общий;4
Мешки и груши;боксерский мешок 60 кг;2;149;2026-08-19;боксерский мешок;1;общий;4
Мешки и груши;боксерский мешок человек;2;149;2026-08-19;боксерский мешок;1;общий;3
Мешки и груши;боксерский мешок правильный;2;149;2026-08-19;боксерский мешок;1;общий;3
Мешки и груши;боксерский мешок дома;2;149;2026-08-19;боксерский мешок;1;общий;3
Мешки и груши;боксерский мешок натуральная кожа;2;149;2026-08-19;боксерский мешок;1;общий;4
Мешки и груши;боксерский мешок своими руками;2;149;2026-08-19;боксерский мешок;1;учебное;4
Мешки и груши;чем можно набить боксерский мешок;2;149;2026-08-19;боксерский мешок;1;общий;5
Мешки и груши;чем набить боксерский мешок;2;149;2026-08-19;боксерский мешок;1;общий;4
Мешки и груши;боксерская груша 20 кг;2;149;2026-08-19;боксерская груша;1;общий;4
Мешки и груши;груша боксерская 20;2;149;2026-08-19;боксерская груша;1;общий;3
Мешки и груши;боксерская груша бизнес;2;149;2026-08-19;боксерская груша;1;общий;3
Мешки и груши;атракцион груша боксерская;2;149;2026-08-19;боксерская груша;1;общий;3
Мешки и груши;боксерская груша купить в москве;2;149;2026-08-19;боксерская груша;1;покупка;5
Мешки и груши;держатель для боксерской груши;2;149;2026-08-19;боксерская груша;1;общий;4
Мешки и груши;боксерская груша силомер;2;149;2026-08-19;боксерская груша;1;общий;3
Мешки и груши;боксерские груши ростов на дону;2;149;2026-08-19;боксерская груша;1;общий;5
Мешки и груши;груша боксерская купить хабаровск;2;149;2026-08-19;боксерская груша;1;покупка;4
Мешки и груши;груша напольная боксерская взрослая манекен;2;149;2026-08-19;боксерская груша;1;общий;5
Мешки и груши;магазин боксерских груш;2;149;2026-08-19;боксерская груша;1;общий;3
Мешки и груши;правильно бить грушу боксерскую;2;149;2026-08-19;боксерская груша;1;общий;4
Мешки и груши;девушка боксерская груша;2;149;2026-08-19;боксерская груша;1;общий;3
Мешки и груши;каркас для боксерской груши;2;149;2026-08-19;боксерская груша;1;общий;4
Мешки и груши;боксерская груша ремонт;2;149;2026-08-19;боксерская груша;1;общий;3
Мешки и груши;игрушка боксерская груша;2;149;2026-08-19;боксерская груша;1;общий;3
Мешки и груши;боксерская груша 60 кг;2;149;2026-08-19;боксерская груша;1;общий;4
Мешки и груши;боксерская груша leco;2;149;2026-08-19;боксерская груша;1;общий;3
Мешки и груши;груша напольная боксерская герман;2;149;2026-08-19;боксерская груша;1;общий;4
Мешки и груши;резиновая боксерская груша;2;149;2026-08-19;боксерская груша;1;общий;3
Мешки и груши;резиновый наполнитель для боксерской груши;2;149;2026-08-19;боксерская груша;1;общий;5
Мешки и груши;боксерская груша 40 кг;2;149;2026-08-19;боксерская груша;1;общий;4
Мешки и груши;боксерская груша на стену купить;2;149;2026-08-19;боксерская груша;1;покупка;5
Мешки и груши;купить уличную стойку для боксерской груши;2;149;2026-08-19;боксерская груша;1;покупка;6
Мешки и груши;боксерская груша hukk;2;149;2026-08-19;боксерская груша;1;общий;3
Мешки и груши;боксерская груша большая купить;2;149;2026-08-19;боксерская груша;1;покупка;4
Мешки и груши;боксерская груша для улицы в любую погоду;2;149;2026-08-19;боксерская груша;1;общий;7
Мешки и груши;можно повесить боксерскую грушу;2;149;2026-08-19;боксерская груша;1;общий;4
Мешки и груши;настольная боксерская груша груша купить;2;149;2026-08-19;боксерская груша;1;покупка;5
Мешки и груши;боксерская груша рисунок;2;149;2026-08-19;боксерская груша;1;нецелевое;3
Мешки и груши;как закрепить боксерскую грушу;2;149;2026-08-19;боксерская груша;1;общий;4
Мешки и груши;электронная боксерская груша;2;149;2026-08-19;боксерская груша;1;общий;3
Мешки и груши;чем можно наполнить боксерскую грушу;2;149;2026-08-19;боксерская груша;1;общий;5
Мешки и груши;боксерская груша 30;2;149;2026-08-19;боксерская груша;1;общий;3
Мешки и груши;стойка пристенная для боксерской груши;2;149;2026-08-19;боксерская груша;1;общий;5
Мешки и груши;боксерская груша 80;2;149;2026-08-19;боксерская груша;1;общий;3
Мешки и груши;боксерская груша 80 кг;2;149;2026-08-19;боксерская груша;1;общий;4
Мешки и груши;боксерские груши грин хилл;2;149;2026-08-19;боксерская груша;1;бренд;4
Мешки и груши;груша боксерская 80 кг купить;2;149;2026-08-19;боксерская груша;1;покупка;5
Мешки и груши;груша боксерская взрослая подвесная;2;149;2026-08-19;боксерская груша;1;общий;4
Мешки и груши;груша боксерская из шин;2;149;2026-08-19;боксерская груша;1;общий;4
Мешки и груши;груша боксерская самому;2;149;2026-08-19;боксерская груша;1;общий;3
Мешки и груши;груша боксерская со стойкой;2;149;2026-08-19;боксерская груша;1;общий;4
Мешки и груши;как сшить боксерскую грушу;2;149;2026-08-19;боксерская груша;1;общий;4
Мешки и груши;размеры боксерских груши;2;149;2026-08-19;боксерская груша;1;выбор;3
Мешки и груши;самодельная груша боксерская;2;149;2026-08-19;боксерская груша;1;общий;3
Мешки и груши;груши для бокса для дома;2;149;2026-08-19;груша для бокса;1;общий;5
Мешки и груши;груши для бокса для дома напольная;2;149;2026-08-19;груша для бокса;1;общий;6
Мешки и груши;надувная груша для бокса детская неваляшка;2;149;2026-08-19;груша для бокса;1;общий;6
Мешки и груши;электронная груша для бокса;2;149;2026-08-19;груша для бокса;1;общий;4
Мешки и груши;сколько груша для бокса;2;149;2026-08-19;груша для бокса;1;общий;4
Мешки и груши;сколько стоит автомат груша для бокса;2;149;2026-08-19;груша для бокса;1;покупка;6
Мешки и груши;сколько стоит груша для бокса;2;149;2026-08-19;груша для бокса;1;покупка;5
Мешки и груши;стоящая груша для бокса;2;149;2026-08-19;груша для бокса;1;общий;4
Мешки и груши;груша для тайского бокса;2;149;2026-08-19;груша для бокса;1;общий;4
Мешки и груши;груша манекен для бокса купить;2;149;2026-08-19;груша для бокса;1;покупка;5
Мешки и груши;груша для бокса взрослая;2;149;2026-08-19;груша для бокса;1;общий;4
Мешки и груши;напольная груша для бокса взрослая;2;149;2026-08-19;груша для бокса;1;общий;5
Мешки и груши;какая груша лучше для бокса;2;149;2026-08-19;груша для бокса;1;выбор;5
Мешки и груши;какую грушу для бокса купить;2;149;2026-08-19;груша для бокса;1;покупка;5
Мешки и груши;какую грушу для бокса купить домой;2;149;2026-08-19;груша для бокса;1;покупка;6
Мешки и груши;купить грушу для бокса домой;2;149;2026-08-19;груша для бокса;1;покупка;5
Мешки и груши;лучшая груша для бокса;2;149;2026-08-19;груша для бокса;1;выбор;4
Мешки и груши;виды груш для бокса;2;149;2026-08-19;груша для бокса;1;общий;4
Мешки и груши;груша для бокса в виде человека;2;149;2026-08-19;груша для бокса;1;общий;6
Мешки и груши;груша для бокса напольная в виде человека;2;149;2026-08-19;груша для бокса;1;общий;7
Мешки и груши;напольная груша человек для бокса;2;149;2026-08-19;груша для бокса;1;общий;5
Мешки и груши;как выбрать грушу для бокса;2;149;2026-08-19;груша для бокса;1;выбор;5
Мешки и груши;цена груши для бокса;2;149;2026-08-19;груша для бокса;1;покупка;4
Мешки и груши;купить напольную грушу для бокса;2;149;2026-08-19;груша для бокса;1;покупка;5
Мешки и груши;надувная груша для бокса детская напольная;2;149;2026-08-19;груша для бокса;1;общий;6
Мешки и груши;надувная груша для бокса напольная;2;149;2026-08-19;груша для бокса;1;общий;5
Бренд и общее;шлем clinch;2;149;2026-08-19;clinch;1;бренд;2
Бренд и общее;clinch fight 3.0;2;149;2026-08-19;clinch;1;бренд;3
Бренд и общее;перчатки clinch синие;2;149;2026-08-19;clinch;1;бренд;3
Бренд и общее;перчатки clinch темно синие;2;149;2026-08-19;clinch;1;бренд;4
Бренд и общее;синие боксерские clinch;2;149;2026-08-19;clinch;1;бренд;3
Бренд и общее;clinch olimp;2;149;2026-08-19;clinch;1;бренд;2
Бренд и общее;магазин экипировки для бокса;2;149;2026-08-19;экипировка для бокса;1;общий;4
Бренд и общее;магазин экипировки для тайского бокса;2;149;2026-08-19;экипировка для бокса;1;общий;5
Бренд и общее;сколько стоит экипировка для бокса;2;149;2026-08-19;экипировка для бокса;1;покупка;5
Боксерские перчатки;воняют боксерские перчатки;1;149;2026-08-19;боксерские перчатки;1;общий;3
Боксерские перчатки;боксерские перчатки 12 oz купить;1;149;2026-08-19;боксерские перчатки;2;покупка;5
Боксерские перчатки;боксерские перчатки 12 купить;1;149;2026-08-19;боксерские перчатки;2;покупка;4
Боксерские перчатки;боксерские перчатки титл;1;149;2026-08-19;боксерские перчатки;1;общий;3
Боксерские перчатки;боксерские перчатки груши для детей;1;149;2026-08-19;боксерские перчатки;1;общий;5
Боксерские перчатки;боксерские перчатки для спаррингов;1;149;2026-08-19;боксерские перчатки;1;общий;4
Боксерские перчатки;боксерские перчатки кожаные купить;1;149;2026-08-19;боксерские перчатки;2;покупка;4
Боксерские перчатки;боксерские перчатки песня;1;149;2026-08-19;боксерские перчатки;1;общий;3
Боксерские перчатки;боксерская перчатка майнкрафт;1;149;2026-08-19;боксерские перчатки;1;общий;3
Боксерские перчатки;боксерские перчатки для начинающих;1;149;2026-08-19;боксерские перчатки;1;общий;4
Боксерские перчатки;какие брать боксерские перчатки для тренировок боксерские;1;149;2026-08-19;боксерские перчатки;1;выбор;7
Боксерские перчатки;перчатки боксерские женские для тренировок;1;149;2026-08-19;боксерские перчатки;1;общий;5
Боксерские перчатки;боксерские перчатки iba;1;149;2026-08-19;боксерские перчатки;1;общий;3
Боксерские перчатки;изображение боксерских перчаток;1;149;2026-08-19;боксерские перчатки;1;общий;3
Боксерские перчатки;как подобрать размер боксерских перчаток;1;149;2026-08-19;боксерские перчатки;1;выбор;5
Боксерские перчатки;как убрать запах из боксерских перчаток;1;149;2026-08-19;боксерские перчатки;1;общий;6
Боксерские перчатки;что значит oz на боксерских перчатках;1;149;2026-08-19;боксерские перчатки;1;общий;6
Боксерские перчатки;боксерские перчатки фотография;1;149;2026-08-19;боксерские перчатки;1;нецелевое;3
Боксерские перчатки;где найти боксерские перчатки;1;149;2026-08-19;боксерские перчатки;1;общий;4
Боксерские перчатки;дельфин в боксерских перчатках карточка;1;149;2026-08-19;боксерские перчатки;1;общий;5
Боксерские перчатки;найти боксерские перчатки;1;149;2026-08-19;боксерские перчатки;1;общий;3
Боксерские перчатки;боксерские перчатки в домашних условиях;1;149;2026-08-19;боксерские перчатки;1;общий;5
Боксерские перчатки;перчатки для бокса грин хилл;1;149;2026-08-19;перчатки для бокса;1;бренд;5
Боксерские перчатки;как выбрать размер перчаток для бокса;1;149;2026-08-19;перчатки для бокса;1;выбор;6
Боксерские перчатки;выбрать перчатки для бокса ребенку;1;149;2026-08-19;перчатки для бокса;1;общий;5
Боксерские перчатки;бокс перчатки для детей;1;149;2026-08-19;перчатки для бокса;1;общий;4
Боксерские перчатки;rival перчатки для бокса купить;1;149;2026-08-19;перчатки для бокса;1;покупка;5
Боксерские перчатки;rival перчатки для бокса;1;149;2026-08-19;перчатки для бокса;1;общий;4
Боксерские перчатки;перчатки для бокса для девушек;1;149;2026-08-19;перчатки для бокса;1;общий;5
Боксерские перчатки;унции в перчатках для бокса что;1;149;2026-08-19;перчатки для бокса;1;выбор;6
Боксерские перчатки;12 перчатки для бокса;1;149;2026-08-19;перчатки для бокса;1;общий;4
Боксерские перчатки;перчатки для бокса 10;1;149;2026-08-19;перчатки для бокса;1;общий;4
Боксерские перчатки;перчатки для бокса 12 унций;1;149;2026-08-19;перчатки для бокса;1;выбор;5
Боксерские перчатки;перчатки для бокса adidas;1;149;2026-08-19;перчатки для бокса;1;бренд;4
Боксерские перчатки;перчатки для бокса сколько унций нужно;1;149;2026-08-19;перчатки для бокса;1;выбор;6
Боксерские перчатки;унции в перчатках для бокса что это;1;149;2026-08-19;перчатки для бокса;1;выбор;7
Боксерские перчатки;шлем перчатки для бокса;1;149;2026-08-19;перчатки для бокса;2;общий;4
Боксерские перчатки;тренажер для бокса с перчатками;1;149;2026-08-19;перчатки для бокса;1;общий;5
Боксерские перчатки;черные перчатки для бокса;1;149;2026-08-19;перчатки для бокса;1;общий;4
Боксерские перчатки;как подобрать размер перчаток для бокса;1;149;2026-08-19;перчатки для бокса;1;выбор;6
Боксерские перчатки;перчатки для бокса мужские;1;149;2026-08-19;перчатки для бокса;1;общий;4
Боксерские перчатки;открытые перчатки для бокса;1;149;2026-08-19;перчатки для бокса;1;общий;4
Боксерские перчатки;перчатки для бокса с открытыми пальцами;1;149;2026-08-19;перчатки для бокса;1;общий;6
Боксерские перчатки;спортмастер перчатки для бокса;1;149;2026-08-19;перчатки для бокса;1;общий;4
Боксерские перчатки;детские перчатки для бокса 7 лет;1;149;2026-08-19;перчатки для бокса;1;общий;6
Боксерские перчатки;купить детские перчатки для бокса;1;149;2026-08-19;перчатки для бокса;1;покупка;5
Боксерские перчатки;перчатки для бокса цена;1;149;2026-08-19;перчатки для бокса;1;покупка;4
Боксерские перчатки;купить кожаные перчатки для бокса;1;149;2026-08-19;перчатки для бокса;1;покупка;5
Боксерские перчатки;twins перчатки для бокса;1;149;2026-08-19;перчатки для бокса;1;общий;4
Боксерские перчатки;перчатки для бокса рисунки;1;149;2026-08-19;перчатки для бокса;1;общий;4
Боксерские перчатки;перчатки для тайского бокса twins;1;149;2026-08-19;перчатки для бокса;1;общий;5
Боксерские перчатки;перчатки фаиртекс для бокса;1;149;2026-08-19;перчатки для бокса;1;общий;4
Боксерские перчатки;сколько стоят перчатки для бокса;1;149;2026-08-19;перчатки для бокса;1;общий;5
Боксерские перчатки;какие перчатки для бокса выбрать;1;149;2026-08-19;перчатки для бокса;1;выбор;5
Боксерские перчатки;перчатки для бокса 8;1;149;2026-08-19;перчатки для бокса;1;общий;4
Боксерские перчатки;перчатки для бокса 8 oz;1;149;2026-08-19;перчатки для бокса;1;общий;5
Боксерские перчатки;розовые перчатки для бокса;1;149;2026-08-19;перчатки для бокса;1;общий;4
Боксерские перчатки;как сделать перчатки для бокса;1;149;2026-08-19;перчатки для бокса;1;учебное;5
Боксерские перчатки;как правильно выбрать перчатки для бокса;1;149;2026-08-19;перчатки для бокса;1;общий;6
Боксерские перчатки;для чего нужны перчатки для бокса;1;149;2026-08-19;перчатки для бокса;1;общий;6
Боксерские перчатки;топ перчаток для бокса;1;149;2026-08-19;перчатки для бокса;1;выбор;4
Боксерские перчатки;перчатки для бокса 14 унций;1;149;2026-08-19;перчатки для бокса;1;выбор;5
Боксерские перчатки;перчатки для бокса 14;1;149;2026-08-19;перчатки для бокса;1;общий;4
Боксерские перчатки;перчатки для бокса venum;1;149;2026-08-19;перчатки для бокса;1;бренд;4
Боксерские перчатки;лучшие перчатки для бокса;1;149;2026-08-19;перчатки для бокса;1;выбор;4
Боксерские перчатки;какие лучшие перчатки для бокса;1;149;2026-08-19;перчатки для бокса;1;выбор;5
Боксерские перчатки;как ухаживать за перчатками для бокса;1;149;2026-08-19;перчатки для бокса;1;общий;6
Боксерские перчатки;тренировочные перчатки для бокса;1;149;2026-08-19;перчатки для бокса;1;общий;4
Боксерские перчатки;перчатки для тайского бокса как выбрать;1;149;2026-08-19;перчатки для бокса;1;выбор;6
Боксерские перчатки;перчатки для бокса как выбрать унции;1;149;2026-08-19;перчатки для бокса;1;выбор;6
Боксерские перчатки;хорошие боксерские перчатки купить;1;149;2026-08-19;купить боксерские перчатки;1;покупка;4
Боксерские перчатки;купить перчатки боксерские 14;1;149;2026-08-19;купить боксерские перчатки;1;покупка;4
Боксерские перчатки;купить перчатки боксерские ребенку;1;149;2026-08-19;купить боксерские перчатки;1;покупка;4
Боксерские перчатки;перчатки боксерские 14 унций купить;1;149;2026-08-19;купить боксерские перчатки;1;покупка;5
Боксерские перчатки;перчатки боксерские купить lonsdale;1;149;2026-08-19;купить боксерские перчатки;1;покупка;4
Боксерские перчатки;hayabusa перчатки боксерские купить;1;149;2026-08-19;купить боксерские перчатки;1;покупка;4
Боксерские перчатки;боксерские перчатки venum купить;1;149;2026-08-19;купить боксерские перчатки;1;покупка;4
Боксерские перчатки;какие боксерские перчатки купить;1;149;2026-08-19;купить боксерские перчатки;1;покупка;4
Боксерские перчатки;брелок боксерские перчатки в машину купить;1;149;2026-08-19;купить боксерские перчатки;1;покупка;6
Боксерские перчатки;купить брелок боксерская перчатка;1;149;2026-08-19;купить боксерские перчатки;1;покупка;4
Боксерские перчатки;перчатки боксерские 8 купить;1;149;2026-08-19;купить боксерские перчатки;1;покупка;4
Боксерские перчатки;перчатки боксерские 8 унций купить;1;149;2026-08-19;купить боксерские перчатки;1;покупка;5
Боксерские перчатки;какие боксерские перчатки лучше купить;1;149;2026-08-19;купить боксерские перчатки;1;покупка;5
Боксерские перчатки;какие купили боксерские перчатки;1;149;2026-08-19;купить боксерские перчатки;1;выбор;4
Боксерские перчатки;купить боксерские перчатки адидас;1;149;2026-08-19;купить боксерские перчатки;1;покупка;4
Боксерские перчатки;лучшие боксерские перчатки купить;1;149;2026-08-19;купить боксерские перчатки;1;покупка;4
Боксерские перчатки;можно купить боксерские перчатки;1;149;2026-08-19;купить боксерские перчатки;1;покупка;4
Шлемы;боксерский шлем на голове;1;149;2026-08-19;боксерский шлем;1;общий;4
Шлемы;боксерский шлем мексиканского стиля;1;149;2026-08-19;боксерский шлем;1;общий;4
Шлемы;боксерский шлем rival;1;149;2026-08-19;боксерский шлем;1;общий;3
Шлемы;шлем боксерский leaders;1;149;2026-08-19;боксерский шлем;1;общий;3
Шлемы;шлем боксерский sting;1;149;2026-08-19;боксерский шлем;1;общий;3
Шлемы;шлем боксерский адидас;1;149;2026-08-19;боксерский шлем;1;бренд;3
Шлемы;шлем боксерский для спаррингов;1;149;2026-08-19;боксерский шлем;1;общий;4
Шлемы;спортмастер шлем боксерский;1;149;2026-08-19;боксерский шлем;1;общий;3
Шлемы;виды боксерских шлемов;1;149;2026-08-19;боксерский шлем;1;общий;3
Шлемы;боксерский шлем бамперный;1;149;2026-08-19;боксерский шлем;1;общий;3
Шлемы;мексиканский боксерский шлем;1;149;2026-08-19;боксерский шлем;1;общий;3
Шлемы;боксерский шлем с носом;1;149;2026-08-19;боксерский шлем;1;общий;4
Шлемы;синий боксерский шлем;1;149;2026-08-19;боксерский шлем;1;общий;3
Шлемы;боксерский шлем фото;1;149;2026-08-19;боксерский шлем;1;нецелевое;3
Шлемы;размеры шлемов для бокса;1;149;2026-08-19;шлем для бокса;1;выбор;4
Шлемы;сколько стоит шлем для бокса;1;149;2026-08-19;шлем для бокса;1;покупка;5
Шлемы;как подобрать шлем для бокса;1;149;2026-08-19;шлем для бокса;1;общий;5
Шлемы;виды шлемов для бокса;1;149;2026-08-19;шлем для бокса;1;общий;4
Шлемы;шлем для бокса как подобрать размер;1;149;2026-08-19;шлем для бокса;1;выбор;6
Шлемы;шлем для бокса какой;1;149;2026-08-19;шлем для бокса;1;выбор;4
Шлемы;шлем для бокса какой лучше;1;149;2026-08-19;шлем для бокса;1;выбор;5
Шлемы;шлем для тайского бокса купить;1;149;2026-08-19;шлем для бокса;1;покупка;5
Шлемы;шлем для бокса спортмастер;1;149;2026-08-19;шлем для бокса;1;общий;4
Шлемы;лучшие шлемы для бокса;1;149;2026-08-19;шлем для бокса;1;выбор;4
Шлемы;мексиканский шлем для бокса;1;149;2026-08-19;шлем для бокса;1;общий;4
Бинты для бокса;какими должны быть бинты для бокса;1;149;2026-08-19;бинты для бокса;1;общий;6
Бинты для бокса;бинты для бокса 3 метра;1;149;2026-08-19;бинты для бокса;1;общий;5
Бинты для бокса;выбрать бинты для бокса;1;149;2026-08-19;бинты для бокса;1;общий;4
Бинты для бокса;какие бинты выбрать для бокса;1;149;2026-08-19;бинты для бокса;1;выбор;5
Бинты для бокса;какие бинты взять для бокса;1;149;2026-08-19;бинты для бокса;1;выбор;5
Бинты для бокса;какую длину бинтов для бокса взять;1;149;2026-08-19;бинты для бокса;1;общий;6
Бинты для бокса;наматывать бинты для бокса на руку;1;149;2026-08-19;бинты для бокса;1;общий;6
Бинты для бокса;как завязать бинты для бокса;1;149;2026-08-19;бинты для бокса;1;общий;5
Бинты для бокса;как завязывать бинты для бокса;1;149;2026-08-19;бинты для бокса;1;общий;5
Бинты для бокса;озон бинты для бокса;1;149;2026-08-19;бинты для бокса;1;общий;4
Бинты для бокса;как правильно бинты для бокса;1;149;2026-08-19;бинты для бокса;1;общий;5
Бинты для бокса;бинты для бокса зачем;1;149;2026-08-19;бинты для бокса;1;общий;4
Бинты для бокса;хорошие бинты для бокса;1;149;2026-08-19;бинты для бокса;1;общий;4
Бинты для бокса;боксерские бинты 4 метра;1;149;2026-08-19;боксерские бинты;1;общий;4
Бинты для бокса;боксерский бинт цена;1;149;2026-08-19;боксерские бинты;1;покупка;3
Бинты для бокса;боксерские бинты инструкция;1;149;2026-08-19;боксерские бинты;1;общий;3
Бинты для бокса;как заматывать бинты боксерские;1;149;2026-08-19;боксерские бинты;1;общий;4
Бинты для бокса;бинт под боксерские перчатки;1;149;2026-08-19;боксерские бинты;1;общий;4
Бинты для бокса;боксерские бинты видео;1;149;2026-08-19;боксерские бинты;1;учебное;3
Бинты для бокса;топ боксерских бинтов;1;149;2026-08-19;боксерские бинты;1;выбор;3
Бинты для бокса;как забинтовать боксерские бинты;1;149;2026-08-19;боксерские бинты;1;общий;4
Бинты для бокса;бинты боксерские 4.5;1;149;2026-08-19;боксерские бинты;1;общий;3
Бинты для бокса;бинты боксерские 4.5 м;1;149;2026-08-19;боксерские бинты;1;общий;4
Бинты для бокса;бинты боксерские 1 метр;1;149;2026-08-19;боксерские бинты;1;общий;4
Бинты для бокса;боксерские бинты 3 метра;1;149;2026-08-19;боксерские бинты;1;общий;4
Бинты для бокса;можно ли стирать боксерские бинты;1;149;2026-08-19;боксерские бинты;1;общий;5
Бинты для бокса;можно стирать боксерские бинты;1;149;2026-08-19;боксерские бинты;1;общий;4
Бинты для бокса;стирать боксерские бинты;1;149;2026-08-19;боксерские бинты;1;общий;3
Бинты для бокса;стирают ли боксерские бинты;1;149;2026-08-19;боксерские бинты;1;общий;4
Бинты для бокса;как вязать боксерские бинты;1;149;2026-08-19;боксерские бинты;1;общий;4
Капы;капа боксерская как выбрать;1;149;2026-08-19;капа боксерская;1;выбор;4
Капы;капа боксерская цена;1;149;2026-08-19;капа боксерская;1;покупка;3
Капы;цена кап боксерских;1;149;2026-08-19;капа боксерская;1;покупка;3
Капы;боксерская капа тебе пизда;1;149;2026-08-19;капа боксерская;1;общий;4
Капы;купить боксерскую капу для зубов;1;149;2026-08-19;капа боксерская;2;покупка;5
Капы;как подобрать капу для бокса;1;149;2026-08-19;капа для бокса;1;общий;5
Капы;как работает капа для бокса;1;149;2026-08-19;капа для бокса;1;общий;5
Капы;капа для бокса для взрослых;1;149;2026-08-19;капа для бокса;1;общий;5
Капы;капа для бокса размеры;1;149;2026-08-19;капа для бокса;1;выбор;4
Капы;размеры кап для бокса;1;149;2026-08-19;капа для бокса;1;выбор;4
Капы;сколько стоит капа для бокса;1;149;2026-08-19;капа для бокса;1;покупка;5
Капы;капы защитные купить;1;149;2026-08-19;купить капу;1;покупка;3
Капы;скин кап аналоги купить;1;149;2026-08-19;купить капу;1;покупка;4
Капы;капа купить для зубов спортивную;1;149;2026-08-19;купить капу;1;покупка;5
Капы;дерма кап крем купить;1;149;2026-08-19;купить капу;1;покупка;4
Капы;купить капу недорого;1;149;2026-08-19;купить капу;1;покупка;3
Капы;ночная капа для зубов купить;1;149;2026-08-19;купить капу;1;покупка;5
Капы;скин кап от псориаза купить;1;149;2026-08-19;купить капу;1;покупка;5
Капы;скин кап шампунь от псориаза купить;1;149;2026-08-19;купить капу;1;покупка;6
Капы;как купить подписку в кап кут;1;149;2026-08-19;купить капу;1;покупка;6
Капы;как купить подписку в кап куте;1;149;2026-08-19;купить капу;1;покупка;6
Капы;какую капу купить;1;149;2026-08-19;купить капу;1;покупка;3
Капы;кап кут стандарт купить;1;149;2026-08-19;купить капу;1;покупка;4
Капы;контейнер для кап купить;1;149;2026-08-19;купить капу;1;покупка;4
Капы;контейнер для капы купить;1;149;2026-08-19;купить капу;1;покупка;4
Капы;купить капу ортодонтическую;1;149;2026-08-19;купить капу;1;покупка;3
Капы;купить подписку кап кат про;1;149;2026-08-19;купить капу;1;покупка;5
Капы;скин кап аэрозоль 35 г купить;1;149;2026-08-19;купить капу;1;покупка;6
Капы;скин кап аэрозоль 35 купить;1;149;2026-08-19;купить капу;1;покупка;5
Капы;изделия из капа купить;1;149;2026-08-19;купить капу;1;покупка;4
Капы;как купить подписку в кап кат;1;149;2026-08-19;купить капу;1;покупка;6
Капы;как купить подписку в кап кате;1;149;2026-08-19;купить капу;1;покупка;6
Капы;как купить про в кап куте;1;149;2026-08-19;купить капу;1;покупка;6
Капы;кап сувель купить;1;149;2026-08-19;купить капу;1;покупка;3
Капы;купить изделия из кап;1;149;2026-08-19;купить капу;1;покупка;4
Капы;купить капы сувель;1;149;2026-08-19;купить капу;1;покупка;3
Капы;купить силиконовую капу;1;149;2026-08-19;купить капу;1;покупка;3
Капы;футляр для капы купить;1;149;2026-08-19;купить капу;1;покупка;4
Капы;ао кап купить;1;149;2026-08-19;купить капу;1;покупка;3
Капы;ао кап купить билет;1;149;2026-08-19;купить капу;1;покупка;4
Капы;ао кап купить билет камчатский;1;149;2026-08-19;купить капу;1;покупка;5
Капы;ао кап купить билет камчатский край;1;149;2026-08-19;купить капу;1;покупка;6
Капы;кап купить билет;1;149;2026-08-19;купить капу;1;покупка;3
Капы;кап купить спб;1;149;2026-08-19;купить капу;1;покупка;3
Капы;капа для сна от храпа купить;1;149;2026-08-19;купить капу;1;покупка;6
Капы;капа купить билеты;1;149;2026-08-19;купить капу;1;покупка;3
Капы;капа купить озон;1;149;2026-08-19;купить капу;1;покупка;3
Капы;капа после брекетов купить;1;149;2026-08-19;купить капу;1;покупка;4
Капы;капа фото купить;1;149;2026-08-19;купить капу;1;покупка;3
Капы;капы купить в аптеке цена;1;149;2026-08-19;купить капу;1;покупка;5
Капы;крем скин кап купить озон;1;149;2026-08-19;купить капу;1;покупка;5
Капы;купить билет кап камчатский край;1;149;2026-08-19;купить капу;1;покупка;5
Капы;купить дешевую капу;1;149;2026-08-19;купить капу;1;покупка;3
Капы;купить дом в кап;1;149;2026-08-19;купить капу;1;покупка;4
Капы;купить капу в москве дешево;1;149;2026-08-19;купить капу;1;покупка;5
Капы;купить капу спб;1;149;2026-08-19;купить капу;1;покупка;3
Капы;купить скин капа дешево;1;149;2026-08-19;купить капу;1;покупка;4
Капы;сайт ао кап купить билет;1;149;2026-08-19;купить капу;1;покупка;5
Капы;скин кап аэрозоль купить в спб;1;149;2026-08-19;купить капу;1;покупка;6
Капы;скин кап купить в москве дешево;1;149;2026-08-19;купить капу;1;покупка;6
Капы;скин кап купить дешевле;1;149;2026-08-19;купить капу;1;покупка;4
Капы;скин кап купить спб;1;149;2026-08-19;купить капу;1;покупка;4
Капы;скин кап цена купить;1;149;2026-08-19;купить капу;1;покупка;4
Капы;скин кап шампунь купить в москве дешево;1;149;2026-08-19;купить капу;1;покупка;7
Капы;фото кап купить;1;149;2026-08-19;купить капу;1;покупка;3
Боксерская форма;торт в форме боксерской перчатки;1;149;2026-08-19;боксерская форма;1;общий;5
Боксерская форма;боксерская форма клинч;1;149;2026-08-19;боксерская форма;1;бренд;3
Боксерская форма;боксерская форма найк оригинал;1;149;2026-08-19;боксерская форма;1;общий;4
Боксерская форма;боксерские формы оригинал;1;149;2026-08-19;боксерская форма;1;общий;3
Боксерская форма;боксерские шорты купить;1;149;2026-08-19;боксерские шорты;1;покупка;3
Боксерская форма;мужская майка боксерская;1;149;2026-08-19;боксерская майка;1;общий;3
Боксерская форма;перчатки майка тайсона боксерские;1;149;2026-08-19;боксерская майка;1;общий;4
Обувь для бокса;популярные боксерки;1;149;2026-08-19;боксерки;1;общий;2
Обувь для бокса;фото майка боксерка;1;149;2026-08-19;боксерки;1;нецелевое;3
Обувь для бокса;боксерки шорты;1;149;2026-08-19;боксерки;1;общий;2
Обувь для бокса;боксерки адидас черные;1;149;2026-08-19;боксерки;1;бренд;3
Обувь для бокса;желтые боксерки;1;149;2026-08-19;боксерки;1;общий;2
Обувь для бокса;черные боксерки;1;149;2026-08-19;боксерки;1;общий;2
Обувь для бокса;боксерки asics;1;149;2026-08-19;боксерки;1;общий;2
Обувь для бокса;боксерки мужские купить;1;149;2026-08-19;боксерки;1;покупка;3
Обувь для бокса;купить майку боксерку;1;149;2026-08-19;боксерки;1;покупка;3
Обувь для бокса;русская боксерка;1;149;2026-08-19;боксерки;1;общий;2
Обувь для бокса;боксерки найк оригинал;1;149;2026-08-19;боксерки;1;общий;3
Обувь для бокса;боксерки оригинал;1;149;2026-08-19;боксерки;1;общий;2
Обувь для бокса;купить боксерки найк оригинал;1;149;2026-08-19;боксерки;1;покупка;4
Обувь для бокса;купить боксерки оригинал;1;149;2026-08-19;боксерки;1;покупка;3
Обувь для бокса;валберис боксерки;1;149;2026-08-19;боксерки;1;общий;2
Обувь для бокса;боксерки adams;1;149;2026-08-19;боксерки;1;общий;2
Обувь для бокса;боксерки асикс;1;149;2026-08-19;боксерки;1;общий;2
Обувь для бокса;боксерки высокие;1;149;2026-08-19;боксерки;1;общий;2
Обувь для бокса;боксерки с канекалоном;1;149;2026-08-19;боксерки;1;общий;3
Обувь для бокса;как выбрать боксерки;1;149;2026-08-19;боксерки;1;выбор;3
Обувь для бокса;косы боксерки с канекалоном;1;149;2026-08-19;боксерки;1;общий;4
Обувь для бокса;купить боксерки adams;1;149;2026-08-19;боксерки;1;покупка;3
Обувь для бокса;как правильно шнуровать боксерки;1;149;2026-08-19;боксерки;1;общий;4
Обувь для бокса;как шнуровать боксерки;1;149;2026-08-19;боксерки;1;общий;3
Обувь для бокса;правильные боксерки;1;149;2026-08-19;боксерки;1;общий;2
Обувь для бокса;боксерки ботинки;1;149;2026-08-19;боксерки;1;общий;2
Обувь для бокса;боксерские боксерки;1;149;2026-08-19;боксерки;1;общий;2
Обувь для бокса;боксерки найк 2;1;149;2026-08-19;боксерки;1;общий;3
Обувь для бокса;плавки боксерки;1;149;2026-08-19;боксерки;1;общий;2
Обувь для бокса;боксерки мальчиков;1;149;2026-08-19;боксерки;1;общий;2
Обувь для бокса;какие боксерки купить;1;149;2026-08-19;боксерки;1;покупка;3
Обувь для бокса;какие боксерки лучшие;1;149;2026-08-19;боксерки;1;выбор;3
Обувь для бокса;какие лучше купить боксерки;1;149;2026-08-19;боксерки;1;покупка;4
Обувь для бокса;лучшие боксерки;1;149;2026-08-19;боксерки;1;выбор;2
Обувь для бокса;under armour боксерки;1;149;2026-08-19;боксерки;1;общий;3
Обувь для бокса;боксерки для бокса;1;149;2026-08-19;боксерки;1;общий;3
Обувь для бокса;боксерки мужские для бокса;1;149;2026-08-19;боксерки;1;общий;4
Обувь для бокса;hog 2 боксерки;1;149;2026-08-19;боксерки;1;общий;3
Обувь для бокса;боксерки 46 размер;1;149;2026-08-19;боксерки;1;выбор;3
Обувь для бокса;боксерки adidas;1;149;2026-08-19;боксерки;1;бренд;2
Обувь для бокса;боксерки adidas box;1;149;2026-08-19;боксерки;1;бренд;3
Обувь для бокса;боксерки adidas box hog;1;149;2026-08-19;боксерки;1;бренд;4
Обувь для бокса;боксерки adidas box hog 2;1;149;2026-08-19;боксерки;1;бренд;5
Обувь для бокса;боксерки box hog;1;149;2026-08-19;боксерки;1;общий;3
Обувь для бокса;боксерки box hog 2;1;149;2026-08-19;боксерки;1;общий;4
Обувь для бокса;боксерки boxing;1;149;2026-08-19;боксерки;1;общий;2
Обувь для бокса;боксерки детские;1;149;2026-08-19;боксерки;1;общий;2
Обувь для бокса;боксерки детские купить;1;149;2026-08-19;боксерки;1;покупка;3
Обувь для бокса;боксерки найк хайперко 3 купить;1;149;2026-08-19;боксерки;1;покупка;5
Обувь для бокса;боксерки одежда;1;149;2026-08-19;боксерки;1;общий;2
Обувь для бокса;боксерки хайперки купить;1;149;2026-08-19;боксерки;1;покупка;3
Обувь для бокса;купить боксерки найк хайперки;1;149;2026-08-19;боксерки;1;покупка;4
Обувь для бокса;купить боксерки найк хайперко;1;149;2026-08-19;боксерки;1;покупка;4
Обувь для бокса;купить боксерки хайперко;1;149;2026-08-19;боксерки;1;покупка;3
Обувь для бокса;купить боксерки хайперко 3;1;149;2026-08-19;боксерки;1;покупка;4
Обувь для бокса;майка боксерка женская;1;149;2026-08-19;боксерки;1;общий;3
Обувь для бокса;размеры боксерок;1;149;2026-08-19;боксерки;1;выбор;2
Обувь для бокса;хайперки 3 купить боксерки;1;149;2026-08-19;боксерки;1;покупка;4
Обувь для бокса;цена боксерок;1;149;2026-08-19;боксерки;1;покупка;2
Обувь для бокса;обувь для тайского бокса;1;149;2026-08-19;обувь для бокса;1;общий;4
Обувь для бокса;борцовки и перчатки;1;149;2026-08-19;борцовки;1;общий;3
Обувь для бокса;костюм борцовка;1;149;2026-08-19;борцовки;1;общий;2
Обувь для бокса;сколько стоят борцовки;1;149;2026-08-19;борцовки;1;общий;3
Обувь для бокса;спортивная майка борцовка;1;149;2026-08-19;борцовки;1;общий;3
Обувь для бокса;борцовки рудис черепашки ниндзя;1;149;2026-08-19;борцовки;1;общий;4
Обувь для бокса;борцовки черепашки;1;149;2026-08-19;борцовки;1;общий;2
Обувь для бокса;борцовки черепашки ниндзя;1;149;2026-08-19;борцовки;1;общий;3
Обувь для бокса;рудис борцовки черепашки;1;149;2026-08-19;борцовки;1;общий;3
Обувь для бокса;борцовка детская для борьбы купить;1;149;2026-08-19;борцовки;1;покупка;5
Обувь для бокса;борцовки детские для борьбы;1;149;2026-08-19;борцовки;1;общий;4
Обувь для бокса;купить детский борцовку;1;149;2026-08-19;борцовки;1;покупка;3
Обувь для бокса;wreststore борцовки;1;149;2026-08-19;борцовки;1;общий;2
Обувь для бокса;борцовки греко римская;1;149;2026-08-19;борцовки;1;общий;3
Обувь для бокса;борцовки греко римская борьба купить;1;149;2026-08-19;борцовки;1;покупка;5
Обувь для бокса;борцовки для борьбы греко;1;149;2026-08-19;борцовки;1;общий;4
Обувь для бокса;борцовки для греко;1;149;2026-08-19;борцовки;1;общий;3
Обувь для бокса;борцовки для греко римской борьбы;1;149;2026-08-19;борцовки;1;общий;5
Обувь для бокса;купить борцовки для греко римской;1;149;2026-08-19;борцовки;1;покупка;5
Обувь для бокса;борцовка комбинезон;1;149;2026-08-19;борцовки;1;общий;2
Обувь для бокса;борцовки mad;1;149;2026-08-19;борцовки;1;общий;2
Обувь для бокса;борцовки для борьбы asics;1;149;2026-08-19;борцовки;1;общий;4
Обувь для бокса;борцовки инфликт;1;149;2026-08-19;борцовки;1;общий;2
Обувь для бокса;борцовки найк инфликт;1;149;2026-08-19;борцовки;1;общий;3
Обувь для бокса;делаем борцовки;1;149;2026-08-19;борцовки;1;общий;2
Обувь для бокса;майка борцовка адидас;1;149;2026-08-19;борцовки;1;бренд;3
Обувь для бокса;подошва борцовок;1;149;2026-08-19;борцовки;1;общий;2
Обувь для бокса;черная майка борцовка;1;149;2026-08-19;борцовки;1;общий;3
Обувь для бокса;борцовки асикс купить;1;149;2026-08-19;борцовки;1;покупка;3
Обувь для бокса;борцовки вб;1;149;2026-08-19;борцовки;1;общий;2
Обувь для бокса;картинка борцовки;1;149;2026-08-19;борцовки;1;общий;2
Обувь для бокса;asics tiger борцовки;1;149;2026-08-19;борцовки;1;общий;3
Обувь для бокса;борцовки цена;1;149;2026-08-19;борцовки;1;покупка;2
Обувь для бокса;асикс тайгер 2 борцовки;1;149;2026-08-19;борцовки;1;общий;4
Обувь для бокса;борцовки sabo;1;149;2026-08-19;борцовки;1;общий;2
Обувь для бокса;борцовки бойбо;1;149;2026-08-19;борцовки;1;общий;2
Обувь для бокса;размерная сетка борцовок;1;149;2026-08-19;борцовки;1;выбор;3
Обувь для бокса;тайгеры 2 борцовки;1;149;2026-08-19;борцовки;1;общий;3
Обувь для бокса;борцовки адидас комбат;1;149;2026-08-19;борцовки;1;бренд;3
Обувь для бокса;борцовки комбат;1;149;2026-08-19;борцовки;1;общий;2
Обувь для бокса;обувь для борьбы борцовки;1;149;2026-08-19;борцовки;1;общий;4
Обувь для бокса;спортивная обувь борцовки;1;149;2026-08-19;борцовки;1;общий;3
Обувь для бокса;борцовки для борьбы спортмастер;1;149;2026-08-19;борцовки;1;общий;4
Обувь для бокса;борцовки купить спортмастер;1;149;2026-08-19;борцовки;1;покупка;3
Обувь для бокса;борцовка рсо;1;149;2026-08-19;борцовки;1;общий;2
Обувь для бокса;борцовки для бокса;1;149;2026-08-19;борцовки;1;общий;3
Обувь для бокса;борцовки для бокса мужские;1;149;2026-08-19;борцовки;1;общий;4
Обувь для бокса;куртка борцовка;1;149;2026-08-19;борцовки;1;общий;2
Обувь для бокса;борцовка мужская фото;1;149;2026-08-19;борцовки;1;нецелевое;3
Обувь для бокса;борцовка самбовка;1;149;2026-08-19;борцовки;1;общий;2
Обувь для бокса;борцовки оригинал;1;149;2026-08-19;борцовки;1;общий;2
Обувь для бокса;золотая борцовка;1;149;2026-08-19;борцовки;1;общий;2
Обувь для бокса;майка борцовка фото;1;149;2026-08-19;борцовки;1;нецелевое;3
Обувь для бокса;покажи борцовок;1;149;2026-08-19;борцовки;1;общий;2
Обувь для бокса;самбовки и борцовки разница;1;149;2026-08-19;борцовки;1;общий;4
Футболки;боксерские футболки;1;149;2026-08-19;футболка боксерская;1;общий;2
Лапы;лапы ракетки для бокса;1;149;2026-08-19;лапы для бокса;1;общий;4
Снарядные перчатки;снарядные перчатки клинч;1;149;2026-08-19;снарядные перчатки;2;бренд;3
Защитное снаряжение;защита голени и стопы для единоборств;1;149;2026-08-19;защита для единоборств;2;общий;6
Защитное снаряжение;защита стопы для единоборств;1;149;2026-08-19;защита для единоборств;1;общий;4
Защитное снаряжение;защита для единоборств детская;1;149;2026-08-19;защита для единоборств;1;общий;4
Защитное снаряжение;защита паха детская для единоборств;1;149;2026-08-19;защита для единоборств;2;общий;5
Защитное снаряжение;защита паха для единоборств как называется;1;149;2026-08-19;защита для единоборств;2;общий;6
Защитное снаряжение;защита голени бокс;1;149;2026-08-19;защита голени;1;общий;3
Защитное снаряжение;защита голени для тайского бокса;1;149;2026-08-19;защита голени;1;общий;5
Защитное снаряжение;тайская защита голени;1;149;2026-08-19;защита голени;1;общий;3
Защитное снаряжение;защита для голени детская;1;149;2026-08-19;защита голени;1;общий;4
Защитное снаряжение;защита голени для велосипеда;1;149;2026-08-19;защита голени;1;общий;4
Защитное снаряжение;защита голени тактическая;1;149;2026-08-19;защита голени;1;общий;3
Защитное снаряжение;наколенники с защитой голени;1;149;2026-08-19;защита голени;1;общий;4
Защитное снаряжение;защита колена и голени;1;149;2026-08-19;защита голени;1;общий;4
Защитное снаряжение;защита голени для ребенка;1;149;2026-08-19;защита голени;1;общий;4
Защитное снаряжение;как подобрать защиту голени;1;149;2026-08-19;защита голени;1;общий;4
Защитное снаряжение;как подобрать размер защиты голени;1;149;2026-08-19;защита голени;1;выбор;5
Защитное снаряжение;защита паха в футболе;1;149;2026-08-19;защита паха;1;общий;4
Защитное снаряжение;мма защита паха;1;149;2026-08-19;защита паха;1;общий;3
Защитное снаряжение;защита паха мотоциклетная;1;149;2026-08-19;защита паха;1;общий;3
Защитное снаряжение;защита паха размеры;1;149;2026-08-19;защита паха;1;выбор;3
Защитное снаряжение;раковина защита паха;1;149;2026-08-19;защита паха;1;общий;3
Скакалки;прыжки на скакалке для бокса;1;149;2026-08-19;скакалка для бокса;1;общий;5
Скакалки;техника прыжков на скакалке для бокса;1;149;2026-08-19;скакалка для бокса;1;учебное;6
Скакалки;скакалка для бокса купить;1;149;2026-08-19;скакалка для бокса;2;покупка;4
Скакалки;скоростная скакалка купить;1;149;2026-08-19;купить скакалку;1;покупка;3
Скакалки;купить скакалку в спортмастере;1;149;2026-08-19;купить скакалку;1;покупка;4
Скакалки;скакалка графическая купить;1;149;2026-08-19;купить скакалку;1;покупка;3
Скакалки;ручки для скакалки купить;1;149;2026-08-19;купить скакалку;1;покупка;4
Скакалки;как правильно купить скакалку;1;149;2026-08-19;купить скакалку;1;покупка;4
Скакалки;обручи скакалки купить;1;149;2026-08-19;купить скакалку;1;покупка;3
Скакалки;сколько купили скакалок;1;149;2026-08-19;купить скакалку;1;общий;3
Скакалки;скакалка гимнастическая купить;1;149;2026-08-19;купить скакалку;1;покупка;3
Скакалки;нейро скакалка купить;1;149;2026-08-19;купить скакалку;1;покупка;3
Скакалки;скакалка прыжки купить;1;149;2026-08-19;купить скакалку;1;покупка;3
Мешки и груши;мешок боксерский тяжелый;1;149;2026-08-19;боксерский мешок;1;общий;3
Мешки и груши;чем заполнить боксерский мешок;1;149;2026-08-19;боксерский мешок;1;общий;4
Мешки и груши;боксерский мешок ткань;1;149;2026-08-19;боксерский мешок;1;общий;3
Мешки и груши;боксерские мешки купить бу;1;149;2026-08-19;боксерский мешок;1;покупка;4
Мешки и груши;боксерские мешок 40 кг;1;149;2026-08-19;боксерский мешок;1;общий;4
Мешки и груши;боксерский мешок 20 кг;1;149;2026-08-19;боксерский мешок;1;общий;4
Мешки и груши;боксерский мешок для ног;1;149;2026-08-19;боксерский мешок;1;общий;4
Мешки и груши;боксерский мешок напольная взрослая;1;149;2026-08-19;боксерский мешок;1;общий;4
Мешки и груши;виды боксерских мешков;1;149;2026-08-19;боксерский мешок;1;общий;3
Мешки и груши;кронштейн потолочный для боксерского мешка;1;149;2026-08-19;боксерский мешок;1;общий;5
Мешки и груши;мешок боксерский бу;1;149;2026-08-19;боксерский мешок;1;общий;3
Мешки и груши;накладки на боксерский мешок;1;149;2026-08-19;боксерский мешок;1;общий;4
Мешки и груши;расстояние между боксерскими мешками;1;149;2026-08-19;боксерский мешок;1;общий;4
Мешки и груши;hukk мешок боксерский;1;149;2026-08-19;боксерский мешок;1;общий;3
Мешки и груши;боксерская груша или мешок;1;149;2026-08-19;боксерский мешок;1;общий;4
Мешки и груши;боксерский мешок для взрослых;1;149;2026-08-19;боксерский мешок;1;общий;4
Мешки и груши;боксерские мешки без наполнителя купить;1;149;2026-08-19;боксерский мешок;1;покупка;5
Мешки и груши;боксерский мешок без наполнителя;1;149;2026-08-19;боксерский мешок;1;общий;4
Мешки и груши;мешок для боксерской груши без наполнителя купить;1;149;2026-08-19;боксерский мешок;1;покупка;7
Мешки и груши;боксерские мешки напольные купить;1;149;2026-08-19;боксерский мешок;1;покупка;4
Мешки и груши;стойка боксерская мешок купить;1;149;2026-08-19;боксерский мешок;1;покупка;4
Мешки и груши;стойка для боксерского мешка напольная купить;1;149;2026-08-19;боксерский мешок;1;покупка;6
Мешки и груши;стойка для боксерского мешка напольная усиленная;1;149;2026-08-19;боксерский мешок;1;общий;6
Мешки и груши;авито москвы мешок боксерский;1;149;2026-08-19;боксерский мешок;1;нецелевое;4
Мешки и груши;боксерский мешок купить в москве;1;149;2026-08-19;боксерский мешок;1;покупка;5
Мешки и груши;боксерский мешок купить москва авито;1;149;2026-08-19;боксерский мешок;1;покупка;5
Мешки и груши;боксерский мешок купить озон;1;149;2026-08-19;боксерский мешок;1;покупка;4
Мешки и груши;боксерский мешок москва;1;149;2026-08-19;боксерский мешок;1;общий;3
Мешки и груши;озон боксерские мешки;1;149;2026-08-19;боксерский мешок;1;общий;3
Мешки и груши;боксерский мешок ветошью;1;149;2026-08-19;боксерский мешок;1;общий;3
Мешки и груши;набивка для боксерского мешка;1;149;2026-08-19;боксерский мешок;1;общий;4
Мешки и груши;уличные стойки для боксерского мешка;1;149;2026-08-19;боксерский мешок;1;общий;5
Мешки и груши;боксерский мешок диаметр;1;149;2026-08-19;боксерский мешок;1;общий;3
Мешки и груши;кольцо боксерского мешка;1;149;2026-08-19;боксерский мешок;1;общий;3
Мешки и груши;под мешок боксерский;1;149;2026-08-19;боксерский мешок;1;общий;3
Мешки и груши;тренировка на боксерском мешке;1;149;2026-08-19;боксерский мешок;1;учебное;4
Мешки и груши;боксерский мешок бокс;1;149;2026-08-19;боксерский мешок;1;общий;3
Мешки и груши;чем наполняются боксерские мешки;1;149;2026-08-19;боксерский мешок;1;общий;4
Мешки и груши;автомат с грушей для бокса;1;149;2026-08-19;груша для бокса;1;общий;5
Мешки и груши;груша на стену для бокса;1;149;2026-08-19;груша для бокса;1;общий;5
Мешки и груши;музыкальная груша для бокса;1;149;2026-08-19;груша для бокса;1;общий;4
Мешки и груши;музыкальная груша для бокса на стену;1;149;2026-08-19;груша для бокса;1;общий;6
Мешки и груши;большая груша для бокса;1;149;2026-08-19;груша для бокса;1;общий;4
Мешки и груши;наливная груша для бокса;1;149;2026-08-19;груша для бокса;1;общий;4
Мешки и груши;груша стоячая для бокса детская;1;149;2026-08-19;груша для бокса;1;общий;5
Мешки и груши;стоячие груши для бокса;1;149;2026-08-19;груша для бокса;1;общий;4
Мешки и груши;груша стойка для бокса;1;149;2026-08-19;груша для бокса;1;общий;4
Мешки и груши;чем наполнить грушу для бокса;1;149;2026-08-19;груша для бокса;1;общий;5
Мешки и груши;самодельная груша для бокса;1;149;2026-08-19;груша для бокса;1;общий;4
Мешки и груши;груша для бокса для квартиры;1;149;2026-08-19;груша для бокса;1;общий;5
Мешки и груши;размер груши для бокса;1;149;2026-08-19;груша для бокса;1;выбор;4
Мешки и груши;зал с грушей для бокса;1;149;2026-08-19;груша для бокса;1;общий;5
Мешки и груши;груша человек для бокса цена;1;149;2026-08-19;груша для бокса;1;покупка;5
Мешки и груши;груши на подставке для бокса;1;149;2026-08-19;груша для бокса;1;общий;5
Мешки и груши;герман груша для бокса купить;1;149;2026-08-19;груша для бокса;1;покупка;5
Мешки и груши;груша спортивная напольная для бокса;1;149;2026-08-19;груша для бокса;1;общий;5
Мешки и груши;груша человек для бокса купить;1;149;2026-08-19;груша для бокса;1;покупка;5
Мешки и груши;как выбрать грушу для бокса домой;1;149;2026-08-19;груша для бокса;1;выбор;6
Мешки и груши;спортивная груша для бокса;1;149;2026-08-19;груша для бокса;1;общий;4
Бренд и общее;боксерские перчатки clinch 14 унций;1;149;2026-08-19;clinch;1;выбор;5
Бренд и общее;перчатки clinch 14;1;149;2026-08-19;clinch;1;бренд;3
Бренд и общее;перчатки боксерские clinch 14;1;149;2026-08-19;clinch;1;бренд;4
Бренд и общее;боксерские clinch olimp;1;149;2026-08-19;clinch;1;бренд;3
Бренд и общее;перчатки clinch olimp;1;149;2026-08-19;clinch;1;бренд;3
Бренд и общее;перчатки боксерские clinch olimp;1;149;2026-08-19;clinch;1;бренд;4
Бренд и общее;clinch competition;1;149;2026-08-19;clinch;1;бренд;2
Бренд и общее;clinch fight 2.0;1;149;2026-08-19;clinch;1;бренд;3
Бренд и общее;clinch nf;1;149;2026-08-19;clinch;1;бренд;2
Бренд и общее;clinch pro nf;1;149;2026-08-19;clinch;1;бренд;3
Бренд и общее;clinch бренд;1;149;2026-08-19;clinch;1;бренд;2
Бренд и общее;clinch купить;1;149;2026-08-19;clinch;1;покупка;2
Бренд и общее;clinch перевод;1;149;2026-08-19;clinch;1;бренд;2
Бренд и общее;clinch перчатки 2.0;1;149;2026-08-19;clinch;1;бренд;3
Бренд и общее;перчатки clinch fight 2.0;1;149;2026-08-19;clinch;1;бренд;4
Бренд и общее;перчатки боксерские clinch fight 2.0;1;149;2026-08-19;clinch;1;бренд;5
Бренд и общее;clinch olimp plus;1;149;2026-08-19;clinch;1;бренд;3
Бренд и общее;перчатки клинч синие;1;149;2026-08-19;клинч перчатки;1;бренд;3
Бренд и общее;боксерские перчатки клинч 10;1;149;2026-08-19;клинч перчатки;1;бренд;4
Бренд и общее;боксерские перчатки клинч 10 унций;1;149;2026-08-19;клинч перчатки;1;выбор;5
Бренд и общее;перчатки клинч 10;1;149;2026-08-19;клинч перчатки;1;бренд;3
Бренд и общее;перчатки клинч 10 унций;1;149;2026-08-19;клинч перчатки;1;выбор;4
Бренд и общее;экипировка для бокса для детей;1;149;2026-08-19;экипировка для бокса;1;общий;5
Бренд и общее;фирмы экипировки для бокса;1;149;2026-08-19;экипировка для бокса;1;общий;4
Бренд и общее;экипировка для тайского бокса для детей;1;149;2026-08-19;экипировка для бокса;1;общий;6
Бренд и общее;спортивная экипировка для бокса;1;149;2026-08-19;экипировка для бокса;1;общий;4
Бренд и общее;рамзес в экипировке для бокса;1;149;2026-08-19;экипировка для бокса;1;общий;5
Бренд и общее;где купить экипировку для бокса;1;149;2026-08-19;экипировка для бокса;1;покупка;5
Бренд и общее;все приложения для тв бокс;1;149;2026-08-19;все для бокса;1;общий;5
