Направление;Ключевое слово;Частота Yandex;Частота Google;Подпапка;Затравка;Намерение
конкуренты и бренды;1с;5308451;0;;1с;общий
конкуренты и бренды;эксел;2029329;0;;эксель;общий
конкуренты и бренды;эксель;2029294;0;;эксель;общий
конкуренты и бренды;excel;942445;0;;excel;общий
конкуренты и бренды;1с 8.3;565681;0;;1с;общий
конкуренты и бренды;гугл таблицы;494190;0;;гугл таблицы;общий
конкуренты и бренды;1с фреш;378007;0;;1с;общий
конкуренты и бренды;1с бухгалтерия;334057;0;;1с;общий
конкуренты и бренды;1с зуп;285120;0;;1с;общий
конкуренты и бренды;таблица эксель;248893;0;;эксель;общий
конкуренты и бренды;ячейка в эксель;197663;0;;эксель;общий
конкуренты и бренды;где в 1с;192570;0;;1с;общий
конкуренты и бренды;таблица в экселе;188766;0;;эксель;общий
конкуренты и бренды;счет в 1с;183993;0;;1с;общий
конкуренты и бренды;эксель в пдф;178098;0;;эксель;общий
конкуренты и бренды;как в экселе сделать;175669;0;;эксель;общий
конкуренты и бренды;как в эксель сделать;175669;0;;эксель;общий
конкуренты и бренды;формулы эксель;163342;0;;эксель;общий
конкуренты и бренды;1с кабинет;160420;0;;1с;общий
конкуренты и бренды;1с личный;151771;0;;1с;общий
конкуренты и бренды;1с личный кабинет;145287;0;;1с;навигация
конкуренты и бренды;1с учет;142625;0;;1с;общий
импортозамещение и закупка;свой сервер;141686;0;;свой сервер;общий
конкуренты и бренды;1с вход;137952;0;;1с;навигация
конкуренты и бренды;формулы в экселе;130168;0;;эксель;общий
конкуренты и бренды;строка в экселе;129436;0;;эксель;общий
конкуренты и бренды;1с сделать;129398;0;;1с;общий
конкуренты и бренды;1с товары;128583;0;;1с;общий
конкуренты и бренды;отчеты в 1с;126068;0;;1с;общий
конкуренты и бренды;1с сотрудник;123285;0;;1с;общий
конкуренты и бренды;1с 8;120662;0;;1с;общий
конкуренты и бренды;1с кабинет вход;119942;0;;1с;навигация
конкуренты и бренды;1с вход в личный;118798;0;;1с;навигация
конкуренты и бренды;1с вход в личный кабинет;117755;0;;1с;навигация
конкуренты и бренды;1с бухгалтерия 8.3;117751;0;;1с;общий
конкуренты и бренды;ячейка excel;116569;0;;excel;общий
конкуренты и бренды;таблица excel;112769;0;;excel;общий
конкуренты и бренды;1с фреш вход;112768;0;;1с;навигация
конкуренты и бренды;эксель столбец;111130;0;;эксель;общий
конкуренты и бренды;1с предприятие;109647;0;;1с;общий
конкуренты и бренды;1с фреш личный;108779;0;;1с;общий
конкуренты и бренды;1с фреш кабинет;108028;0;;1с;общий
конкуренты и бренды;1с фреш личный кабинет;107919;0;;1с;навигация
конкуренты и бренды;программа 1с;105491;0;;1с;общий
конкуренты и бренды;1с фреш вход в личный;104241;0;;1с;навигация
конкуренты и бренды;форма 1с;103778;0;;1с;общий
конкуренты и бренды;1с фреш вход в личный кабинет;103438;0;;1с;навигация
конкуренты и бренды;столбец в экселе;102667;0;;эксель;общий
конкуренты и бренды;1с данных;100572;0;;1с;общий
конкуренты и бренды;почему 1с;98944;0;;1с;общий
конкуренты и бренды;ндс в 1с;98605;0;;1с;общий
конкуренты и бренды;1с эдо;96629;0;;1с;общий
конкуренты и бренды;ли 1с;96191;0;;1с;общий
язык задач — учёт;учет продаж;94680;0;;учет продаж;общий
конкуренты и бренды;провести 1с;93922;0;;1с;общий
конкуренты и бренды;настрою 1с;91835;0;;1с;общий
конкуренты и бренды;настроенная 1с;91730;0;;1с;общий
конкуренты и бренды;1с найти;91177;0;;1с;общий
данные и справочники;качество данных;90825;0;;качество данных;общий
конкуренты и бренды;база 1с;90663;0;;1с;общий
конкуренты и бренды;посмотрите 1с;90287;0;;1с;общий
конкуренты и бренды;битрикс24;89487;0;;битрикс24;общий
конкуренты и бренды;экселе онлайн;87584;0;;эксель;общий
конкуренты и бренды;эксель онлайн;87584;0;;эксель;общий
конкуренты и бренды;настройка 1с;86978;0;;1с;общий
конкуренты и бренды;1с ут;85010;0;;1с;общий
язык задач — учёт;учет договоров;84773;0;;учет договоров;общий
конкуренты и бренды;1с 3;82761;0;;1с;общий
конкуренты и бренды;отразить 1с;81546;0;;1с;общий
конкуренты и бренды;бывшие 1с;81014;0;;1с;общий
конкуренты и бренды;суть 1с;80916;0;;1с;общий
конкуренты и бренды;файл эксел;79372;0;;эксель;общий
конкуренты и бренды;файл эксель;79371;0;;эксель;общий
конкуренты и бренды;1с добавить;78418;0;;1с;общий
конкуренты и бренды;проводки в 1с;78330;0;;1с;общий
конкуренты и бренды;код 1с;77007;0;;1с;общий
конкуренты и бренды;1с erp;76775;0;;1с;общий
конкуренты и бренды;1с договоры;76710;0;;1с;общий
данные и справочники;данное качество;75467;0;;качество данных;общий
конкуренты и бренды;запросы 1с;75180;0;;1с;общий
конкуренты и бренды;можно 1с;75102;0;;1с;общий
конкуренты и бренды;1с унф;73139;0;;1с;общий
конкуренты и бренды;текст эксель;72918;0;;эксель;общий
конкуренты и бренды;формулы excel;72097;0;;excel;общий
конкуренты и бренды;1с оплата;71767;0;;1с;общий
конкуренты и бренды;ошибки 1с;71621;0;;1с;проблема
конкуренты и бренды;1с скачать;70751;0;;1с;навигация
конкуренты и бренды;как настроить 1с;69868;0;;1с;общий
конкуренты и бренды;1с 1;68182;0;;1с;общий
конкуренты и бренды;1с зарплата;67125;0;;1с;учебное
конкуренты и бренды;текст в экселе;66484;0;;эксель;общий
язык задач — система/программа;система учета;66420;0;;система учета;общий
конкуренты и бренды;excel строка;66102;0;;excel;общий
конкуренты и бренды;1с зуп 8.3;65916;0;;1с;общий
конкуренты и бренды;1с через;65842;0;;1с;общий
конкуренты и бренды;1с программно;65788;0;;1с;общий
конкуренты и бренды;1с продажи;64218;0;;1с;общий
конкуренты и бренды;значение эксель;63848;0;;эксель;общий
конкуренты и бренды;1с строка;62998;0;;1с;общий
конкуренты и бренды;ворде экселе;62926;0;;эксель;общий
конкуренты и бренды;excel скачать;62510;0;;excel;навигация
конкуренты и бренды;скачать экселе;62158;0;;эксель;навигация
конкуренты и бренды;скачать эксель;62158;0;;эксель;навигация
конкуренты и бренды;notion;62063;0;;notion;общий
конкуренты и бренды;1с налог;62048;0;;1с;общий
конкуренты и бренды;начисление 1с;61610;0;;1с;общий
конкуренты и бренды;лист эксель;61088;0;;эксель;общий
конкуренты и бренды;1с ерп;60315;0;;1с;общий
конкуренты и бренды;1с контрагент;58998;0;;1с;общий
конкуренты и бренды;отпуск в 1с;58804;0;;1с;общий
конкуренты и бренды;эксел бесплатно;58627;0;;эксель;навигация
конкуренты и бренды;эксель бесплатно;58627;0;;эксель;навигация
конкуренты и бренды;excel столбец;58477;0;;excel;общий
конкуренты и бренды;1с итс;57255;0;;1с;общий
конкуренты и бренды;1с год;57238;0;;1с;общий
конкуренты и бренды;1с значение;56706;0;;1с;общий
конкуренты и бренды;1с получить;56668;0;;1с;общий
конкуренты и бренды;1с расчет;56333;0;;1с;общий
конкуренты и бренды;из пдф в экселе;55736;0;;эксель;общий
конкуренты и бренды;значение в экселе;55143;0;;эксель;общий
конкуренты и бренды;числа в экселе;54848;0;;эксель;общий
конкуренты и бренды;число в эксель;54839;0;;эксель;общий
конкуренты и бренды;1с 2026;54314;0;;1с;общий
конкуренты и бренды;1с заполнено;54170;0;;1с;общий
конкуренты и бренды;где найти 1с;53786;0;;1с;общий
конкуренты и бренды;работа в 1с;53687;0;;1с;общий
конкуренты и бренды;фактура 1с;53604;0;;1с;общий
конкуренты и бренды;остаток 1с;53386;0;;1с;общий
конкуренты и бренды;1с дата;53074;0;;1с;общий
конкуренты и бренды;1с номенклатура;53038;0;;1с;общий
конкуренты и бренды;расходы в 1с;53002;0;;1с;общий
конкуренты и бренды;1с изменен;52762;0;;1с;общий
конкуренты и бренды;1с взносы;52629;0;;1с;общий
конкуренты и бренды;1с организация;52108;0;;1с;общий
конкуренты и бренды;1с розница;52044;0;;1с;общий
конкуренты и бренды;1с управление;51994;0;;1с;общий
конкуренты и бренды;1с файл;51981;0;;1с;общий
данные и справочники;дан дан дан в хорошем качестве;50737;0;;качество данных;общий
конкуренты и бренды;1с эпд;50340;0;;1с;общий
конкуренты и бренды;1с банки;50176;0;;1с;общий
конкуренты и бренды;1с банк;50172;0;;1с;общий
конкуренты и бренды;1с без;49277;0;;1с;общий
данные и справочники;дай хорошее качество;49023;0;;качество данных;общий
конкуренты и бренды;1с 2;48949;0;;1с;общий
конкуренты и бренды;поступление в 1с;48934;0;;1с;общий
конкуренты и бренды;1с период;48390;0;;1с;общий
конкуренты и бренды;1с списком;48057;0;;1с;общий
конкуренты и бренды;1с бп;48013;0;;1с;общий
конкуренты и бренды;версии 1с;48008;0;;1с;общий
конкуренты и бренды;1с 8 3;47997;0;;1с;общий
конкуренты и бренды;вставить в экселе;47962;0;;эксель;общий
конкуренты и бренды;вставить в эксель;47962;0;;эксель;общий
конкуренты и бренды;1с усн;47500;0;;1с;общий
конкуренты и бренды;лист в экселе;47350;0;;эксель;общий
конкуренты и бренды;1с пользователь;47343;0;;1с;общий
конкуренты и бренды;1с операции;46530;0;;1с;общий
конкуренты и бренды;другие 1с;45354;0;;1с;общий
конкуренты и бренды;счет фактура в 1с;44842;0;;1с;общий
конкуренты и бренды;1с клиент;44483;0;;1с;общий
конкуренты и бренды;ндфл в 1с;44273;0;;1с;общий
конкуренты и бренды;эксель в ворд;44159;0;;эксель;общий
конкуренты и бренды;1с виды;43455;0;;1с;общий
конкуренты и бренды;1с поставщики;43239;0;;1с;общий
конкуренты и бренды;сумма в 1с;43002;0;;1с;общий
конкуренты и бренды;обработки 1с;42676;0;;1с;общий
конкуренты и бренды;как сделать в excel;42445;0;;excel;общий
конкуренты и бренды;данные в экселе;42280;0;;эксель;общий
конкуренты и бренды;данные в эксель;42280;0;;эксель;общий
конкуренты и бренды;экселе перевести;42142;0;;эксель;общий
конкуренты и бренды;нова 1с;42118;0;;1с;общий
конкуренты и бренды;новая 1с;42090;0;;1с;общий
конкуренты и бренды;реализация в 1с;42024;0;;1с;общий
конкуренты и бренды;где в 1с 8.3;41885;0;;1с;общий
конкуренты и бренды;доход 1с;41855;0;;1с;общий
язык задач — учёт;учет сотрудников;41763;0;;учет сотрудников;общий
язык задач — учёт;учет товаров;41617;0;;учет товаров;общий
конкуренты и бренды;1с отчетность;41614;0;;1с;общий
конкуренты и бренды;нужна 1с;41430;0;;1с;общий
конкуренты и бренды;сумма в экселе;41302;0;;эксель;общий
конкуренты и бренды;сумма в эксель;41302;0;;эксель;общий
конкуренты и бренды;дата в экселе;41090;0;;эксель;общий
конкуренты и бренды;дата в эксель;41090;0;;эксель;общий
конкуренты и бренды;перевести в эксель;40958;0;;эксель;общий
конкуренты и бренды;бух 1с;40883;0;;1с;общий
конкуренты и бренды;обновление 1с;40682;0;;1с;общий
конкуренты и бренды;1с страховая;40621;0;;1с;общий
конкуренты и бренды;аванс в 1с;40547;0;;1с;общий
конкуренты и бренды;упд в 1с;40361;0;;1с;общий
конкуренты и бренды;как в экселе вставить эксель;40237;0;;эксель;общий
конкуренты и бренды;месяц месяца месяцев 1с;40208;0;;1с;общий
импортозамещение и закупка;отечественное по;40008;0;;отечественное по;общий
конкуренты и бренды;объекты 1с;39888;0;;1с;общий
конкуренты и бренды;1с инструкция;39402;0;;1с;учебное
конкуренты и бренды;1с как оформить;39357;0;;1с;общий
конкуренты и бренды;1с реквизиты;39075;0;;1с;общий
конкуренты и бренды;1с документооборот;39052;0;;1с;общий
конкуренты и бренды;1с электронная;38983;0;;1с;общий
конкуренты и бренды;как в эксель убрать;38952;0;;эксель;общий
конкуренты и бренды;как убрать в экселе;38952;0;;эксель;общий
импортозамещение и закупка;свой сервер майнкрафт;38926;0;;свой сервер;общий
конкуренты и бренды;услуги в 1с;38589;0;;1с;общий
конкуренты и бренды;таблица 1с;38304;0;;1с;общий
конкуренты и бренды;файл excel;38124;0;;excel;общий
конкуренты и бренды;1с основные;37832;0;;1с;общий
конкуренты и бренды;1с 3.0;37665;0;;1с;общий
данные и справочники;дан дан смотреть в хорошем качестве;37639;0;;качество данных;общий
конкуренты и бренды;1с книги;37626;0;;1с;общий
данные и справочники;дали смотреть бесплатно в хорошем качестве;37593;0;;качество данных;навигация
данные и справочники;давай смотреть в хорошем качестве;37480;0;;качество данных;общий
конкуренты и бренды;курсы 1с;37245;0;;1с;учебное
конкуренты и бренды;1с сведения;37231;0;;1с;общий
конкуренты и бренды;проводки 1с 8.3;37202;0;;1с;общий
конкуренты и бренды;1с проверить;36931;0;;1с;общий
конкуренты и бренды;лиц 1с;36903;0;;1с;общий
конкуренты и бренды;1с поле;36585;0;;1с;общий
конкуренты и бренды;1с налоговая;36137;0;;1с;общий
конкуренты и бренды;1с склад;36044;0;;1с;общий
конкуренты и бренды;1с 8.3 счет;36038;0;;1с;общий
конкуренты и бренды;1с зуп сотрудники;35948;0;;1с;общий
конкуренты и бренды;почему в экселе;35659;0;;эксель;общий
конкуренты и бренды;почему в эксель;35659;0;;эксель;общий
конкуренты и бренды;1с цена;35403;0;;1с;покупка
конкуренты и бренды;1с загрузить;35313;0;;1с;общий
конкуренты и бренды;возврат в 1с;35283;0;;1с;общий
конкуренты и бренды;акт 1с;35209;0;;1с;общий
конкуренты и бренды;1с лист;35194;0;;1с;общий
конкуренты и бренды;1с торговля;35103;0;;1с;общий
конкуренты и бренды;исправить 1с;34644;0;;1с;общий
конкуренты и бренды;конвертировать в эксель;34606;0;;эксель;общий
конкуренты и бренды;конвертируем в эксель;34606;0;;эксель;общий
конкуренты и бренды;начислить в 1с;34582;0;;1с;общий
конкуренты и бренды;1с поли;34550;0;;1с;общий
конкуренты и бренды;1с ка;34493;0;;1с;общий
конкуренты и бренды;модули 1с;34235;0;;1с;общий
конкуренты и бренды;эксель цифра;33783;0;;эксель;общий
конкуренты и бренды;1с номер;33558;0;;1с;общий
конкуренты и бренды;два экселя;33518;0;;эксель;общий
конкуренты и бренды;1с бгу;33464;0;;1с;общий
конкуренты и бренды;список в экселе;33275;0;;эксель;общий
конкуренты и бренды;список в эксель;33275;0;;эксель;общий
конкуренты и бренды;эксель в пдф онлайн;33144;0;;эксель;общий
конкуренты и бренды;гугл таблицы онлайн;32977;0;;гугл таблицы;общий
конкуренты и бренды;1с отправить;32849;0;;1с;общий
конкуренты и бренды;после 1с;32743;0;;1с;общий
конкуренты и бренды;google таблицы;32695;0;;google таблицы;общий
данные и справочники;давай смотреть онлайн в хорошем качестве;32639;0;;качество данных;общий
конкуренты и бренды;как сделать ячейки в экселе;32636;0;;эксель;общий
конкуренты и бренды;как сделать ячейки в эксель;32636;0;;эксель;общий
конкуренты и бренды;можно ли в 1с;32476;0;;1с;общий
конкуренты и бренды;день 1с;32419;0;;1с;общий
конкуренты и бренды;декларации в 1с;32395;0;;1с;общий
конкуренты и бренды;как в 1с сформировать;32337;0;;1с;общий
конкуренты и бренды;конфигурации 1с;32330;0;;1с;общий
конкуренты и бренды;удаленная экселе;32208;0;;эксель;общий
конкуренты и бренды;удаленная эксель;32208;0;;эксель;общий
конкуренты и бренды;как выгрузить 1с;31758;0;;1с;общий
конкуренты и бренды;1с чеки;31617;0;;1с;общий
конкуренты и бренды;данные excel;31586;0;;excel;общий
конкуренты и бренды;объединить эксель;31546;0;;эксель;общий
конкуренты и бренды;лицензии 1с;31492;0;;1с;общий
конкуренты и бренды;закрыть 1с;31390;0;;1с;общий
конкуренты и бренды;выплаты в 1с;31350;0;;1с;общий
конкуренты и бренды;страница в эксель;31182;0;;эксель;общий
конкуренты и бренды;страницы в экселе;31182;0;;эксель;общий
конкуренты и бренды;1с ев;31037;0;;1с;общий
конкуренты и бренды;едят 1с;30999;0;;1с;общий
конкуренты и бренды;покупка 1с;30944;0;;1с;общий
конкуренты и бренды;вносить в 1с;30820;0;;1с;общий
конкуренты и бренды;цифры в экселе;30814;0;;эксель;общий
конкуренты и бренды;1с покупатель;30804;0;;1с;общий
импортозамещение и закупка;как создать свой сервер;30593;0;;свой сервер;общий
конкуренты и бренды;стоимость 1с;30489;0;;1с;покупка
конкуренты и бренды;1с заказы;30344;0;;1с;общий
конкуренты и бренды;обучение 1с;30158;0;;1с;учебное
конкуренты и бренды;найти 1с 8.3;30105;0;;1с;общий
конкуренты и бренды;корректировка в 1с;30100;0;;1с;общий
конкуренты и бренды;1с поменять;29921;0;;1с;общий
конкуренты и бренды;как посчитать в экселе;29817;0;;эксель;общий
конкуренты и бренды;как посчитать в эксель;29817;0;;эксель;общий
конкуренты и бренды;как в экселе сделать таблицу;29696;0;;эксель;общий
конкуренты и бренды;как сделать таблицу в эксель;29696;0;;эксель;общий
конкуренты и бренды;где в 1с посмотреть;29165;0;;1с;общий
конкуренты и бренды;значение в excel;29117;0;;excel;общий
язык задач — учёт;учет договоров купли продажи;29086;0;;учет договоров;общий
конкуренты и бренды;списание в 1с;29079;0;;1с;общий
конкуренты и бренды;страховые взносы в 1с;29079;0;;1с;общий
конкуренты и бренды;учет в 1с 8.3;29070;0;;1с;общий
конкуренты и бренды;1с убрать;29066;0;;1с;общий
конкуренты и бренды;amocrm;28895;0;;amocrm;общий
конкуренты и бренды;1с право;28835;0;;1с;общий
конкуренты и бренды;формат 1с;28768;0;;1с;общий
конкуренты и бренды;изменения в 1с;28740;0;;1с;общий
конкуренты и бренды;объединить в экселе;28707;0;;эксель;общий
конкуренты и бренды;сертификаты 1с;28572;0;;1с;общий
конкуренты и бренды;преобразовать в эксель;28334;0;;эксель;общий
конкуренты и бренды;excel бесплатно;28239;0;;excel;навигация
импортозамещение и закупка;закупки по 223 фз;28134;0;;закупка по 223 фз;общий
конкуренты и бренды;1с транспортная;28011;0;;1с;общий
конкуренты и бренды;excel текст;27787;0;;excel;общий
конкуренты и бренды;1с как правильно;27747;0;;1с;общий
конкуренты и бренды;выписка 1с;27653;0;;1с;общий
конкуренты и бренды;эксель текст в ячейке;27424;0;;эксель;общий
конкуренты и бренды;power bi;27422;0;;power bi;общий
конкуренты и бренды;1с 8.3 где найти;27406;0;;1с;общий
конкуренты и бренды;ведомости 1с;27160;0;;1с;общий
конкуренты и бренды;как в экселе добавить;27151;0;;эксель;общий
конкуренты и бренды;как в эксель добавить;27151;0;;эксель;общий
конкуренты и бренды;процент в экселе;27149;0;;эксель;общий
конкуренты и бренды;проценты в эксель;27149;0;;эксель;общий
конкуренты и бренды;1с тип;27062;0;;1с;общий
конкуренты и бренды;1с загрузки;27052;0;;1с;общий
конкуренты и бренды;купить 1с;27045;0;;1с;покупка
конкуренты и бренды;закрепить в эксель;27015;0;;эксель;общий
конкуренты и бренды;эксель онлайн бесплатно;26961;0;;эксель;навигация
конкуренты и бренды;формат эксель;26436;0;;эксель;общий
конкуренты и бренды;функции эксель;26234;0;;эксель;общий
конкуренты и бренды;конвертировать пдф в экселе;25956;0;;эксель;общий
конкуренты и бренды;конвертировать эксель в пдф;25956;0;;эксель;общий
конкуренты и бренды;конвертируем пдф в эксель;25956;0;;эксель;общий
конкуренты и бренды;найти в эксель;25761;0;;эксель;общий
конкуренты и бренды;перенести в экселе;25205;0;;эксель;общий
конкуренты и бренды;перенести в эксель;25205;0;;эксель;общий
конкуренты и бренды;эксель автоматически;25140;0;;эксель;общий
язык задач — учёт;финансовый учет;24933;0;;финансовый учет;общий
конкуренты и бренды;документ эксель;24745;0;;эксель;общий
язык задач — учёт;продажа автомобилей учет;24641;0;;учет продаж;общий
язык задач — учёт;продажа машины снятой с учета;23778;0;;учет продаж;общий
конкуренты и бренды;эксель формула ячейка;23765;0;;эксель;общий
конкуренты и бренды;строки таблицы эксель;23733;0;;эксель;общий
конкуренты и бренды;1с предприятие 8.3;23700;0;;1с предприятие;общий
язык задач — учёт;учет затрат;23190;0;;учет затрат;общий
конкуренты и бренды;какой эксель;23052;0;;эксель;общий
конкуренты и бренды;как закрепить в экселе;22936;0;;эксель;общий
конкуренты и бренды;как в эксель поставить;22698;0;;эксель;общий
конкуренты и бренды;как поставить в экселе;22698;0;;эксель;общий
язык задач — учёт;учет оборудования;22552;0;;учет оборудования;общий
конкуренты и бренды;открытый эксель;22528;0;;эксель;общий
конкуренты и бренды;открыть эксель;22417;0;;эксель;общий
конкуренты и бренды;перевести пдф в эксель;22365;0;;эксель;общий
конкуренты и бренды;переводим эксель в пдф;22365;0;;эксель;общий
конкуренты и бренды;в экселе автоматически;22353;0;;эксель;общий
конкуренты и бренды;excel число;22196;0;;excel;общий
конкуренты и бренды;в экселе можно;21922;0;;эксель;общий
конкуренты и бренды;как удалить в экселе;21636;0;;эксель;общий
конкуренты и бренды;как удалить в эксель;21636;0;;эксель;общий
конкуренты и бренды;экселе без;21339;0;;эксель;общий
конкуренты и бренды;эксель без;21339;0;;эксель;общий
язык задач — учёт;управленческий учет;21009;0;;управленческий учет;общий
конкуренты и бренды;в экселе формула в ячейке;20947;0;;эксель;общий
конкуренты и бренды;excel убрать;20839;0;;excel;общий
конкуренты и бренды;скачать эксель бесплатно;20676;0;;эксель;навигация
конкуренты и бренды;экселе скачать бесплатно;20676;0;;эксель;навигация
конкуренты и бренды;формат в экселе;20618;0;;эксель;общий
конкуренты и бренды;2 экселя;20438;0;;эксель;общий
конкуренты и бренды;экселе 2;20438;0;;эксель;общий
данные и справочники;мастер дам;20329;0;;мастер данные;общий
данные и справочники;дан мастер;20246;0;;мастер данные;общий
данные и справочники;дали мастер;20114;0;;мастер данные;общий
данные и справочники;дала мастеру;20033;0;;мастер данные;общий
данные и справочники;данного мастеров;20013;0;;мастер данные;общий
конкуренты и бренды;цвета эксель;19661;0;;эксель;общий
конкуренты и бренды;как выделить в экселе;19659;0;;эксель;общий
конкуренты и бренды;excel скачать бесплатно;19643;0;;excel;навигация
импортозамещение и закупка;как сделать свой сервер;19615;0;;свой сервер;общий
конкуренты и бренды;строчка в эксель;19592;0;;эксель;общий
конкуренты и бренды;строчки в экселе;19592;0;;эксель;общий
конкуренты и бренды;листы в excel;19431;0;;excel;общий
конкуренты и бренды;слово эксель;19155;0;;эксель;общий
конкуренты и бренды;эксель 1;19081;0;;эксель;общий
конкуренты и бренды;конвертер в эксель;18919;0;;эксель;общий
конкуренты и бренды;как сделать гугл таблицу;18754;0;;гугл таблицы;общий
конкуренты и бренды;как найти в экселе;18709;0;;эксель;общий
конкуренты и бренды;экселе объединить ячейку эксель;18692;0;;эксель;общий
конкуренты и бренды;ли в эксель;18516;0;;эксель;общий
конкуренты и бренды;фильтр в экселе;18331;0;;эксель;общий
конкуренты и бренды;фильтр в эксель;18331;0;;эксель;общий
конкуренты и бренды;клавиши эксель;18274;0;;эксель;общий
конкуренты и бренды;скопировать в экселе;18183;0;;эксель;общий
конкуренты и бренды;excel закрепить;18167;0;;excel;общий
конкуренты и бренды;скрыть эксель;18080;0;;эксель;общий
конкуренты и бренды;excel удаленная;18004;0;;excel;общий
конкуренты и бренды;количество в экселе;17948;0;;эксель;общий
конкуренты и бренды;количество в эксель;17948;0;;эксель;общий
конкуренты и бренды;дата excel;17585;0;;excel;общий
конкуренты и бренды;эксель выпадающий;17399;0;;эксель;общий
конкуренты и бренды;слова в экселе;17202;0;;эксель;общий
конкуренты и бренды;цвета в экселе;17170;0;;эксель;общий
конкуренты и бренды;создать в экселе;17104;0;;эксель;общий
конкуренты и бренды;гугл таблицы ячейка;16992;0;;гугл таблицы;общий
конкуренты и бренды;excel онлайн;16952;0;;excel;общий
конкуренты и бренды;преобразовать пдф в экселе;16935;0;;эксель;общий
конкуренты и бренды;преобразовать пдф в эксель;16935;0;;эксель;общий
конкуренты и бренды;пдф в эксель бесплатно;16760;0;;эксель;навигация
конкуренты и бренды;эксель буква;16707;0;;эксель;общий
язык задач — система/программа;программа для учета;16609;0;;программа для учета;общий
конкуренты и бренды;excel вставить;16371;0;;excel;общий
конкуренты и бренды;документ в экселе;16312;0;;эксель;общий
конкуренты и бренды;впр excel;16284;0;;excel;общий
конкуренты и бренды;эксель как сделать строку;16123;0;;эксель;общий
конкуренты и бренды;скрытые в эксель;16122;0;;эксель;общий
конкуренты и бренды;скрыть в экселе;16122;0;;эксель;общий
конкуренты и бренды;как скопировать в эксель;16045;0;;эксель;общий
конкуренты и бренды;гугл эксель;16033;0;;эксель;общий
конкуренты и бренды;строка в экселе в ячейке;15727;0;;эксель;общий
конкуренты и бренды;1 в экселе;15712;0;;эксель;общий
конкуренты и бренды;гугл таблицы вход;15697;0;;гугл таблицы;навигация
язык задач — учёт;учет ремонт;15427;0;;учет ремонтов;общий
конкуренты и бренды;как сделать строку в экселе;15423;0;;эксель;общий
конкуренты и бренды;нумерация в экселе;15397;0;;эксель;общий
конкуренты и бренды;нумерация в эксель;15397;0;;эксель;общий
импортозамещение и закупка;по великой отечественной;15339;0;;отечественное по;общий
конкуренты и бренды;печать в эксель;15244;0;;эксель;общий
конкуренты и бренды;буквы в экселе;15157;0;;эксель;общий
конкуренты и бренды;список в excel;15056;0;;excel;общий
конкуренты и бренды;эксель определить;15050;0;;эксель;общий
ии и новое;вайб кодинг;14907;0;;вайб кодинг;общий
конкуренты и бренды;эксель в разных;14808;0;;эксель;общий
конкуренты и бренды;как сделать список в экселе;14781;0;;эксель;общий
конкуренты и бренды;как сделать список в эксель;14781;0;;эксель;общий
конкуренты и бренды;выпадающий список в экселе;14730;0;;эксель;общий
конкуренты и бренды;выпадающий список в эксель;14730;0;;эксель;общий
язык задач — система/программа;системы документооборота;14725;0;;система документооборота;общий
конкуренты и бренды;день эксель;14721;0;;эксель;общий
конкуренты и бренды;конвертер пдф в эксель;14619;0;;эксель;общий
конкуренты и бренды;можно ли в экселе;14569;0;;эксель;общий
конкуренты и бренды;можно ли в эксель;14569;0;;эксель;общий
конкуренты и бренды;через эксель;14473;0;;эксель;общий
конкуренты и бренды;больше в экселе;14432;0;;эксель;общий
конкуренты и бренды;как разделить в экселе;14405;0;;эксель;общий
конкуренты и бренды;как разделить в эксель;14405;0;;эксель;общий
конкуренты и бренды;формат excel;14353;0;;excel;общий
конкуренты и бренды;эксель нова;14306;0;;эксель;общий
конкуренты и бренды;новый эксель;14280;0;;эксель;общий
конкуренты и бренды;экселе новая;14280;0;;эксель;общий
конкуренты и бренды;где в экселе;14084;0;;эксель;общий
конкуренты и бренды;где в эксель;14084;0;;эксель;общий
конкуренты и бренды;как переводить в экселе;14078;0;;эксель;общий
конкуренты и бренды;как переводить в эксель;14078;0;;эксель;общий
конкуренты и бренды;эксель между;13983;0;;эксель;общий
конкуренты и бренды;как объединить ячейки в экселе;13910;0;;эксель;общий
конкуренты и бренды;как объединить ячейки в эксель;13910;0;;эксель;общий
конкуренты и бренды;word excel;13865;0;;excel;общий
конкуренты и бренды;в экселе в ячейке значение;13845;0;;эксель;общий
конкуренты и бренды;сводная в excel;13690;0;;excel;общий
конкуренты и бренды;впр в экселе;13654;0;;эксель;общий
конкуренты и бренды;впр в эксель;13654;0;;эксель;общий
конкуренты и бренды;номер эксель;13578;0;;эксель;общий
конкуренты и бренды;excel объединить;13487;0;;excel;общий
конкуренты и бренды;эксель месяц;13471;0;;эксель;общий
конкуренты и бренды;клавиши в экселе;13426;0;;эксель;общий
конкуренты и бренды;размер эксель;13334;0;;эксель;общий
конкуренты и бренды;размеры экселе;13334;0;;эксель;общий
конкуренты и бренды;экселе перевод;13258;0;;эксель;общий
конкуренты и бренды;сводные таблицы в excel;13252;0;;excel;общий
конкуренты и бренды;эксель порядок;13215;0;;эксель;общий
конкуренты и бренды;как сделать столбцы в экселе;13210;0;;эксель;общий
конкуренты и бренды;как сделать столбцы в эксель;13210;0;;эксель;общий
конкуренты и бренды;эксель таблица ячейки;13182;0;;эксель;общий
конкуренты и бренды;excel добавить;13134;0;;excel;общий
конкуренты и бренды;график в экселе;13131;0;;эксель;общий
конкуренты и бренды;графики в эксель;13131;0;;эксель;общий
конкуренты и бренды;ссылка в экселе;13119;0;;эксель;общий
конкуренты и бренды;ссылка в эксель;13119;0;;эксель;общий
конкуренты и бренды;наибольший в эксель;13113;0;;эксель;общий
конкуренты и бренды;создать excel;13073;0;;excel;общий
конкуренты и бренды;excel текст ячейка;13070;0;;excel;общий
импортозамещение и закупка;великая отечественная война по;12942;0;;отечественное по;общий
конкуренты и бренды;формула ячейка в excel;12930;0;;excel;общий
конкуренты и бренды;одинаковые в эксель;12894;0;;эксель;общий
конкуренты и бренды;эксель формула число;12855;0;;эксель;общий
конкуренты и бренды;excel найти;12838;0;;excel;общий
конкуренты и бренды;перевод в эксель;12690;0;;эксель;общий
конкуренты и бренды;эксель быстро;12562;0;;эксель;общий
конкуренты и бренды;гугл таблица личный;12495;0;;гугл таблицы;общий
конкуренты и бренды;microsoft excel;12443;0;;excel;общий
конкуренты и бренды;эксель делать;12411;0;;эксель;общий
конкуренты и бренды;бланки excel;12360;0;;excel;общий
конкуренты и бренды;битрикс24 вход;12339;0;;битрикс24;навигация
конкуренты и бренды;гугл таблицы личный кабинет;12318;0;;гугл таблицы;навигация
конкуренты и бренды;excel online;12259;0;;excel;общий
конкуренты и бренды;эксель изменить;12214;0;;эксель;общий
язык задач — учёт;снятие с учета продажа;12154;0;;учет продаж;общий
конкуренты и бренды;между в экселе;12135;0;;эксель;общий
конкуренты и бренды;дни в экселе;12093;0;;эксель;общий
конкуренты и бренды;эксель года;12093;0;;эксель;общий
конкуренты и бренды;программа эксель;12015;0;;эксель;общий
конкуренты и бренды;программы эксел;12015;0;;эксель;общий
язык задач — система/программа;система отчетность;12010;0;;система отчетности;общий
конкуренты и бренды;как в экселе вставить таблицу;11999;0;;эксель;общий
конкуренты и бренды;как вставить таблицу в эксель;11999;0;;эксель;общий
конкуренты и бренды;кабинет битрикс24;11952;0;;битрикс24;общий
язык задач — учёт;снята с учета по договору;11930;0;;учет договоров;общий
язык задач — учёт;снять с учета по договору;11930;0;;учет договоров;общий
конкуренты и бренды;битрикс24 личный;11927;0;;битрикс24;общий
конкуренты и бренды;битрикс24 личный кабинет;11846;0;;битрикс24;навигация
конкуренты и бренды;1с предприятие 8;11820;0;;1с предприятие;общий
язык задач — учёт;складской учет;11801;0;;складской учет;общий
конкуренты и бренды;сумм в excel;11790;0;;excel;общий
конкуренты и бренды;скачать бланк excel;11780;0;;excel;навигация
язык задач — учёт;машина снята с учета после продажи;11768;0;;учет продаж;общий
язык задач — учёт;снять машину с учета после продажи;11768;0;;учет продаж;общий
язык задач — учёт;учет на производстве;11755;0;;учет производства;общий
конкуренты и бренды;создать гугл таблицу;11691;0;;гугл таблицы;общий
конкуренты и бренды;excel открыто;11681;0;;excel;общий
язык задач — учёт;как снять с учета после продажи;11638;0;;учет продаж;общий
конкуренты и бренды;открыть excel;11631;0;;excel;общий
язык задач — учёт;учет склада;11608;0;;учет склада;общий
конкуренты и бренды;google forms;11559;0;;google forms;общий
язык задач — учёт;учет автомобиль договор;11499;0;;учет договоров;общий
конкуренты и бренды;как удалить excel;11426;0;;excel;общий
данные и справочники;давай поженимся в хорошем качестве;11336;0;;качество данных;общий
язык задач — учёт;продажа снятого с учета автомобиля;11230;0;;учет продаж;общий
данные и справочники;давай поженимся бесплатно в хорошем качестве;11144;0;;качество данных;навигация
конкуренты и бренды;excel прокрутка;11128;0;;excel;общий
конкуренты и бренды;гугл таблица вход в личный;11118;0;;гугл таблицы;навигация
конкуренты и бренды;гугл таблица вход в личный кабинет;11105;0;;гугл таблицы;навигация
конкуренты и бренды;вход в битрикс24 в личный;11096;0;;битрикс24;навигация
данные и справочники;давай поженимся хорошее качество смотреть;11084;0;;качество данных;общий
конкуренты и бренды;вход в битрикс24 в личный кабинет;11081;0;;битрикс24;навигация
язык задач — система/программа;система электронного документооборота;11037;0;;система документооборота;общий
конкуренты и бренды;excel количество;10969;0;;excel;общий
данные и справочники;давай поженимся смотреть бесплатно в хорошем качестве;10963;0;;качество данных;навигация
язык задач — учёт;обращение учет;10833;0;;учет обращений;общий
импортозамещение и закупка;как создать свой сервер в майнкрафт;10732;0;;свой сервер;общий
конкуренты и бренды;excel 2;10505;0;;excel;общий
конкуренты и бренды;как сделать таблицу в excel;10404;0;;excel;общий
конкуренты и бренды;1с бухгалтерия предприятия;10318;0;;1с предприятие;общий
конкуренты и бренды;excel скрыть;10299;0;;excel;общий
конкуренты и бренды;значение ячейки excel;10243;0;;excel;общий
язык задач — учёт;кадровый учет;10201;0;;кадровый учет;общий
язык задач — учёт;снять с учета по купле продаже;9806;0;;учет продаж;общий
данные и справочники;давай найдем друг друга хорошем качестве;9700;0;;качество данных;общий
конкуренты и бренды;как посчитать в excel;9676;0;;excel;общий
конкуренты и бренды;документ excel;9656;0;;excel;общий
конкуренты и бренды;excel таблица строк;9634;0;;excel;общий
импортозамещение и закупка;реестр отечественного по;9461;0;;реестр отечественного по;общий
конкуренты и бренды;клавиша excel;9370;0;;excel;общий
язык задач — система/программа;система индивидуального учета;9318;0;;система учета;общий
конкуренты и бренды;закрепить строку в excel;9236;0;;excel;общий
язык задач — учёт;автомобиль договор купля продажа учет;9216;0;;учет договоров;общий
язык задач — учёт;воинский учет сотрудников;9172;0;;учет сотрудников;общий
конкуренты и бренды;строка гугл таблицы;9146;0;;гугл таблицы;общий
конкуренты и бренды;закрепить прокрутку excel;9071;0;;excel;общий
данные и справочники;давай поженимся онлайн бесплатно в хорошем качестве;8925;0;;качество данных;навигация
язык задач — учёт;автомобиль с учета после продажи;8897;0;;учет продаж;общий
конкуренты и бренды;как сделать ячейку в ячейке в excel;8847;0;;excel;общий
данные и справочники;давай поженимся выпуски в хорошем качестве;8732;0;;качество данных;общий
конкуренты и бренды;шаблоны excel;8731;0;;excel;общий
язык задач — учёт;продажа авто снятой с учета;8717;0;;учет продаж;общий
язык задач — система/программа;система персонифицированного учета;8704;0;;система учета;общий
конкуренты и бренды;excel выпадающий;8697;0;;excel;общий
данные и справочники;давай смотреть фильмы в хорошем качестве;8605;0;;качество данных;общий
конкуренты и бренды;страница excel;8477;0;;excel;общий
конкуренты и бренды;excel цвет;8441;0;;excel;общий
конкуренты и бренды;строка в ячейке excel;8430;0;;excel;общий
язык задач — система/программа;crm система что это такое;8302;0;;crm система;учебное
конкуренты и бренды;проценты в excel;8233;0;;excel;общий
конкуренты и бренды;таблица данных в excel;8117;0;;excel;общий
конкуренты и бренды;excel автоматически;8096;0;;excel;общий
конкуренты и бренды;работа в excel;7950;0;;excel;общий
конкуренты и бренды;excel можно;7946;0;;excel;общий
язык задач — учёт;бухгалтерский финансовый учет;7894;0;;финансовый учет;общий
конкуренты и бренды;макросы в excel;7814;0;;excel;общий
конкуренты и бренды;excel без;7803;0;;excel;общий
конкуренты и бренды;фильтр в excel;7771;0;;excel;общий
язык задач — учёт;машина снята с учета по договору;7714;0;;учет договоров;общий
конкуренты и бренды;программа excel;7617;0;;excel;общий
конкуренты и бренды;книга excel;7464;0;;excel;общий
конкуренты и бренды;1с предприятие скачать;7458;0;;1с предприятие;навигация
импортозамещение и закупка;свой сервер бесплатно;7389;0;;свой сервер;навигация
конкуренты и бренды;excel ячейка таблицы;7346;0;;excel;общий
конкуренты и бренды;гугл эксель таблица;7344;0;;гугл таблицы;общий
конкуренты и бренды;excel между;7336;0;;excel;общий
конкуренты и бренды;excel расчет;7335;0;;excel;общий
конкуренты и бренды;столбец гугл таблицы;7251;0;;гугл таблицы;общий
язык задач — учёт;постановка на учет договор на договор;7245;0;;учет договоров;общий
конкуренты и бренды;excel цифрами;7240;0;;excel;общий
конкуренты и бренды;преобразовать в excel;7229;0;;excel;общий
конкуренты и бренды;1с excel;7226;0;;excel;общий
конкуренты и бренды;excel разделить;7184;0;;excel;общий
конкуренты и бренды;выпадающий список в excel;7126;0;;excel;общий
конкуренты и бренды;notion скачать;7091;0;;notion;навигация
конкуренты и бренды;графики в excel;7087;0;;excel;общий
конкуренты и бренды;диаграммы в excel;7054;0;;excel;общий
язык задач — система/программа;системы регистрации учета;7011;0;;система учета;общий
конкуренты и бренды;excel строка прокрутки;6996;0;;excel;общий
язык задач — система/программа;учет информационной системы;6989;0;;система учета;общий
язык задач — учёт;закупки учет;6982;0;;учет закупок;общий
конкуренты и бренды;excel изменить;6971;0;;excel;общий
конкуренты и бренды;перевести в excel;6947;0;;excel;общий
конкуренты и бренды;1с управление предприятием;6916;0;;1с предприятие;общий
язык задач — учёт;снять машину с учета по договору купли;6864;0;;учет договоров;общий
конкуренты и бренды;формулы в гугл таблицах;6853;0;;гугл таблицы;общий
конкуренты и бренды;excel пробел;6808;0;;excel;общий
конкуренты и бренды;excel перенести;6772;0;;excel;общий
конкуренты и бренды;почему в excel;6650;0;;excel;общий
конкуренты и бренды;excel выбрать;6517;0;;excel;выбор
конкуренты и бренды;excel 2026;6443;0;;excel;общий
конкуренты и бренды;excel учет;6352;0;;excel;общий
конкуренты и бренды;excel время;6303;0;;excel;общий
язык задач — система/программа;системы учета документов;6276;0;;система учета;общий
конкуренты и бренды;закрепить строку в excel при прокрутке;6274;0;;excel;общий
конкуренты и бренды;ссылка в excel;6274;0;;excel;общий
конкуренты и бренды;сравнить в excel;6206;0;;excel;общий
язык задач — система/программа;система учета государственная;6201;0;;система учета;общий
данные и справочники;справочник номенклатуры;6192;0;;справочник номенклатуры;общий
конкуренты и бренды;excel русский;6173;0;;excel;общий
конкуренты и бренды;символы в excel;6173;0;;excel;общий
конкуренты и бренды;excel повторяющиеся;6070;0;;excel;общий
конкуренты и бренды;excel формула значений;6063;0;;excel;общий
конкуренты и бренды;excel диапазоны;6027;0;;excel;общий
конкуренты и бренды;excel сохранить;6010;0;;excel;общий
конкуренты и бренды;печать excel;6001;0;;excel;общий
конкуренты и бренды;excel год года лет;5969;0;;excel;общий
конкуренты и бренды;power excel;5949;0;;excel;общий
конкуренты и бренды;через excel;5940;0;;excel;общий
язык задач — учёт;снятие с учета после продажи;5936;0;;учет продаж;общий
язык задач — учёт;учет клиентов;5929;0;;учет клиентов;общий
конкуренты и бренды;курсы excel;5868;0;;excel;учебное
конкуренты и бренды;ms excel;5846;0;;excel;общий
конкуренты и бренды;pdf to excel;5827;0;;excel;общий
язык задач — учёт;учет время сотрудник;5803;0;;учет сотрудников;общий
конкуренты и бренды;excel разный;5779;0;;excel;общий
конкуренты и бренды;новейший excel;5752;0;;excel;общий
конкуренты и бренды;excel перенос;5742;0;;excel;общий
конкуренты и бренды;excel горячие;5709;0;;excel;общий
язык задач — учёт;снят с учета автомобиль после продажи;5626;0;;учет продаж;общий
конкуренты и бренды;конвертировать в excel;5615;0;;excel;общий
конкуренты и бренды;гугл таблицы скачать;5603;0;;гугл таблицы;навигация
конкуренты и бренды;горячие клавиши excel;5600;0;;excel;общий
конкуренты и бренды;больше excel;5598;0;;excel;общий
конкуренты и бренды;excel снять;5594;0;;excel;общий
конкуренты и бренды;excel образцы;5585;0;;excel;общий
конкуренты и бренды;forms google com;5583;0;;google forms;общий
конкуренты и бренды;столбцы таблицы excel;5570;0;;excel;общий
конкуренты и бренды;где excel;5529;0;;excel;общий
язык задач — система/программа;система управления проектами;5526;0;;система управления проектами;общий
импортозамещение и закупка;роблокс свой сервер;5465;0;;свой сервер;общий
язык задач — учёт;снять с учета при продаже;5459;0;;учет продаж;общий
язык задач — учёт;1с учет товара;5457;0;;учет товаров;общий
конкуренты и бренды;как объединить ячейки в excel;5395;0;;excel;общий
конкуренты и бренды;excel для чайников;5367;0;;excel;учебное
конкуренты и бренды;excel месяц;5356;0;;excel;общий
конкуренты и бренды;функция впр в excel;5315;0;;excel;общий
конкуренты и бренды;сервер 1с предприятие;5291;0;;1с предприятие;общий
конкуренты и бренды;excel размеры;5289;0;;excel;общий
конкуренты и бренды;excel совпадение;5264;0;;excel;общий
язык задач — учёт;снять авто с учета после продажи;5243;0;;учет продаж;общий
конкуренты и бренды;1с предприятие версии;5215;0;;1с предприятие;общий
язык задач — система/программа;организация систем учета;5189;0;;система учета;общий
конкуренты и бренды;слово excel;5139;0;;excel;общий
конкуренты и бренды;microsoft access;5117;0;;microsoft access;общий
язык задач — учёт;рабочий сотрудник учет;5115;0;;учет сотрудников;общий
конкуренты и бренды;excel g;5113;0;;excel;общий
конкуренты и бренды;текст гугл таблица;5112;0;;гугл таблицы;общий
конкуренты и бренды;рабочий excel;5107;0;;excel;общий
конкуренты и бренды;excel содержимое;5104;0;;excel;общий
язык задач — система/программа;система учета работы;5046;0;;система учета;общий
язык задач — учёт;бухгалтерский учет договора;5035;0;;учет договоров;общий
конкуренты и бренды;формы в excel;5034;0;;excel;общий
импортозамещение и закупка;создать свой сервер бесплатно;4992;0;;свой сервер;навигация
конкуренты и бренды;excel области;4982;0;;excel;общий
язык задач — учёт;госуслуги снять с учета после продажи;4974;0;;учет продаж;общий
конкуренты и бренды;excel дня дней;4967;0;;excel;общий
конкуренты и бренды;поиск в excel;4964;0;;excel;общий
конкуренты и бренды;1с предприятие где;4940;0;;1с предприятие;общий
конкуренты и бренды;формула столбец в excel;4922;0;;excel;общий
конкуренты и бренды;гугл таблицы данные;4910;0;;гугл таблицы;общий
импортозамещение и закупка;свой сервер на пк;4903;0;;свой сервер;общий
конкуренты и бренды;excel 10;4893;0;;excel;общий
импортозамещение и закупка;как сделать свой сервер в майнкрафте;4886;0;;свой сервер;общий
конкуренты и бренды;google excel;4885;0;;excel;общий
конкуренты и бренды;формы excel скачать;4865;0;;excel;навигация
конкуренты и бренды;установить excel;4855;0;;excel;общий
конкуренты и бренды;установленный excel;4855;0;;excel;общий
язык задач — учёт;авто учет договор;4837;0;;учет договоров;общий
создание и внедрение;автоматизация учета;4805;0;;автоматизация учета;общий
конкуренты и бренды;excel заполнять;4798;0;;excel;общий
конкуренты и бренды;docs google form;4794;0;;google forms;общий
конкуренты и бренды;формулы таблицы excel;4790;0;;excel;общий
конкуренты и бренды;данные ячейки excel;4766;0;;excel;общий
язык задач — система/программа;регистрацию в системе индивидуального персонифицированного учета;4738;0;;система учета;общий
конкуренты и бренды;включи excel;4734;0;;excel;общий
конкуренты и бренды;docs google com forms;4722;0;;google forms;общий
конкуренты и бренды;покажи excel;4704;0;;excel;общий
конкуренты и бренды;excel 3;4703;0;;excel;общий
конкуренты и бренды;знаки excel;4696;0;;excel;общий
конкуренты и бренды;программа 1с предприятие;4696;0;;1с предприятие;общий
конкуренты и бренды;tableau;4690;0;;tableau;общий
конкуренты и бренды;как скопировать в excel;4682;0;;excel;общий
конкуренты и бренды;excel пошаговое;4677;0;;excel;учебное
импортозамещение и закупка;свой сервер майнкрафт бесплатно;4672;0;;свой сервер;навигация
конкуренты и бренды;https google forms;4662;0;;google forms;общий
язык задач — учёт;снять с учета без продажи;4660;0;;учет продаж;общий
конкуренты и бренды;google com forms d;4618;0;;google forms;общий
конкуренты и бренды;docs google forms d;4610;0;;google forms;общий
конкуренты и бренды;docs google com forms d;4593;0;;google forms;общий
конкуренты и бренды;открыть файл excel;4586;0;;excel;общий
конкуренты и бренды;window excel;4585;0;;excel;общий
конкуренты и бренды;windows excel;4585;0;;excel;общий
конкуренты и бренды;https google com forms;4585;0;;google forms;общий
конкуренты и бренды;первый excel;4580;0;;excel;общий
язык задач — учёт;учет рабочего времени сотрудников;4577;0;;учет сотрудников;общий
данные и справочники;давай не качество смотреть бесплатно;4556;0;;качество данных;навигация
конкуренты и бренды;как поставить в excel;4526;0;;excel;общий
язык задач — учёт;договор снять с учета автомобиль;4518;0;;учет договоров;общий
язык задач — учёт;учет заказов;4517;0;;учет заказов;общий
конкуренты и бренды;excel формула число;4511;0;;excel;общий
язык задач — учёт;учет продаж документы;4504;0;;учет продаж;общий
конкуренты и бренды;https docs google forms;4496;0;;google forms;общий
конкуренты и бренды;https docs google com forms;4475;0;;google forms;общий
конкуренты и бренды;защита excel;4473;0;;excel;общий
конкуренты и бренды;excel буквы;4447;0;;excel;общий
язык задач — учёт;учет несчастных случаев на производстве;4443;0;;учет производства;общий
язык задач — учёт;счета учета затрат;4442;0;;учет затрат;общий
конкуренты и бренды;бланки excel скачать бесплатно;4419;0;;excel;навигация
конкуренты и бренды;https google com forms d;4404;0;;google forms;общий
конкуренты и бренды;https docs google com forms d;4384;0;;google forms;общий
конкуренты и бренды;убрать в ячейке excel;4370;0;;excel;общий
конкуренты и бренды;excel быстро;4358;0;;excel;общий
конкуренты и бренды;как сделать список в excel;4338;0;;excel;общий
конкуренты и бренды;excel пошаговая инструкция;4335;0;;excel;учебное
конкуренты и бренды;d excel;4334;0;;excel;общий
язык задач — система/программа;федеральная система учета;4320;0;;система учета;общий
конкуренты и бренды;нужен excel;4305;0;;excel;общий
конкуренты и бренды;выборы excel;4240;0;;excel;выбор
импортозамещение и закупка;свой сервер раст;4237;0;;свой сервер;общий
конкуренты и бренды;excel выбор;4236;0;;excel;выбор
конкуренты и бренды;гугл таблица в экселе;4234;0;;гугл таблицы;общий
конкуренты и бренды;excel общий;4216;0;;excel;общий
импортозамещение и закупка;играй свой сервер;4216;0;;свой сервер;общий
язык задач — система/программа;системы регистрации учет документов;4198;0;;система учета;общий
язык задач — учёт;учет финансовых результатов;4197;0;;финансовый учет;общий
конкуренты и бренды;excel ответы;4194;0;;excel;общий
конкуренты и бренды;форматирование excel;4186;0;;excel;общий
конкуренты и бренды;значение гугл таблицы;4183;0;;гугл таблицы;общий
конкуренты и бренды;поменять в excel;4179;0;;excel;общий
конкуренты и бренды;excel помощь;4162;0;;excel;общий
конкуренты и бренды;сравнить два excel;4153;0;;excel;общий
язык задач — система/программа;bi системы;4148;0;;bi система;общий
конкуренты и бренды;лист гугл таблицы;4136;0;;гугл таблицы;общий
язык задач — учёт;купля продажа автомобиля снятого с учета;4125;0;;учет продаж;общий
язык задач — учёт;снять с учета купли продажи автомобиля;4125;0;;учет продаж;общий
конкуренты и бренды;редактирование excel;4098;0;;excel;общий
язык задач — учёт;учет трудовых договоров;4097;0;;учет договоров;общий
язык задач — система/программа;система индивидуального учета документ;4096;0;;система учета;общий
конкуренты и бренды;вставить ячейку в excel;4094;0;;excel;общий
язык задач — учёт;счета учета товаров;4083;0;;учет товаров;общий
конкуренты и бренды;формула суммы в excel;4064;0;;excel;общий
язык задач — учёт;договор купли продажи постановка на учет;4055;0;;учет договоров;общий
конкуренты и бренды;повторяющиеся значения в excel;3997;0;;excel;общий
конкуренты и бренды;как сделать строки в excel;3996;0;;excel;общий
язык задач — учёт;как снять машину с учета по договору;3996;0;;учет договоров;общий
язык задач — учёт;журнал учета оборудования;3996;0;;учет оборудования;общий
импортозамещение и закупка;свой сервер на телефоне;3996;0;;свой сервер;общий
конкуренты и бренды;как работать в excel;3990;0;;excel;общий
язык задач — система/программа;документ регистрации в системе индивидуального учета;3959;0;;система учета;общий
конкуренты и бренды;лист excel таблицы;3950;0;;excel;общий
конкуренты и бренды;excel 2026 скачать;3944;0;;excel;навигация
конкуренты и бренды;excel ем;3908;0;;excel;общий
язык задач — система/программа;подтверждающий регистрацию в системе индивидуального учета;3900;0;;система учета;общий
конкуренты и бренды;excel список в ячейке;3895;0;;excel;общий
язык задач — система/программа;документ подтверждающий регистрацию в системе учета;3895;0;;система учета;общий
конкуренты и бренды;расходы excel;3886;0;;excel;общий
язык задач — учёт;учет договоров аренды;3876;0;;учет договоров;общий
конкуренты и бренды;как переводить в excel;3860;0;;excel;общий
конкуренты и бренды;создание excel;3855;0;;excel;общий
язык задач — система/программа;документ подтверждающий в системе индивидуального учета;3854;0;;система учета;общий
данные и справочники;качество данных вопросы;3849;0;;качество данных;общий
язык задач — учёт;учет финансовой отчетности;3846;0;;финансовый учет;общий
язык задач — система/программа;программа для магазина;3845;0;;программа для магазина;общий
конкуренты и бренды;части excel;3837;0;;excel;общий
язык задач — система/программа;документ подтверждающий регистрацию в системе индивидуального учета;3837;0;;система учета;общий
конкуренты и бренды;версии excel;3823;0;;excel;общий
язык задач — система/программа;система учетом данных;3808;0;;система учета;общий
конкуренты и бренды;google com forms d e;3770;0;;google forms;общий
конкуренты и бренды;docs google com forms d e;3760;0;;google forms;общий
конкуренты и бренды;нумерация в excel;3756;0;;excel;общий
конкуренты и бренды;excel задать;3741;0;;excel;общий
конкуренты и бренды;настроить excel;3734;0;;excel;общий
создание и внедрение;внедрение информационных систем;3732;0;;внедрение информационной системы;покупка
конкуренты и бренды;сортировка в excel;3710;0;;excel;общий
конкуренты и бренды;amocrm ru;3700;0;;amocrm;общий
конкуренты и бренды;приложение excel;3699;0;;excel;общий
язык задач — учёт;учет заключенных договоров;3681;0;;учет договоров;общий
конкуренты и бренды;c excel;3646;0;;excel;общий
импортозамещение и закупка;сервер майнкрафт на своем пк;3646;0;;свой сервер;общий
конкуренты и бренды;kyb excel;3643;0;;excel;общий
импортозамещение и закупка;свой сервер атернос;3624;0;;свой сервер;общий
конкуренты и бренды;формула процентов в excel;3619;0;;excel;общий
конкуренты и бренды;viewform google forms;3614;0;;google forms;общий
язык задач — система/программа;система индивидуального персонифицированного учета документ;3606;0;;система учета;общий
конкуренты и бренды;excel заполнение;3600;0;;excel;общий
конкуренты и бренды;excel как сделать столбца;3594;0;;excel;общий
конкуренты и бренды;как вставить таблицу в гугл таблицу;3575;0;;гугл таблицы;общий
конкуренты и бренды;excel 2016;3573;0;;excel;общий
конкуренты и бренды;excel обучение;3573;0;;excel;учебное
конкуренты и бренды;https google com forms d e;3571;0;;google forms;общий
конкуренты и бренды;https docs google forms d e;3571;0;;google forms;общий
конкуренты и бренды;восстановить excel;3568;0;;excel;общий
конкуренты и бренды;https docs google com forms e;3567;0;;google forms;общий
язык задач — система/программа;документ регистрации в системе персонифицированного учета;3567;0;;система учета;общий
конкуренты и бренды;https docs google com forms d e;3566;0;;google forms;общий
данные и справочники;регистрация данных качества;3560;0;;качество данных;общий
конкуренты и бренды;kyb excel g;3558;0;;excel;общий
создание и внедрение;конструктор приложений;3551;0;;конструктор приложений;общий
конкуренты и бренды;сумма столбца в excel;3532;0;;excel;общий
язык задач — система/программа;государственной информационной системы учета;3531;0;;система учета;общий
импортозамещение и закупка;добавляйте свои сервера;3526;0;;свой сервер;общий
конкуренты и бренды;как сделать сводную в excel;3510;0;;excel;общий
конкуренты и бренды;база предприятия 1с;3501;0;;1с предприятие;общий
конкуренты и бренды;1с предприятие 3;3498;0;;1с предприятие;общий
язык задач — система/программа;система бухгалтерского учета;3493;0;;система учета;общий
конкуренты и бренды;гугл таблицы почему;3479;0;;гугл таблицы;общий
язык задач — система/программа;подтверждающий регистрацию в системе индивидуального персонифицированного учета;3479;0;;система учета;общий
язык задач — учёт;учет авто договор купля;3476;0;;учет договоров;общий
язык задач — учёт;организация учета договоров;3464;0;;учет договоров;общий
язык задач — система/программа;документ подтверждающий регистрацию в системе персонифицированного учета;3460;0;;система учета;общий
конкуренты и бренды;как сделать ячейки в гугл таблице;3443;0;;гугл таблицы;общий
язык задач — система/программа;erp система что это такое;3426;0;;erp система;учебное
задачи и боли Excel;сводная таблица в excel как сделать;3425;0;;сводные таблицы excel;общий
язык задач — система/программа;единая система учета;3405;0;;система учета;общий
конкуренты и бренды;какая 1с предприятие;3378;0;;1с предприятие;общий
конкуренты и бренды;notion песня;3368;0;;notion;общий
конкуренты и бренды;1с предприятие платформа;3368;0;;1с предприятие;общий
данные и справочники;качество данных 2026;3357;0;;качество данных;общий
конкуренты и бренды;гугл таблица телефон;3352;0;;гугл таблицы;общий
язык задач — система/программа;программа для склада;3347;0;;программа для склада;общий
создание и внедрение;автоматизация бизнес процессов;3346;0;;автоматизация бизнес процессов;общий
конкуренты и бренды;notion the rare;3327;0;;notion;общий
язык задач — учёт;учет работы сотрудников;3311;0;;учет сотрудников;общий
язык задач — учёт;договор купли продажи авто учет;3297;0;;учет договоров;общий
конкуренты и бренды;occasion notion;3285;0;;notion;общий
импортозамещение и закупка;свой впн сервер;3282;0;;свой сервер;общий
язык задач — учёт;1с учет договоров;3281;0;;учет договоров;общий
язык задач — учёт;продажа машины без учета;3278;0;;учет продаж;общий
данные и справочники;выберите качества данных;3277;0;;качество данных;общий
импортозамещение и закупка;великой отечественной войны по фамилии;3276;0;;отечественное по;общий
конкуренты и бренды;notion ai;3264;0;;notion;общий
конкуренты и бренды;гугл таблицы войти;3254;0;;гугл таблицы;навигация
конкуренты и бренды;the rare occasions notion;3220;0;;notion;общий
язык задач — учёт;снятие с учета автомобиля после продажи;3208;0;;учет продаж;общий
язык задач — учёт;учет договоров счетов;3206;0;;учет договоров;общий
конкуренты и бренды;1с предприятие отчеты;3200;0;;1с предприятие;общий
язык задач — учёт;налоговый учет товаров;3187;0;;учет товаров;общий
язык задач — учёт;учет сотрудников организации;3170;0;;учет сотрудников;общий
язык задач — учёт;учет товаров услуг;3164;0;;учет товаров;общий
язык задач — учёт;постановка на учет автомобиля договор;3164;0;;учет договоров;общий
данные и справочники;дала мастеру на час;3149;0;;мастер данные;общий
конкуренты и бренды;1с предприятие документы;3148;0;;1с предприятие;общий
язык задач — учёт;поставить машину на учет по договору;3144;0;;учет договоров;общий
язык задач — учёт;учет производства работ;3136;0;;учет производства;общий
конкуренты и бренды;система 1с предприятие;3134;0;;1с предприятие;общий
конкуренты и бренды;1с предприятие 2 2;3120;0;;1с предприятие;общий
язык задач — система/программа;система сдачи отчетности;3111;0;;система отчетности;общий
импортозамещение и закупка;закупки заказчиком по 223 фз;3107;0;;закупка по 223 фз;общий
конкуренты и бренды;1с предприятие счета;3105;0;;1с предприятие;общий
конкуренты и бренды;1с предприятие 8.3 скачать;3102;0;;1с предприятие;навигация
конкуренты и бренды;гугл таблицы даты;3085;0;;гугл таблицы;общий
импортозамещение и закупка;закупки по 44 223 фз;3069;0;;закупка по 223 фз;общий
конкуренты и бренды;1с предприятия учет;3061;0;;1с предприятие;общий
язык задач — система/программа;автоматизированная система учета;3058;0;;система учета;общий
ии и новое;создание ии агента;3057;0;;ии агент;общий
язык задач — учёт;учет капитального ремонта;3031;0;;учет ремонтов;общий
язык задач — система/программа;система налоговой отчетности;3016;0;;система отчетности;общий
язык задач — система/программа;система учета информации;2992;0;;система учета;общий
язык задач — учёт;финансовый учет организации;2961;0;;финансовый учет;общий
создание и внедрение;техническое задание на технический систему;2953;0;;техническое задание на систему;общий
язык задач — система/программа;mes система;2946;0;;mes система;общий
язык задач — учёт;как снять автомобиль с учета после продажи;2911;0;;учет продаж;общий
импортозамещение и закупка;поиск по великой отечественной;2908;0;;отечественное по;общий
конкуренты и бренды;шаблоны гугл таблиц;2904;0;;гугл таблицы;общий
язык задач — учёт;финансовый учет счета;2887;0;;финансовый учет;общий
данные и справочники;скачать песню в хорошем качестве давай;2886;0;;качество данных;навигация
язык задач — учёт;купля продажа постановка на учет автомобиля;2878;0;;учет продаж;общий
конкуренты и бренды;удаленные таблицы гугл;2868;0;;гугл таблицы;общий
язык задач — учёт;учет затрат в бухгалтерском учете;2851;0;;учет затрат;общий
импортозамещение и закупка;свой vpn сервер;2842;0;;свой сервер;общий
конкуренты и бренды;список в гугл таблицах;2840;0;;гугл таблицы;общий
язык задач — система/программа;российская система учета;2836;0;;система учета;общий
язык задач — учёт;договор в налоговом учете;2827;0;;учет договоров;общий
импортозамещение и закупка;on premise;2827;0;;on premise;общий
конкуренты и бренды;https amocrm;2826;0;;amocrm;общий
конкуренты и бренды;лицензия 1с предприятие;2824;0;;1с предприятие;общий
импортозамещение и закупка;какие закупки по 223 фз;2815;0;;закупка по 223 фз;общий
язык задач — система/программа;система управления учетом;2798;0;;система учета;общий
конкуренты и бренды;https amocrm ru;2786;0;;amocrm;общий
язык задач — учёт;учет обращения с отходами;2784;0;;учет обращений;общий
язык задач — учёт;снять с учета без договора;2779;0;;учет договоров;общий
импортозамещение и закупка;великая отечественная поиск по фамилии;2766;0;;отечественное по;общий
язык задач — учёт;постановка на учет по договору купли;2744;0;;учет договоров;общий
данные и справочники;сопоставление номенклатуры;2738;0;;сопоставление номенклатуры;общий
язык задач — система/программа;система учета и контроля;2725;0;;система учета;общий
язык задач — учёт;снять с учета автомобиль по договору купли;2716;0;;учет договоров;общий
конкуренты и бренды;1с предприятие 3.0;2709;0;;1с предприятие;общий
язык задач — учёт;учет финансовой деятельности;2707;0;;финансовый учет;общий
язык задач — система/программа;системы учета времени;2697;0;;система учета;общий
импортозамещение и закупка;лаунчер свой сервер;2666;0;;свой сервер;общий
импортозамещение и закупка;создать свой сервер в майнкрафт бесплатно;2646;0;;свой сервер;навигация
конкуренты и бренды;1с предприятие 8.5;2644;0;;1с предприятие;общий
язык задач — учёт;учет продажи товаров;2644;0;;учет товаров;общий
язык задач — учёт;учет сотрудников военкомата;2613;0;;учет сотрудников;общий
конкуренты и бренды;скачать битрикс24;2608;0;;битрикс24;навигация
конкуренты и бренды;как добавить таблицу в гугл таблицы;2588;0;;гугл таблицы;общий
язык задач — система/программа;регистрация в системе отчетности;2583;0;;система отчетности;общий
язык задач — учёт;учет товаров в бухгалтерском учете;2582;0;;учет товаров;общий
импортозамещение и закупка;как узнать свой сервер;2574;0;;свой сервер;общий
конкуренты и бренды;1с erp управление предприятием;2572;0;;1с предприятие;общий
импортозамещение и закупка;по отечественной истории;2565;0;;отечественное по;общий
импортозамещение и закупка;положение о закупках по 223 фз;2547;0;;закупка по 223 фз;общий
язык задач — учёт;1с учет продаж;2530;0;;учет продаж;общий
язык задач — система/программа;система сдачи налоговой отчетности;2524;0;;система отчетности;общий
конкуренты и бренды;гугл документы таблицы;2519;0;;гугл таблицы;общий
язык задач — система/программа;программа для учета детей;2519;0;;программа для учета;общий
язык задач — система/программа;системы учета труда;2505;0;;система учета;общий
конкуренты и бренды;ошибка 1с предприятие;2504;0;;1с предприятие;проблема
задачи и боли Excel;впр примеры excel;2500;0;;впр excel;учебное
язык задач — учёт;счет учета продаж;2498;0;;учет продаж;общий
язык задач — система/программа;система учета рабочего;2497;0;;система учета;общий
язык задач — учёт;учет затрат налогов;2496;0;;учет затрат;общий
конкуренты и бренды;1 1с предприятие;2479;0;;1с предприятие;общий
конкуренты и бренды;1с предприятие товары;2474;0;;1с предприятие;общий
импортозамещение и закупка;закон по закупкам 223 фз;2474;0;;закупка по 223 фз;общий
язык задач — система/программа;регистрация в системе сдачи отчетности;2458;0;;система отчетности;общий
импортозамещение и закупка;импортозамещение по;2458;0;;импортозамещение по;общий
язык задач — система/программа;электронные документы система электронного документооборота;2456;0;;система документооборота;общий
конкуренты и бренды;notion приложение;2451;0;;notion;общий
ии и новое;как создать ии агента;2449;0;;ии агент;общий
данные и справочники;давай поженимся бесплатно в хорошем качестве 2026;2449;0;;качество данных;навигация
импортозамещение и закупка;команды на своем сервере;2446;0;;свой сервер;общий
язык задач — учёт;финансовый учет налогов;2445;0;;финансовый учет;общий
язык задач — учёт;расследование и учет несчастных случаев на производстве;2437;0;;учет производства;общий
импортозамещение и закупка;память по великой отечественной;2423;0;;отечественное по;общий
язык задач — учёт;учет товара документы;2420;0;;учет товаров;общий
конкуренты и бренды;редакции 1с предприятие;2413;0;;1с предприятие;общий
импортозамещение и закупка;книги по отечественной;2413;0;;отечественное по;общий
конкуренты и бренды;1с битрикс24;2407;0;;битрикс24;общий
язык задач — учёт;бухгалтерский учет продаж;2397;0;;учет продаж;общий
язык задач — учёт;постановка на учет по купле продаже;2390;0;;учет продаж;общий
конкуренты и бренды;файлы гугл таблицы;2387;0;;гугл таблицы;общий
конкуренты и бренды;1с предприятие сотрудники;2384;0;;1с предприятие;общий
импортозамещение и закупка;свой сервер майнкрафт на телефоне;2367;0;;свой сервер;общий
данные и справочники;система качества данных;2365;0;;качество данных;общий
конкуренты и бренды;число гугл таблица;2364;0;;гугл таблицы;общий
конкуренты и бренды;1с предприятие бесплатно;2358;0;;1с предприятие;навигация
конкуренты и бренды;1с предприятие 8 3;2350;0;;1с предприятие;общий
язык задач — система/программа;программы для учета в образовании;2344;0;;программа для учета;общий
язык задач — учёт;учет перемещения товаров;2343;0;;учет товаров;общий
язык задач — система/программа;выбрать программу для учета;2343;0;;программа для учета;выбор
импортозамещение и закупка;великая отечественная по годам;2343;0;;отечественное по;общий
язык задач — учёт;поставили на учет машину после продажи;2339;0;;учет продаж;общий
язык задач — система/программа;оценка системы учета;2337;0;;система учета;общий
язык задач — учёт;снять машину с учета без продажи;2331;0;;учет продаж;общий
язык задач — учёт;учет товаров формы;2330;0;;учет товаров;общий
импортозамещение и закупка;minecraft сервера свой;2326;0;;свой сервер;общий
конкуренты и бренды;таблица цветов гугл;2324;0;;гугл таблицы;общий
конкуренты и бренды;цвета гугл таблицы;2322;0;;гугл таблицы;общий
язык задач — система/программа;система самостоятельной сдачи отчетности;2321;0;;система отчетности;общий
язык задач — система/программа;регистрация в системе сдачи налоговой отчетности;2320;0;;система отчетности;общий
конкуренты и бренды;1с предприятия как сделать;2307;0;;1с предприятие;общий
язык задач — система/программа;система самостоятельной сдачи налоговой отчетности;2289;0;;система отчетности;общий
язык задач — система/программа;регистрация в системе самостоятельной сдачи отчетности;2288;0;;система отчетности;общий
язык задач — система/программа;федеральная система учета информационных систем;2268;0;;система учета;общий
конкуренты и бренды;открытая гугл таблица;2264;0;;гугл таблицы;общий
конкуренты и бренды;гугл таблицы открыть;2258;0;;гугл таблицы;общий
язык задач — учёт;1с учет сотрудников;2254;0;;учет сотрудников;общий
импортозамещение и закупка;можно создать свой сервер;2244;0;;свой сервер;общий
задачи и боли Excel;впр инструкция excel;2236;0;;впр excel;учебное
ии и новое;бесплатный ии агент;2223;0;;ии агент;общий
конкуренты и бренды;общие таблицы гугл;2220;0;;гугл таблицы;общий
импортозамещение и закупка;великая отечественная война по годам;2214;0;;отечественное по;общий
язык задач — учёт;учет налоговых затрат;2200;0;;учет затрат;общий
данные и справочники;дала мастеру секс;2196;0;;мастер данные;общий
задачи и боли Excel;формула впр в excel;2189;0;;впр excel;общий
конкуренты и бренды;1с бухгалтерия предприятия 8.3;2187;0;;1с предприятие;общий
импортозамещение и закупка;свой сервер кс;2184;0;;свой сервер;общий
язык задач — учёт;1 с учет договоров;2181;0;;учет договоров;общий
язык задач — система/программа;образовательные программы для учета детей;2175;0;;программа для учета;общий
конкуренты и бренды;функции гугл таблиц;2174;0;;гугл таблицы;общий
импортозамещение и закупка;книга по великой отечественной;2174;0;;отечественное по;общий
конкуренты и бренды;фильтр в гугл таблицах;2152;0;;гугл таблицы;общий
язык задач — учёт;учет стоимости товаров;2152;0;;учет товаров;общий
конкуренты и бренды;гугл таблицы бесплатно;2148;0;;гугл таблицы;навигация
импортозамещение и закупка;поставить свой сервер;2147;0;;свой сервер;общий
язык задач — система/программа;системы ведения учета;2146;0;;система учета;общий
импортозамещение и закупка;план закупок по 223 фз;2131;0;;закупка по 223 фз;общий
данные и справочники;дан балан в хорошем качестве;2130;0;;качество данных;общий
язык задач — система/программа;сервис регистрации в системе сдачи отчетности;2125;0;;система отчетности;общий
язык задач — система/программа;федеральную государственную информационную систему учета;2121;0;;система учета;общий
язык задач — учёт;снятие с учета по договору;2116;0;;учет договоров;общий
язык задач — система/программа;система учета в российской федерации;2097;0;;система учета;общий
язык задач — система/программа;сервис системы сдачи налоговой отчетности;2096;0;;система отчетности;общий
импортозамещение и закупка;свой видео сервер;2094;0;;свой сервер;общий
язык задач — система/программа;сервис регистрации системы налоговой отчетности;2083;0;;система отчетности;общий
язык задач — система/программа;сервис регистрации в системе сдачи налоговой отчетности;2082;0;;система отчетности;общий
язык задач — учёт;1с учет затрат;2078;0;;учет затрат;общий
конкуренты и бренды;1с предприятие версия 8.3;2075;0;;1с предприятие;общий
язык задач — система/программа;сервис самостоятельной системе сдачи налоговой отчетности;2060;0;;система отчетности;общий
ии и новое;нейросети для бизнеса;2046;0;;нейросеть для бизнеса;общий
импортозамещение и закупка;как создать свой сервер на пк;2045;0;;свой сервер;общий
язык задач — учёт;учет финансовых средств;2044;0;;финансовый учет;общий
конкуренты и бренды;гугл таблицы текст в ячейке;2034;0;;гугл таблицы;общий
язык задач — учёт;продажа поставленных на учет автомобилей;2034;0;;учет продаж;общий
язык задач — учёт;постановка на учет автомобиля по договору купли;2029;0;;учет договоров;общий
конкуренты и бренды;1с предприятие посмотреть;2026;0;;1с предприятие;общий
язык задач — учёт;продажа машины нужно снять с учета;2025;0;;учет продаж;общий
задачи и боли Excel;впр excel пошаговая;2023;0;;впр excel;учебное
язык задач — учёт;учет производства продукции;2021;0;;учет производства;общий
язык задач — система/программа;программа для учета законов;2021;0;;программа для учета;общий
язык задач — учёт;производство счета учета;2018;0;;учет производства;общий
язык задач — учёт;организация учета производства;2017;0;;учет производства;общий
язык задач — учёт;учет расхода товара;2015;0;;учет товаров;общий
язык задач — учёт;учет работы оборудования;2010;0;;учет оборудования;общий
импортозамещение и закупка;дискорд свой сервер;2010;0;;свой сервер;общий
язык задач — система/программа;электронные системы учета;2008;0;;система учета;общий
язык задач — учёт;учет в области обращения с отходами;1999;0;;учет обращений;общий
конкуренты и бренды;1с предприятие установить;1998;0;;1с предприятие;общий
задачи и боли Excel;функция впр в excel пошаговая;1998;0;;впр excel;учебное
данные и справочники;дам мастер класс;1996;0;;мастер данные;общий
импортозамещение и закупка;сервер майн свой;1994;0;;свой сервер;общий
язык задач — учёт;налоговый учет продажи;1990;0;;учет продаж;общий
конкуренты и бренды;посмотреть гугл таблицу;1981;0;;гугл таблицы;общий
язык задач — учёт;учет расходов затрат;1979;0;;учет затрат;общий
язык задач — система/программа;системы учета процессов;1977;0;;система учета;общий
язык задач — система/программа;система учета рф;1975;0;;система учета;общий
конкуренты и бренды;битрикс24 процессы;1971;0;;битрикс24;общий
данные и справочники;дали мастер класс;1967;0;;мастер данные;общий
задачи и боли Excel;функции впр в excel примеры;1963;0;;впр excel;учебное
язык задач — система/программа;система пенсионного учета;1960;0;;система учета;общий
язык задач — учёт;форма учета перемещения товара;1957;0;;учет товаров;общий
язык задач — система/программа;система страхование учет;1957;0;;система учета;общий
данные и справочники;справочник номенклатуры в 1с;1955;0;;справочник номенклатуры;общий
конкуренты и бренды;поиск в гугл таблицах;1954;0;;гугл таблицы;общий
задачи и боли Excel;пошаговая инструкция впр в excel;1954;0;;впр excel;учебное
конкуренты и бренды;airtable;1953;0;;airtable;общий
данные и справочники;дай мастер класс;1953;0;;мастер данные;общий
данные и справочники;даю мастер класс;1953;0;;мастер данные;общий
задачи и боли Excel;функция впр в excel пошаговая инструкция;1945;0;;впр excel;учебное
язык задач — учёт;документы учета сотрудника;1944;0;;учет сотрудников;общий
язык задач — учёт;товар цены учет;1940;0;;учет товаров;покупка
конкуренты и бренды;the days notion;1939;0;;notion;общий
конкуренты и бренды;power bi скачать;1938;0;;power bi;навигация
импортозамещение и закупка;память великой отечественной поиск по фамилии;1935;0;;отечественное по;общий
конкуренты и бренды;amocrm leads;1925;0;;amocrm;общий
язык задач — система/программа;регистрация налогоплательщика в системе сдачи налоговой отчетности;1925;0;;система отчетности;общий
язык задач — система/программа;система учета c;1914;0;;система учета;общий
импортозамещение и закупка;установить свой сервер;1913;0;;свой сервер;общий
конкуренты и бренды;битрикс24 задачи;1912;0;;битрикс24;общий
конкуренты и бренды;гугл таблица войти в личный;1911;0;;гугл таблицы;навигация
конкуренты и бренды;гугл таблица войти в личный кабинет;1911;0;;гугл таблицы;навигация
язык задач — учёт;учет товара на складе;1911;0;;учет товаров;общий
конкуренты и бренды;пользователи 1с предприятие;1908;0;;1с предприятие;общий
язык задач — система/программа;система учета приборов учета;1906;0;;система учета;общий
конкуренты и бренды;power bi desktop;1903;0;;power bi;общий
язык задач — учёт;табель учета сотрудников;1903;0;;учет сотрудников;общий
импортозамещение и закупка;книга памяти великой отечественной по фамилии;1903;0;;отечественное по;общий
импортозамещение и закупка;как запустить свой сервер;1903;0;;свой сервер;общий
импортозамещение и закупка;свой рп сервер;1903;0;;свой сервер;общий
импортозамещение и закупка;свой сервер зомбоид;1902;0;;свой сервер;общий
конкуренты и бренды;metabase;1899;0;;metabase;общий
ии и новое;что такое ии агент;1889;0;;ии агент;учебное
язык задач — учёт;журнал учета сотрудников;1886;0;;учет сотрудников;общий
язык задач — система/программа;системы учета налогообложения;1878;0;;система учета;общий
импортозамещение и закупка;книга памяти великой отечественной поиск по фамилии;1876;0;;отечественное по;общий
язык задач — учёт;финансово хозяйственный учет;1871;0;;финансовый учет;общий
язык задач — система/программа;системы технического учета;1871;0;;система учета;общий
конкуренты и бренды;как перенести таблицу в гугл таблицу;1870;0;;гугл таблицы;общий
язык задач — учёт;журнал учета ремонта;1868;0;;учет ремонтов;общий
конкуренты и бренды;crm битрикс24;1867;0;;битрикс24;общий
конкуренты и бренды;1с предприятие клиенты;1863;0;;1с предприятие;общий
конкуренты и бренды;как удалить таблицу в гугл таблицах;1862;0;;гугл таблицы;общий
импортозамещение и закупка;свой удаленный сервер;1852;0;;свой сервер;общий
язык задач — система/программа;система учета приказов;1851;0;;система учета;общий
импортозамещение и закупка;я уничтожил сервер своей;1845;0;;свой сервер;общий
конкуренты и бренды;как закрепить таблицу в гугл таблице;1842;0;;гугл таблицы;общий
язык задач — учёт;учет реализации товара;1834;0;;учет товаров;общий
язык задач — система/программа;система учета положения;1830;0;;система учета;общий
язык задач — учёт;бухгалтерский учет сотрудников;1829;0;;учет сотрудников;общий
конкуренты и бренды;1с предприятие зарплаты;1828;0;;1с предприятие;учебное
импортозамещение и закупка;как создать свой сервер на телефоне;1823;0;;свой сервер;общий
данные и справочники;качество данных оценка;1821;0;;качество данных;общий
конкуренты и бренды;сервер 1с предприятия 8.3;1814;0;;1с предприятие;общий
данные и справочники;что дает мастер спорта;1814;0;;мастер данные;общий
язык задач — учёт;договор лизинга учет;1808;0;;учет договоров;общий
язык задач — учёт;статистическая форма учета товаров;1806;0;;учет товаров;общий
язык задач — система/программа;индивидуальный учет в пенсионной системе;1802;0;;система учета;общий
данные и справочники;качество данных b;1799;0;;качество данных;общий
конкуренты и бренды;интеграция битрикс24;1790;0;;битрикс24;общий
язык задач — учёт;снять учета автомобиль гибдд после продажи;1782;0;;учет продаж;общий
язык задач — система/программа;интеллектуальная система учета;1775;0;;система учета;общий
язык задач — учёт;статистический учет перемещения товаров;1774;0;;учет товаров;общий
язык задач — учёт;постановка на учет сотрудников;1773;0;;учет сотрудников;общий
язык задач — система/программа;система воинского учета;1770;0;;система учета;общий
язык задач — учёт;журнал учета обращений;1768;0;;учет обращений;общий
импортозамещение и закупка;как создать сервер майнкрафт на своем пк;1768;0;;свой сервер;общий
язык задач — учёт;статистическая форма учета перемещения товаров;1764;0;;учет товаров;общий
конкуренты и бренды;как убрать в гугл таблице;1758;0;;гугл таблицы;общий
конкуренты и бренды;создать предприятия 1с;1758;0;;1с предприятие;общий
конкуренты и бренды;приложение битрикс24;1756;0;;битрикс24;общий
язык задач — учёт;система учета сотрудников;1750;0;;учет сотрудников;общий
язык задач — учёт;учет при продаже авто;1749;0;;учет продаж;общий
язык задач — учёт;карточка учета сотрудника;1749;0;;учет сотрудников;общий
конкуренты и бренды;как скопировать гугл таблицу;1746;0;;гугл таблицы;общий
язык задач — учёт;ремонт бухгалтерский учет;1742;0;;учет ремонтов;общий
создание и внедрение;внедрение erp;1742;0;;внедрение erp;покупка
язык задач — система/программа;учете в системе обязательного пенсионного;1741;0;;система учета;общий
язык задач — система/программа;системы учета рабочего времени;1740;0;;система учета;общий
задачи и боли Excel;инструкция впр в excel пошаговая пример;1734;0;;впр excel;учебное
задачи и боли Excel;excel впр пример функция пошаговая;1733;0;;впр excel;учебное
задачи и боли Excel;функция впр в excel пошаговая инструкция пример;1731;0;;впр excel;учебное
импортозамещение и закупка;как зайти на свой сервер;1726;0;;свой сервер;общий
язык задач — учёт;купля продажа авто снятого с учета;1725;0;;учет продаж;общий
язык задач — учёт;купля продажа авто снять с учета;1725;0;;учет продаж;общий
язык задач — система/программа;индивидуальный учет в системе пенсионного страхования;1718;0;;система учета;общий
язык задач — система/программа;индивидуальном учете в системе обязательного;1717;0;;система учета;общий
конкуренты и бренды;гугл таблица формат;1710;0;;гугл таблицы;общий
импортозамещение и закупка;включить свой сервер;1707;0;;свой сервер;общий
язык задач — учёт;ведение финансового учета;1704;0;;финансовый учет;общий
язык задач — учёт;учет затрат какой счет;1700;0;;учет затрат;общий
язык задач — система/программа;систем учета требований;1700;0;;система учета;общий
язык задач — система/программа;учет в системе обязательного пенсионного страхования;1695;0;;система учета;общий
язык задач — учёт;порядок учета производства;1694;0;;учет производства;общий
язык задач — учёт;гибдд снятие с учета автомобиля после продажи;1692;0;;учет продаж;общий
язык задач — система/программа;индивидуальный персонифицированный учет в пенсионной системе;1692;0;;система учета;общий
язык задач — система/программа;персонифицированный учет в системе пенсионного страхования;1686;0;;система учета;общий
язык задач — система/программа;система сбора отчетности;1685;0;;система отчетности;общий
импортозамещение и закупка;свой сервер данных;1682;0;;свой сервер;общий
данные и справочники;анализ качества данных;1679;0;;качество данных;общий
конкуренты и бренды;1с бухгалтерия предприятия 3.0;1676;0;;1с предприятие;общий
язык задач — учёт;управленческий учет финансов;1672;0;;управленческий учет;общий
импортозамещение и закупка;найти по великой отечественной войне;1671;0;;отечественное по;общий
создание и внедрение;комплексная автоматизация учета;1670;0;;автоматизация учета;общий
язык задач — система/программа;системы учета электроэнергии;1669;0;;система учета;общий
конкуренты и бренды;ссылка на гугл таблицу;1666;0;;гугл таблицы;общий
язык задач — учёт;организация учета товаров;1664;0;;учет товаров;общий
импортозамещение и закупка;сервер для своей игры;1663;0;;свой сервер;общий
ии и новое;ии агент openai;1663;0;;ии агент;общий
язык задач — учёт;вести учет товаров;1662;0;;учет товаров;общий
язык задач — учёт;организация учета затрат;1662;0;;учет затрат;общий
язык задач — система/программа;персонифицированном учете в системе обязательного;1659;0;;система учета;общий
язык задач — система/программа;индивидуальный персонифицированный учет в системе страхования;1654;0;;система учета;общий
импортозамещение и закупка;свой прокси сервер;1649;0;;свой сервер;общий
конкуренты и бренды;работа в 1с предприятие;1646;0;;1с предприятие;общий
импортозамещение и закупка;отечественная война 1941 по 1945;1645;0;;отечественное по;общий
импортозамещение и закупка;свой локальный сервер;1639;0;;свой сервер;общий
язык задач — учёт;табель учета времени сотрудников;1638;0;;учет сотрудников;общий
язык задач — учёт;методы учета затрат;1636;0;;учет затрат;общий
импортозамещение и закупка;настроить свой сервер;1636;0;;свой сервер;общий
импортозамещение и закупка;свой сервер zomboid;1634;0;;свой сервер;общий
конкуренты и бренды;1с предприятие проф;1626;0;;1с предприятие;общий
импортозамещение и закупка;великая отечественная война 1941 по 1945;1626;0;;отечественное по;общий
язык задач — учёт;учет холодильного оборудования;1616;0;;учет оборудования;общий
язык задач — система/программа;индивидуальный персонифицированный учет в системе обязательного;1607;0;;система учета;общий
язык задач — учёт;учет работы по договорам;1606;0;;учет договоров;общий
конкуренты и бренды;1с добавить предприятие;1599;0;;1с предприятие;общий
конкуренты и бренды;1с предприятие зуп;1594;0;;1с предприятие;общий
импортозамещение и закупка;закупка товаров по 223 фз;1594;0;;закупка по 223 фз;общий
импортозамещение и закупка;поиск по великой отечественной войне;1590;0;;отечественное по;общий
импортозамещение и закупка;посмотреть свой сервер;1586;0;;свой сервер;общий
язык задач — система/программа;система учет объектов;1585;0;;система учета;общий
язык задач — учёт;учет товаров работ услуг;1583;0;;учет товаров;общий
конкуренты и бренды;1с предприятие настройки;1581;0;;1с предприятие;общий
импортозамещение и закупка;скачать свой сервер;1581;0;;свой сервер;навигация
импортозамещение и закупка;свой сервер сайт;1581;0;;свой сервер;общий
конкуренты и бренды;1с предприятие скачать бесплатно;1578;0;;1с предприятие;навигация
язык задач — учёт;учет договор подряда;1574;0;;учет договоров;общий
конкуренты и бренды;notion remix;1572;0;;notion;общий
создание и внедрение;закажу разработку;1571;0;;заказать разработку;общий
импортозамещение и закупка;project zomboid свой сервер;1564;0;;свой сервер;общий
данные и справочники;контроль качества данных;1561;0;;качество данных;общий
язык задач — учёт;учет номеров договоров;1560;0;;учет договоров;общий
язык задач — система/программа;система документооборота организации;1556;0;;система документооборота;общий
задачи и боли Excel;excel для учета;1555;0;;excel для учета;общий
язык задач — система/программа;система учета расходов;1554;0;;система учета;общий
данные и справочники;мастер данные это;1552;0;;мастер данные;учебное
конкуренты и бренды;1с управление предприятием 2;1551;0;;1с предприятие;общий
импортозамещение и закупка;создать свой сервер игры;1551;0;;свой сервер;общий
конкуренты и бренды;как объединить таблицы в гугл таблицах;1550;0;;гугл таблицы;общий
язык задач — учёт;учет незавершенного производства;1550;0;;учет производства;общий
язык задач — учёт;статья учет затрат;1549;0;;учет затрат;общий
язык задач — учёт;учет финансовых вложений;1544;0;;финансовый учет;общий
язык задач — учёт;учет договоров социального найма;1542;0;;учет договоров;общий
язык задач — учёт;порядок учета договоров;1538;0;;учет договоров;общий
язык задач — система/программа;основные системы учета;1532;0;;система учета;общий
язык задач — учёт;учет договоров гпх;1531;0;;учет договоров;общий
язык задач — учёт;учет финансово хозяйственной деятельности;1531;0;;финансовый учет;общий
данные и справочники;виды качества данных;1527;0;;качество данных;общий
конкуренты и бренды;почему 1с предприятие;1524;0;;1с предприятие;общий
язык задач — учёт;1с складской учет;1520;0;;складской учет;общий
язык задач — система/программа;журнал система учета;1520;0;;система учета;общий
язык задач — учёт;снятие машины с учета после продажи;1519;0;;учет продаж;общий
язык задач — система/программа;анализ систем учета;1519;0;;система учета;общий
язык задач — учёт;учет возврата товаров;1515;0;;учет товаров;общий
импортозамещение и закупка;закупки у единственного по 223 фз;1508;0;;закупка по 223 фз;общий
язык задач — учёт;бухгалтерский финансовый учет организация учета;1505;0;;финансовый учет;общий
данные и справочники;качество данных 2020;1505;0;;качество данных;общий
конкуренты и бренды;поставить гугл таблицы;1499;0;;гугл таблицы;общий
импортозамещение и закупка;закупка по 223 фз еис;1495;0;;закупка по 223 фз;общий
язык задач — система/программа;бесплатные программы для учета;1489;0;;программа для учета;общий
конкуренты и бренды;режимы 1с предприятия;1485;0;;1с предприятие;общий
импортозамещение и закупка;сервер свой компьютер;1485;0;;свой сервер;общий
импортозамещение и закупка;свой сервер дома;1484;0;;свой сервер;общий
язык задач — учёт;ремонт стоимость учет;1483;0;;учет ремонтов;покупка
создание и внедрение;автоматизация учета 1с;1482;0;;автоматизация учета;общий
импортозамещение и закупка;закупки у единственного поставщика по 223 фз;1482;0;;закупка по 223 фз;общий
конкуренты и бренды;рабочая 1с предприятие;1467;0;;1с предприятие;общий
конкуренты и бренды;1с предприятие купить;1467;0;;1с предприятие;покупка
язык задач — учёт;гибдд снять машину с учета после продажи;1467;0;;учет продаж;общий
язык задач — учёт;вопросы финансового учета;1467;0;;финансовый учет;общий
конкуренты и бренды;google таблицы excel;1466;0;;google таблицы;общий
язык задач — учёт;программа складского учета;1464;0;;складской учет;общий
данные и справочники;качество данных 2024;1461;0;;качество данных;общий
конкуренты и бренды;the days notion remix;1460;0;;notion;общий
импортозамещение и закупка;великая отечественная война поиск по фамилии;1457;0;;отечественное по;общий
конкуренты и бренды;как настроить 1с предприятие;1453;0;;1с предприятие;общий
данные и справочники;слушать дан балан лучшее в хорошем качестве;1451;0;;качество данных;выбор
язык задач — учёт;табель учета рабочего времени сотрудников;1449;0;;учет сотрудников;общий
импортозамещение и закупка;свой сервер карт;1449;0;;свой сервер;общий
язык задач — учёт;журнал учета холодильного оборудования;1448;0;;учет оборудования;общий
конкуренты и бренды;гугл таблицы где;1447;0;;гугл таблицы;общий
язык задач — система/программа;система учета энергии;1447;0;;система учета;общий
конкуренты и бренды;скачать песню notion;1446;0;;notion;навигация
язык задач — учёт;технический учет оборудования;1440;0;;учет оборудования;общий
конкуренты и бренды;1с предприятия учебная;1436;0;;1с предприятие;общий
язык задач — учёт;учет управленческие расходы;1436;0;;управленческий учет;общий
импортозамещение и закупка;по участникам великой отечественной войны;1432;0;;отечественное по;общий
язык задач — учёт;учет затрат продукции;1429;0;;учет затрат;общий
язык задач — учёт;снят с учета для продажи;1426;0;;учет продаж;общий
язык задач — учёт;учет продажи квартир;1425;0;;учет продаж;общий
язык задач — учёт;госуслуги снять авто с учета после продажи;1424;0;;учет продаж;общий
импортозамещение и закупка;свой айпи сервера;1421;0;;свой сервер;общий
язык задач — система/программа;система учета 1с;1414;0;;система учета;общий
язык задач — учёт;снятие автомобиля с учета при продаже;1412;0;;учет продаж;общий
язык задач — система/программа;crm системы для продаж;1412;0;;crm система;общий
конкуренты и бренды;zapier;1409;0;;zapier;общий
язык задач — учёт;налоговый финансовый учет;1408;0;;финансовый учет;общий
язык задач — учёт;порядок учета обращение с отходами;1406;0;;учет обращений;общий
ии и новое;ии агенты openai взлом компаний;1404;0;;ии агент;общий
язык задач — учёт;продажа машины не поставленной на учет;1402;0;;учет продаж;общий
импортозамещение и закупка;войны отечественной войны найти по фамилии;1393;0;;отечественное по;общий
конкуренты и бренды;настроить гугл таблицу;1389;0;;гугл таблицы;общий
импортозамещение и закупка;как удалить свой сервер;1389;0;;свой сервер;общий
конкуренты и бренды;1с предприятие обучение;1387;0;;1с предприятие;учебное
импортозамещение и закупка;найти война великой отечественной войны по фамилии;1385;0;;отечественное по;общий
язык задач — учёт;учет договоров оказания услуг;1384;0;;учет договоров;общий
язык задач — учёт;учет отпусков сотрудников;1382;0;;учет сотрудников;общий
импортозамещение и закупка;создать свой сервер в майнкрафт на телефоне;1379;0;;свой сервер;общий
задачи и боли Excel;excel данные сводной таблицы;1375;0;;сводные таблицы excel;общий
импортозамещение и закупка;мистер бист свой сервер;1370;0;;свой сервер;общий
язык задач — учёт;производство журналов учета;1368;0;;учет производства;общий
данные и справочники;порно дам в качестве;1368;0;;качество данных;общий
конкуренты и бренды;платформа 1с предприятие 8.3;1367;0;;1с предприятие;общий
конкуренты и бренды;новая таблица гугл;1366;0;;гугл таблицы;общий
язык задач — учёт;учет анализ финансовый учет;1365;0;;финансовый учет;общий
конкуренты и бренды;редактирование гугл таблиц;1363;0;;гугл таблицы;общий
язык задач — учёт;цель управленческого учета;1363;0;;управленческий учет;общий
язык задач — система/программа;система учета граждан;1361;0;;система учета;общий
импортозамещение и закупка;проджект зомбоид свой сервер;1361;0;;свой сервер;общий
язык задач — учёт;учет производства в 1с;1359;0;;учет производства;общий
конкуренты и бренды;сделка битрикс24;1352;0;;битрикс24;общий
конкуренты и бренды;1с предприятие ндс;1352;0;;1с предприятие;общий
конкуренты и бренды;1с предприятие торговля;1351;0;;1с предприятие;общий
язык задач — учёт;учет затрат на производство;1347;0;;учет затрат;общий
язык задач — учёт;порядка учета в области обращения;1341;0;;учет обращений;общий
импортозамещение и закупка;адрес своего сервера;1337;0;;свой сервер;общий
язык задач — учёт;учет регистрация договоров;1336;0;;учет договоров;общий
язык задач — система/программа;систему налогового учета;1334;0;;система учета;общий
данные и справочники;дан балан слушать бесплатно в хорошем качестве;1329;0;;качество данных;навигация
язык задач — учёт;договор найма жилого помещения учет;1328;0;;учет договоров;общий
язык задач — учёт;приняты к учету товары;1327;0;;учет товаров;общий
язык задач — учёт;принять товар к учету;1327;0;;учет товаров;общий
язык задач — учёт;счета учета оборудования;1327;0;;учет оборудования;общий
конкуренты и бренды;google docs таблицы;1321;0;;google таблицы;общий
язык задач — учёт;учет договоров образец;1319;0;;учет договоров;общий
язык задач — учёт;ведение кадрового учета;1319;0;;кадровый учет;общий
язык задач — система/программа;система учета в россии;1318;0;;система учета;общий
конкуренты и бренды;гугл диск таблицы;1317;0;;гугл таблицы;общий
импортозамещение и закупка;суть закупок по 223 фз;1317;0;;закупка по 223 фз;общий
данные и справочники;в данной работе в качестве;1315;0;;качество данных;общий
импортозамещение и закупка;сервер свои люди;1314;0;;свой сервер;общий
язык задач — учёт;порядок учета в области обращения с отходами;1312;0;;учет обращений;общий
конкуренты и бренды;1с предприятие 8 управление предприятием;1308;0;;1с предприятие;общий
язык задач — система/программа;типы erp системы;1308;0;;erp система;общий
язык задач — учёт;учет договоров проводки;1307;0;;учет договоров;общий
язык задач — учёт;учет температурного режима холодильного оборудования;1305;0;;учет оборудования;общий
импортозамещение и закупка;исследую свой заброшенный сервер;1302;0;;свой сервер;общий
данные и справочники;качество данных книги;1301;0;;качество данных;общий
язык задач — учёт;учет предмета договора;1300;0;;учет договоров;общий
язык задач — учёт;документы финансового учета;1299;0;;финансовый учет;общий
данные и справочники;высокое качество данных;1299;0;;качество данных;общий
конкуренты и бренды;сводная таблица в гугл таблицах;1298;0;;гугл таблицы;общий
конкуренты и бренды;битрикс24 бизнес процессы;1297;0;;битрикс24;общий
конкуренты и бренды;выпадающий список в гугл таблицах;1297;0;;гугл таблицы;общий
язык задач — система/программа;система учета финансов;1296;0;;система учета;общий
конкуренты и бренды;гугл таблицы онлайн создать;1294;0;;гугл таблицы;общий
язык задач — учёт;системы учета товара;1294;0;;учет товаров;общий
язык задач — учёт;ведение учета производства;1288;0;;учет производства;общий
импортозамещение и закупка;пишем свой сервер;1287;0;;свой сервер;общий
язык задач — учёт;1 с учет товара;1286;0;;учет товаров;общий
язык задач — система/программа;какая система документооборота;1286;0;;система документооборота;общий
импортозамещение и закупка;как создать свой сервер в роблоксе;1283;0;;свой сервер;общий
язык задач — учёт;учет ведения договоров;1281;0;;учет договоров;общий
язык задач — учёт;финансовый учет в каких;1277;0;;финансовый учет;общий
конкуренты и бренды;посчитать в гугл таблице;1276;0;;гугл таблицы;общий
конкуренты и бренды;как сделать список в гугл таблице;1274;0;;гугл таблицы;общий
язык задач — учёт;1с учет оборудования;1274;0;;учет оборудования;общий
конкуренты и бренды;erp 1с предприятие 2 2;1273;0;;1с предприятие;общий
язык задач — система/программа;нормативная система учета;1273;0;;система учета;общий
язык задач — учёт;форма учета производства;1270;0;;учет производства;общий
язык задач — учёт;журнал учета режима холодильного оборудования;1270;0;;учет оборудования;общий
язык задач — система/программа;информационную систему учета сведений;1269;0;;система учета;общий
конкуренты и бренды;тарифы битрикс24;1268;0;;битрикс24;покупка
язык задач — учёт;учет ремонта оборудования;1265;0;;учет оборудования;общий
конкуренты и бренды;гугл таблицы на компьютере;1264;0;;гугл таблицы;общий
язык задач — учёт;управленческий учет в 1с;1261;0;;управленческий учет;общий
импортозамещение и закупка;как открыть свой сервер;1259;0;;свой сервер;общий
язык задач — система/программа;документооборот информационная система;1256;0;;система документооборота;общий
конкуренты и бренды;1с предприятие договора;1253;0;;1с предприятие;общий
язык задач — учёт;учет производства работника;1253;0;;учет производства;общий
язык задач — учёт;финансовый учет контроль;1250;0;;финансовый учет;общий
данные и справочники;фильм не дает в хорошем качестве;1250;0;;качество данных;общий
язык задач — система/программа;новые системы учета;1247;0;;система учета;общий
язык задач — система/программа;система учета доступа;1246;0;;система учета;общий
конкуренты и бренды;как скрыть таблицу в гугл таблице;1245;0;;гугл таблицы;общий
конкуренты и бренды;приложения 1с предприятие;1245;0;;1с предприятие;общий
язык задач — учёт;учет расходов по договорам;1245;0;;учет договоров;общий
язык задач — учёт;температурный журнал учета холодильного оборудования;1244;0;;учет оборудования;общий
данные и справочники;качество данных и информации;1244;0;;качество данных;общий
язык задач — учёт;журнал учета температурного режима холодильного оборудования;1242;0;;учет оборудования;общий
конкуренты и бренды;1с erp управление предприятием 2;1240;0;;1с предприятие;общий
язык задач — учёт;табельный учет;1239;0;;табельный учет;общий
конкуренты и бренды;1с предприятие информационные базы;1238;0;;1с предприятие;общий
импортозамещение и закупка;великая отечественная война по времени;1238;0;;отечественное по;общий
конкуренты и бренды;системы 1с предприятие 8;1237;0;;1с предприятие;общий
язык задач — учёт;финансовый учет расходов;1233;0;;финансовый учет;общий
конкуренты и бренды;как сохранить гугл таблицу;1232;0;;гугл таблицы;общий
язык задач — система/программа;программа для ведения учета;1232;0;;программа для учета;общий
язык задач — система/программа;виды систем учета;1231;0;;система учета;общий
импортозамещение и закупка;по истории отечественная война;1231;0;;отечественное по;общий
конкуренты и бренды;настройка битрикс24;1228;0;;битрикс24;общий
язык задач — учёт;учет кредитных договоров;1228;0;;учет договоров;общий
импортозамещение и закупка;админ на своем сервере;1228;0;;свой сервер;общий
импортозамещение и закупка;создание своего сервера;1228;0;;свой сервер;общий
язык задач — учёт;учет розничных продаж;1223;0;;учет продаж;общий
язык задач — система/программа;единая система государственного учета;1220;0;;система учета;общий
импортозамещение и закупка;минцифры отечественное по;1220;0;;отечественное по;общий
импортозамещение и закупка;как сделать свой сервер в роблоксе;1220;0;;свой сервер;общий
ии и новое;лучшие ии агенты;1218;0;;ии агент;выбор
язык задач — учёт;бухгалтерский и управленческий учет;1214;0;;управленческий учет;общий
конкуренты и бренды;гугл таблицы диапазон;1213;0;;гугл таблицы;общий
язык задач — учёт;финансово экономический учет;1210;0;;финансовый учет;общий
конкуренты и бренды;форма 1с предприятие;1209;0;;1с предприятие;общий
конкуренты и бренды;https notion;1206;0;;notion;общий
язык задач — учёт;затраты какой счет бухгалтерского учета;1206;0;;учет затрат;общий
язык задач — учёт;учет зарплаты сотрудников;1205;0;;учет сотрудников;учебное
данные и справочники;сопоставление номенклатуры в 1с;1204;0;;сопоставление номенклатуры;общий
импортозамещение и закупка;отечественное российское по;1202;0;;отечественное по;общий
язык задач — система/программа;система индивидуального персонифицированного учета что это;1199;0;;система учета;учебное
конкуренты и бренды;форматирование таблиц гугл;1194;0;;гугл таблицы;общий
язык задач — учёт;данные финансового учета;1194;0;;финансовый учет;общий
конкуренты и бренды;1с предприятие 5;1193;0;;1с предприятие;общий
язык задач — учёт;финансовые счета бухгалтерского учета;1193;0;;финансовый учет;общий
язык задач — учёт;снятие машины с учета для продажи;1192;0;;учет продаж;общий
язык задач — система/программа;система учета работников;1190;0;;система учета;общий
язык задач — учёт;договор поставки учет;1187;0;;учет договоров;общий
язык задач — учёт;организация учета оборудования;1187;0;;учет оборудования;общий
язык задач — учёт;ведение учета сотрудников;1184;0;;учет сотрудников;общий
конкуренты и бренды;как найти гугл таблицу;1182;0;;гугл таблицы;общий
конкуренты и бренды;1с предприятие 2026;1182;0;;1с предприятие;общий
язык задач — учёт;учет финансовые операции;1182;0;;финансовый учет;общий
язык задач — учёт;учет затрат себестоимости;1182;0;;учет затрат;общий
конкуренты и бренды;гугл таблицы перенос;1181;0;;гугл таблицы;общий
конкуренты и бренды;как объединить ячейки в гугл таблице;1181;0;;гугл таблицы;общий
конкуренты и бренды;курсы 1с предприятие;1177;0;;1с предприятие;учебное
конкуренты и бренды;яндекс гугл таблицы;1176;0;;гугл таблицы;общий
язык задач — система/программа;система учета отходов;1176;0;;система учета;общий
язык задач — учёт;учет проданных товаров;1171;0;;учет товаров;общий
язык задач — учёт;учет профессиональных заболеваний на производстве;1171;0;;учет производства;общий
язык задач — учёт;учет малоценного оборудования;1171;0;;учет оборудования;общий
язык задач — система/программа;программа 1с для учета;1171;0;;программа для учета;общий
ии и новое;ии агенты для бизнеса;1170;0;;ии агент;общий
язык задач — учёт;договор снятия с учета автомобиля;1168;0;;учет договоров;общий
импортозамещение и закупка;год на отечественном по;1166;0;;отечественное по;общий
конкуренты и бренды;создать битрикс24;1164;0;;битрикс24;общий
конкуренты и бренды;доступ к гугл таблицам;1164;0;;гугл таблицы;общий
язык задач — система/программа;система учета образования;1163;0;;система учета;общий
импортозамещение и закупка;тлаунчер свои сервера;1163;0;;свой сервер;общий
язык задач — учёт;учет газового оборудования;1158;0;;учет оборудования;общий
язык задач — учёт;учет маркированных товаров;1156;0;;учет товаров;общий
конкуренты и бренды;сотрудники битрикс24;1155;0;;битрикс24;общий
язык задач — учёт;форма учета договоров;1149;0;;учет договоров;общий
язык задач — система/программа;системы персонифицированного учета застрахованных;1146;0;;система учета;общий
конкуренты и бренды;продажа 1с предприятия;1145;0;;1с предприятие;общий
конкуренты и бренды;notion бесплатно;1144;0;;notion;навигация
импортозамещение и закупка;сервера майнкрафт свой с другом;1143;0;;свой сервер;общий
конкуренты и бренды;как изменить гугл таблицу;1142;0;;гугл таблицы;общий
конкуренты и бренды;1с предприятие базовая;1140;0;;1с предприятие;общий
импортозамещение и закупка;по закупкам услуг по 223 фз;1137;0;;закупка по 223 фз;общий
язык задач — учёт;учет оплат по договору;1136;0;;учет договоров;общий
данные и справочники;дайте жалобную книгу в хорошем качестве;1135;0;;качество данных;общий
создание и внедрение;внедрение crm;1132;0;;внедрение crm;покупка
конкуренты и бренды;количество гугл таблицы;1131;0;;гугл таблицы;общий
импортозамещение и закупка;как создать свой сервер с другом;1131;0;;свой сервер;общий
конкуренты и бренды;google com таблицы;1130;0;;google таблицы;общий
язык задач — система/программа;система учета фондов;1130;0;;система учета;общий
язык задач — учёт;продажа авто без учета;1129;0;;учет продаж;общий
язык задач — система/программа;функционирование системы учета;1129;0;;система учета;общий
импортозамещение и закупка;свой сервер хостинга;1129;0;;свой сервер;общий
данные и справочники;управление данными качестве;1129;0;;качество данных;общий
конкуренты и бренды;установка 1с предприятия;1127;0;;1с предприятие;общий
конкуренты и бренды;создать гугл таблицу с общим доступом;1126;0;;гугл таблицы;общий
конкуренты и бренды;1с предприятие 8.3 бесплатно;1125;0;;1с предприятие;навигация
язык задач — система/программа;система учета услуг;1124;0;;система учета;общий
язык задач — учёт;бюджетный финансовый учет;1123;0;;финансовый учет;общий
данные и справочники;показатели качества данных;1123;0;;качество данных;общий
импортозамещение и закупка;участники великой отечественной по фамилии;1122;0;;отечественное по;общий
импортозамещение и закупка;найти свой сервер;1122;0;;свой сервер;общий
конкуренты и бренды;1с предприятие номенклатура;1121;0;;1с предприятие;общий
конкуренты и бренды;как сделать строку в гугл таблице;1119;0;;гугл таблицы;общий
язык задач — учёт;купля продажа автомобиля снятие с учета;1119;0;;учет продаж;общий
конкуренты и бренды;1с предприятие разработка;1116;0;;1с предприятие;общий
язык задач — система/программа;системы бюджетного учета;1116;0;;система учета;общий
язык задач — система/программа;регистрация в системе индивидуального учета что это;1113;0;;система учета;учебное
импортозамещение и закупка;работа закупки по 223 фз;1112;0;;закупка по 223 фз;общий
язык задач — учёт;военный учет сотрудников;1110;0;;учет сотрудников;общий
данные и справочники;качество дайте порно;1110;0;;качество данных;общий
импортозамещение и закупка;реестр минцифры отечественного по;1108;0;;реестр отечественного по;общий
конкуренты и бренды;поля битрикс24;1104;0;;битрикс24;общий
язык задач — учёт;группа финансового учета;1104;0;;финансовый учет;общий
язык задач — учёт;учет поступления товаров;1103;0;;учет товаров;общий
конкуренты и бренды;расширение 1с предприятие;1101;0;;1с предприятие;общий
конкуренты и бренды;1с предприятие склад;1100;0;;1с предприятие;общий
язык задач — учёт;учет финансовых доходов;1100;0;;финансовый учет;общий
импортозамещение и закупка;как создать свой сервер с друзьями;1096;0;;свой сервер;общий
конкуренты и бренды;формулы ячеек в гугл таблицах;1092;0;;гугл таблицы;общий
язык задач — учёт;личный учет сотрудников;1091;0;;учет сотрудников;общий
язык задач — учёт;система финансового учета;1090;0;;финансовый учет;общий
данные и справочники;давай разведемся хорошее качество;1090;0;;качество данных;общий
импортозамещение и закупка;как создать свой сервер в лаунчере;1087;0;;свой сервер;общий
данные и справочники;давай разведемся смотреть хорошем качестве;1083;0;;качество данных;общий
данные и справочники;давай разведемся бесплатно в хорошем качестве;1083;0;;качество данных;навигация
язык задач — учёт;1с кадровый учет;1082;0;;кадровый учет;общий
язык задач — система/программа;функции системы учета;1081;0;;система учета;общий
данные и справочники;качество основных данных;1077;0;;качество данных;общий
данные и справочники;давай разведемся смотреть бесплатно в хорошем качестве;1077;0;;качество данных;навигация
язык задач — система/программа;информация от системы персонифицированного учета;1076;0;;система учета;общий
язык задач — учёт;карточка складского учета;1075;0;;складской учет;общий
конкуренты и бренды;гугл таблицы excel;1072;0;;гугл таблицы;общий
язык задач — учёт;учет затрат услуги;1072;0;;учет затрат;общий
импортозамещение и закупка;как сделать сервер на своем пк;1072;0;;свой сервер;общий
язык задач — учёт;бухгалтерский учет финансовой деятельности;1071;0;;финансовый учет;общий
данные и справочники;порно хорошего качества дам;1066;0;;качество данных;общий
язык задач — учёт;организации управленческого учета;1065;0;;управленческий учет;общий
язык задач — учёт;финансовый учет 1;1063;0;;финансовый учет;общий
конкуренты и бренды;гугл таблицы галочка;1062;0;;гугл таблицы;общий
конкуренты и бренды;1с предприятие редакция 3.0;1061;0;;1с предприятие;общий
язык задач — учёт;1с финансовый учет;1061;0;;финансовый учет;общий
ии и новое;разработка ии агентов;1060;0;;ии агент;общий
данные и справочники;качество передачи данных;1060;0;;качество данных;общий
конкуренты и бренды;1с предприятие учебная версия;1058;0;;1с предприятие;общий
язык задач — система/программа;единая информационная система учета;1058;0;;система учета;общий
импортозамещение и закупка;изменения по закупкам по 223 фз;1058;0;;закупка по 223 фз;общий
конкуренты и бренды;1с предприятие ндфл;1057;0;;1с предприятие;общий
ии и новое;ии для автоматизации;1056;0;;ии для автоматизации;общий
конкуренты и бренды;notion перевод;1055;0;;notion;общий
конкуренты и бренды;1с предприятие электронная поставка;1054;0;;1с предприятие;общий
язык задач — учёт;учет по агентскому договору;1054;0;;учет договоров;общий
данные и справочники;определение качества данных;1054;0;;качество данных;общий
конкуренты и бренды;где найти 1с предприятие;1052;0;;1с предприятие;общий
язык задач — система/программа;программы системы учета;1052;0;;система учета;общий
импортозамещение и закупка;великая отечественная война по истории;1052;0;;отечественное по;общий
импортозамещение и закупка;электронная закупка по 223 фз;1051;0;;закупка по 223 фз;общий
данные и справочники;характеристики качества данных;1051;0;;качество данных;общий
язык задач — система/программа;система внутреннего учета;1049;0;;система учета;общий
данные и справочники;методы качества данных;1049;0;;качество данных;общий
язык задач — учёт;снятие авто с учета после продажи;1048;0;;учет продаж;общий
язык задач — учёт;учет финансовой деятельности организации;1047;0;;финансовый учет;общий
импортозамещение и закупка;настройка своего сервера;1040;0;;свой сервер;общий
конкуренты и бренды;1с предприятие цена;1039;0;;1с предприятие;покупка
язык задач — учёт;учет расходов ремонт;1039;0;;учет ремонтов;общий
импортозамещение и закупка;т лаунчер свой сервер;1039;0;;свой сервер;общий
задачи и боли Excel;сводные таблицы в excel для чайников;1038;0;;сводные таблицы excel;учебное
язык задач — учёт;основной учет затрат;1035;0;;учет затрат;общий
язык задач — учёт;учет расчетов по договору;1033;0;;учет договоров;общий
данные и справочники;дан балан слушать песни в хорошем качестве;1032;0;;качество данных;общий
язык задач — учёт;управление финансовым учетом;1031;0;;финансовый учет;общий
конкуренты и бренды;отчет power bi;1027;0;;power bi;общий
язык задач — система/программа;что такое crm система простыми;1027;0;;crm система;учебное
конкуренты и бренды;битрикс24 бесплатно;1026;0;;битрикс24;навигация
язык задач — учёт;учет исполнения договоров;1026;0;;учет договоров;общий
язык задач — учёт;финансовый и управленческий учет;1025;0;;финансовый учет;общий
конкуренты и бренды;диаграмма в гугл таблицах;1024;0;;гугл таблицы;общий
язык задач — система/программа;спу системы персонифицированного учета;1022;0;;система учета;общий
язык задач — учёт;учет расходов производства;1021;0;;учет производства;общий
ии и новое;яндекс ии агент;1020;0;;ии агент;общий
импортозамещение и закупка;участники великой отечественной войны по фамилии;1019;0;;отечественное по;общий
конкуренты и бренды;гугл таблица история;1016;0;;гугл таблицы;общий
импортозамещение и закупка;как поднять свой сервер;1016;0;;свой сервер;общий
язык задач — система/программа;система учета и отчетности;1015;0;;система учета;общий
задачи и боли Excel;впр данных excel;1014;0;;впр excel;общий
импортозамещение и закупка;как сделать свой сервер бесплатно;1013;0;;свой сервер;навигация
язык задач — система/программа;учет упрощенная система;1012;0;;система учета;общий
язык задач — учёт;оборудование поставлено на учет;1011;0;;учет оборудования;общий
конкуренты и бренды;битрикс24 сайты;1010;0;;битрикс24;общий
конкуренты и бренды;1с предприятие обновление;1010;0;;1с предприятие;общий
язык задач — учёт;как снять машину с учета без договора;1010;0;;учет договоров;общий
конкуренты и бренды;гугл таблицы месяц;1009;0;;гугл таблицы;общий
язык задач — учёт;учет остатков товара;1008;0;;учет товаров;общий
язык задач — учёт;объекты учет затрат;1007;0;;учет затрат;общий
язык задач — учёт;учет финансового результата деятельности;1005;0;;финансовый учет;общий
язык задач — система/программа;задачи системы учета;1001;0;;система учета;общий
конкуренты и бренды;гугл таблица выбор;1000;0;;гугл таблицы;выбор
язык задач — учёт;раздельный учет затрат;1000;0;;учет затрат;общий
язык задач — система/программа;система учета детей;998;0;;система учета;общий
язык задач — учёт;передача договора учет;997;0;;учет договоров;общий
язык задач — учёт;договор с учетом ндс;994;0;;учет договоров;общий
язык задач — учёт;учет финансовых расчетов;993;0;;финансовый учет;общий
язык задач — система/программа;система учета систем предприятии;993;0;;система учета;общий
импортозамещение и закупка;дать свой сервер;993;0;;свой сервер;общий
конкуренты и бренды;битрикс24 чат;991;0;;битрикс24;общий
язык задач — система/программа;федеральная государственная информационная система учета результатов;989;0;;система учета;общий
конкуренты и бренды;график гугл таблицы;988;0;;гугл таблицы;общий
конкуренты и бренды;таблица гугл процент;983;0;;гугл таблицы;общий
язык задач — учёт;в договоре с учетом срока;980;0;;учет договоров;общий
язык задач — система/программа;системы учета хранения;980;0;;система учета;общий
язык задач — система/программа;информационная система управления проектами;980;0;;система управления проектами;общий
язык задач — учёт;учет товаров честный знак;979;0;;учет товаров;общий
язык задач — учёт;журнал складского учета;979;0;;складской учет;общий
язык задач — учёт;учет товаров проводки;976;0;;учет товаров;общий
язык задач — учёт;договор с учетом изменений;973;0;;учет договоров;общий
конкуренты и бренды;1с предприятие решений;972;0;;1с предприятие;общий
конкуренты и бренды;docs google com таблицы;971;0;;google таблицы;общий
язык задач — учёт;финансовый учет 2;971;0;;финансовый учет;общий
язык задач — система/программа;персонифицированный учет в системе социального страхования;971;0;;система учета;общий
язык задач — учёт;учет товаров бухгалтерия;970;0;;учет товаров;общий
язык задач — учёт;система учета оборудования;968;0;;учет оборудования;общий
язык задач — система/программа;система учета прав;968;0;;система учета;общий
конкуренты и бренды;гугл форма таблица;967;0;;гугл таблицы;общий
импортозамещение и закупка;свой сервер dayz;966;0;;свой сервер;общий
конкуренты и бренды;сервер 1с предприятия лицензия;965;0;;1с предприятие;общий
импортозамещение и закупка;свой сервер майнкрафт бедрок;965;0;;свой сервер;общий
язык задач — система/программа;регистрация в системе персонифицированного учета что это;963;0;;система учета;учебное
язык задач — система/программа;система управления документооборота;963;0;;система документооборота;общий
конкуренты и бренды;лицензия 1с предприятие 8.3;961;0;;1с предприятие;общий
конкуренты и бренды;битрикс24 версии;960;0;;битрикс24;общий
язык задач — система/программа;бухгалтерская отчетность система;960;0;;система отчетности;общий
ии и новое;локальный ии агент;960;0;;ии агент;общий
язык задач — учёт;учет строительных договоров;959;0;;учет договоров;общий
язык задач — учёт;заявка на постановку на учет;958;0;;учет заявок;общий
язык задач — учёт;снять с учета перед продажей;957;0;;учет продаж;общий
конкуренты и бренды;1с предприятие запрос;955;0;;1с предприятие;общий
конкуренты и бренды;1с предприятия услуги;954;0;;1с предприятие;общий
конкуренты и бренды;как сделать столбцы в гугл таблице;953;0;;гугл таблицы;общий
язык задач — учёт;учет поставок товара;950;0;;учет товаров;общий
конкуренты и бренды;microsoft power bi;948;0;;power bi;общий
импортозамещение и закупка;свой сервер онлайн;946;0;;свой сервер;общий
язык задач — учёт;учет закупки товаров;944;0;;учет товаров;общий
язык задач — система/программа;что такое crm система простыми словами;944;0;;crm система;учебное
импортозамещение и закупка;отечественное по в россии;943;0;;отечественное по;общий
конкуренты и бренды;https google таблицы;942;0;;google таблицы;общий
язык задач — учёт;налоговый учет производства;942;0;;учет производства;общий
язык задач — система/программа;электронный документооборот информационная система;942;0;;система документооборота;общий
конкуренты и бренды;1с предприятие расчет;940;0;;1с предприятие;общий
импортозамещение и закупка;свой сервер паролей;940;0;;свой сервер;общий
создание и внедрение;внедрение государственных информационных систем;938;0;;внедрение информационной системы;покупка
конкуренты и бренды;лицензии 1с предприятие 8;937;0;;1с предприятие;общий
импортозамещение и закупка;свой личный сервер;937;0;;свой сервер;общий
язык задач — учёт;стандарт финансового учета;936;0;;финансовый учет;общий
язык задач — система/программа;программы для бухгалтерского учета;936;0;;программа для учета;общий
конкуренты и бренды;гугл таблицы заполнить;933;0;;гугл таблицы;общий
язык задач — учёт;договор снятия машины с учета;933;0;;учет договоров;общий
язык задач — учёт;договора займа учет;931;0;;учет договоров;общий
язык задач — учёт;журнал учета договоров;929;0;;учет договоров;общий
язык задач — система/программа;развития систем учета и;928;0;;система учета;общий
язык задач — система/программа;формирование системы учета;927;0;;система учета;общий
язык задач — учёт;учет договоров с покупателями;926;0;;учет договоров;общий
импортозамещение и закупка;фильмы по отечественную войну;920;0;;отечественное по;общий
язык задач — учёт;учет складского помещения;919;0;;складской учет;общий
язык задач — система/программа;система учета книг;919;0;;система учета;общий
импортозамещение и закупка;проведение закупок по 223 фз;919;0;;закупка по 223 фз;общий
конкуренты и бренды;гугл таблицы вход в личный кабинет войти;918;0;;гугл таблицы;навигация
язык задач — учёт;виды учета товаров;917;0;;учет товаров;общий
язык задач — учёт;учет целей договора;917;0;;учет договоров;общий
данные и справочники;обеспечение качества данных;917;0;;качество данных;общий
конкуренты и бренды;1с предприятие управление торговлей;916;0;;1с предприятие;общий
язык задач — учёт;ремонт с учетом износа;916;0;;учет ремонтов;общий
импортозамещение и закупка;как сделать свой сервер майнкрафт на пк;915;0;;свой сервер;общий
язык задач — учёт;учет сотрудников мвд;914;0;;учет сотрудников;общий
конкуренты и бренды;гугле таблицы цвет ячейки;912;0;;гугл таблицы;общий
конкуренты и бренды;гугл таблицы приложение;911;0;;гугл таблицы;общий
данные и справочники;высокое качество данной;911;0;;качество данных;общий
язык задач — учёт;учет финансовых положений;909;0;;финансовый учет;общий
конкуренты и бренды;планер гугл таблицы;907;0;;гугл таблицы;общий
конкуренты и бренды;1с предприятие онлайн;906;0;;1с предприятие;общий
конкуренты и бренды;https google com таблицы;905;0;;google таблицы;общий
язык задач — учёт;счетах учета финансового результата;905;0;;финансовый учет;общий
задачи и боли Excel;таблицы excel для учета;901;0;;excel для учета;общий
импортозамещение и закупка;как создать свой сервер в раст;899;0;;свой сервер;общий
конкуренты и бренды;гугл таблицы вкладки;898;0;;гугл таблицы;общий
конкуренты и бренды;1с предприятие пособия;897;0;;1с предприятие;общий
язык задач — система/программа;информационная система учета отходов;896;0;;система учета;общий
импортозамещение и закупка;как создать свой сервер в майнкрафт лаунчер;896;0;;свой сервер;общий
данные и справочники;дать оценку качества;896;0;;качество данных;общий
импортозамещение и закупка;фильмы по великой отечественной;895;0;;отечественное по;общий
конкуренты и бренды;1с предприятие 8 скачать;894;0;;1с предприятие;навигация
импортозамещение и закупка;можно ли создать свой сервер;893;0;;свой сервер;общий
язык задач — учёт;средства учета затрат;892;0;;учет затрат;общий
язык задач — учёт;учет отходов производства;892;0;;учет производства;общий
импортозамещение и закупка;как сделать сервер своей игры;892;0;;свой сервер;общий
импортозамещение и закупка;требования по закупкам 223 фз;891;0;;закупка по 223 фз;общий
конкуренты и бренды;1с предприятия для начинающих;890;0;;1с предприятие;общий
язык задач — система/программа;система учета расчетов;890;0;;система учета;общий
конкуренты и бренды;1с предприятие 64;889;0;;1с предприятие;общий
язык задач — учёт;организация учета продажи;889;0;;учет продаж;общий
язык задач — учёт;учет производства документы;886;0;;учет производства;общий
язык задач — учёт;как проверить учет машины после продажи;885;0;;учет продаж;общий
язык задач — учёт;суммированный учет рабочего времени сотрудников;884;0;;учет сотрудников;общий
язык задач — учёт;вести учет по договорам;883;0;;учет договоров;общий
язык задач — учёт;цель финансового учета;883;0;;финансовый учет;общий
язык задач — учёт;учет без затрат;883;0;;учет затрат;общий
язык задач — система/программа;система учета проектов;883;0;;система учета;общий
язык задач — учёт;форма учета несчастных случаев на производстве;882;0;;учет производства;общий
конкуренты и бренды;битрикс24 войти;881;0;;битрикс24;навигация
конкуренты и бренды;не открывается гугл таблица;881;0;;гугл таблицы;общий
язык задач — учёт;учет финансового обеспечения;881;0;;финансовый учет;общий
импортозамещение и закупка;видео майнкрафт свой сервер;880;0;;свой сервер;общий
язык задач — учёт;постановка на учет оборудования;878;0;;учет оборудования;общий
язык задач — система/программа;система учета вода;878;0;;система учета;общий
данные и справочники;качество данного видео;878;0;;качество данных;общий
язык задач — система/программа;системы коммерческого учета;877;0;;система учета;общий
конкуренты и бренды;1с предприятие код;876;0;;1с предприятие;общий
импортозамещение и закупка;книги по отечественной войне;875;0;;отечественное по;общий
данные и справочники;уровни качества данных;874;0;;качество данных;общий
конкуренты и бренды;гугл таблицы наибольший;873;0;;гугл таблицы;общий
язык задач — учёт;учет доставки товаров;873;0;;учет товаров;общий
язык задач — система/программа;государственная информационная система учета отходов;872;0;;система учета;общий
конкуренты и бренды;картинки гугл таблицы;871;0;;гугл таблицы;общий
конкуренты и бренды;1с предприятие инструкция;871;0;;1с предприятие;учебное
конкуренты и бренды;1с производственное предприятие;870;0;;1с предприятие;общий
язык задач — учёт;воинский учет договор;870;0;;учет договоров;общий
язык задач — учёт;ведение бухгалтерского финансового учета;870;0;;финансовый учет;общий
конкуренты и бренды;notion site;868;0;;notion;общий
язык задач — учёт;учет договоров контрагентов;868;0;;учет договоров;общий
ии и новое;ии агент приложение;868;0;;ии агент;общий
данные и справочники;качество исходных данных;868;0;;качество данных;общий
язык задач — система/программа;создание системы учета;866;0;;система учета;общий
конкуренты и бренды;google spreadsheet таблица;865;0;;google таблицы;общий
конкуренты и бренды;виды 1с предприятия;865;0;;1с предприятие;общий
язык задач — система/программа;систем учета электрической энергии;865;0;;система учета;общий
язык задач — учёт;учет товаров торговля;864;0;;учет товаров;общий
данные и справочники;сопоставления товаров;863;0;;сопоставление товаров;общий
конкуренты и бренды;расходы предприятия 1с;862;0;;1с предприятие;общий
ии и новое;ии агенты обучение;861;0;;ии агент;учебное
данные и справочники;повышение качества данных;861;0;;качество данных;общий
язык задач — учёт;счет учета склад;860;0;;учет склада;общий
импортозамещение и закупка;свой vps сервер;860;0;;свой сервер;общий
создание и внедрение;внедрение 1с erp;859;0;;внедрение erp;покупка
импортозамещение и закупка;сайт отечественное по;858;0;;отечественное по;общий
импортозамещение и закупка;свой интернет сервер;858;0;;свой сервер;общий
язык задач — учёт;учет выполнения договоров;857;0;;учет договоров;общий
импортозамещение и закупка;книги по великой отечественной войне;857;0;;отечественное по;общий
импортозамещение и закупка;свой сервер майнкрафт с модами;857;0;;свой сервер;общий
ии и новое;как сделать ии агента;857;0;;ии агент;общий
язык задач — учёт;система учета договоров;856;0;;учет договоров;общий
язык задач — учёт;организация кадрового учета;856;0;;кадровый учет;общий
язык задач — система/программа;уведомление о регистрации в системе индивидуального учета;856;0;;система учета;общий
конкуренты и бренды;https docs google таблица;855;0;;google таблицы;общий
язык задач — учёт;учет основного оборудования;855;0;;учет оборудования;общий
импортозамещение и закупка;купить свой сервер;854;0;;свой сервер;покупка
язык задач — учёт;учет договоров залога;853;0;;учет договоров;общий
конкуренты и бренды;https docs google com таблица;852;0;;google таблицы;общий
язык задач — система/программа;постановка на учет системы;852;0;;система учета;общий
конкуренты и бренды;гугл таблица условие;850;0;;гугл таблицы;общий
язык задач — учёт;учет продажи акций;850;0;;учет продаж;общий
конкуренты и бренды;аналоги notion;849;0;;notion;выбор
импортозамещение и закупка;свой ip сервер;849;0;;свой сервер;общий
данные и справочники;качество данных требования к данным;849;0;;качество данных;общий
конкуренты и бренды;база данных 1с предприятие;848;0;;1с предприятие;общий
язык задач — система/программа;бюджетная отчетность бюджетной системы;848;0;;система отчетности;общий
импортозамещение и закупка;где можно создать свой сервер;848;0;;свой сервер;общий
данные и справочники;модель качества данных;848;0;;качество данных;общий
язык задач — учёт;учет платежей по договорам;847;0;;учет договоров;общий
конкуренты и бренды;1с предприятие кластер серверов;845;0;;1с предприятие;общий
язык задач — система/программа;системы учета мест;845;0;;система учета;общий
импортозамещение и закупка;свой сервер 1.6;845;0;;свой сервер;общий
конкуренты и бренды;microsoft access скачать;844;0;;microsoft access;навигация
язык задач — учёт;вести финансовый учет;844;0;;финансовый учет;общий
язык задач — учёт;ремонт приборов учета;844;0;;учет ремонтов;общий
данные и справочники;данные низкого качества;844;0;;качество данных;общий
конкуренты и бренды;гугл докс таблицы;843;0;;гугл таблицы;общий
язык задач — учёт;учет списания товаров;843;0;;учет товаров;общий
язык задач — учёт;специальный учет сотрудников;843;0;;учет сотрудников;общий
данные и справочники;качество базы данных;841;0;;качество данных;общий
конкуренты и бренды;google таблицы скачать;839;0;;google таблицы;навигация
конкуренты и бренды;разделить гугл таблицы;839;0;;гугл таблицы;общий
данные и справочники;дайте определение качества;838;0;;качество данных;общий
язык задач — учёт;учет оплаты товаров;837;0;;учет товаров;общий
импортозамещение и закупка;фильмы по великую отечественную войну;837;0;;отечественное по;общий
конкуренты и бренды;гугл аккаунт таблицы;836;0;;гугл таблицы;общий
конкуренты и бренды;1с бухгалтерии предприятия 8;836;0;;1с предприятие;общий
данные и справочники;проверка качества данных;834;0;;качество данных;общий
язык задач — учёт;финансовый учет работа;833;0;;финансовый учет;общий
язык задач — учёт;ответы бухгалтерский финансовый учет;833;0;;финансовый учет;общий
язык задач — учёт;затраты отражены в учете;833;0;;учет затрат;общий
язык задач — учёт;продажа книг учета;832;0;;учет продаж;общий
конкуренты и бренды;документы битрикс24;831;0;;битрикс24;общий
язык задач — учёт;вести учет продаж;831;0;;учет продаж;общий
язык задач — учёт;снять авто с учета без продажи;830;0;;учет продаж;общий
язык задач — учёт;учет обращений граждан;830;0;;учет обращений;общий
язык задач — система/программа;crm система для бизнеса;830;0;;crm система;общий
конкуренты и бренды;сумма 1с предприятие;829;0;;1с предприятие;общий
данные и справочники;давайте потанцуем хорошее качество;827;0;;качество данных;общий
конкуренты и бренды;календарь в гугл таблицах;826;0;;гугл таблицы;общий
язык задач — учёт;учет себестоимости товаров;826;0;;учет товаров;общий
язык задач — учёт;учет текущего ремонта;826;0;;учет ремонтов;общий
язык задач — учёт;5 учет финансовых результатов;824;0;;финансовый учет;общий
язык задач — система/программа;информационные системы учета данных;824;0;;система учета;общий
данные и справочники;что можно дать в качестве;822;0;;качество данных;общий
конкуренты и бренды;платформа 1с предприятие 8;821;0;;1с предприятие;общий
язык задач — учёт;какая цель управленческого учета;821;0;;управленческий учет;общий
конкуренты и бренды;1 таблица гугл;820;0;;гугл таблицы;общий
язык задач — учёт;госуслуги продажа автомобиля снятие с учета;819;0;;учет продаж;общий
язык задач — система/программа;система государственного документооборота;819;0;;система документооборота;общий
конкуренты и бренды;таблица https docs google com spreadsheets;818;0;;google таблицы;общий
язык задач — учёт;учет договоров строительного подряда;818;0;;учет договоров;общий
язык задач — учёт;учет продажа транспортных средств;818;0;;учет продаж;общий
импортозамещение и закупка;размещенные закупки по 223 фз;818;0;;закупка по 223 фз;общий
язык задач — учёт;учет сотрудников учреждения;817;0;;учет сотрудников;общий
конкуренты и бренды;гугл таблицы условное;816;0;;гугл таблицы;общий
язык задач — учёт;учет эксплуатации оборудования;816;0;;учет оборудования;общий
язык задач — система/программа;основа системы учета;816;0;;система учета;общий
импортозамещение и закупка;домер на своем сервере;815;0;;свой сервер;общий
конкуренты и бренды;как закрепить строку в гугл таблицах;813;0;;гугл таблицы;общий
язык задач — учёт;учет материалов и оборудования;812;0;;учет оборудования;общий
конкуренты и бренды;1с бухгалтерия предприятия редакция;811;0;;1с предприятие;общий
импортозамещение и закупка;сделать свой сервер майнкрафт бесплатно;811;0;;свой сервер;навигация
конкуренты и бренды;консоль 1с предприятие;810;0;;1с предприятие;общий
импортозамещение и закупка;по отечественного производства;810;0;;отечественное по;общий
конкуренты и бренды;запуск 1с предприятие;809;0;;1с предприятие;общий
импортозамещение и закупка;размещение закупок по 223 фз;809;0;;закупка по 223 фз;общий
язык задач — система/программа;crm системы клиентов;808;0;;crm система;общий
импортозамещение и закупка;свой собственный сервер;806;0;;свой сервер;общий
язык задач — система/программа;типы систем учета;805;0;;система учета;общий
создание и внедрение;учет в 1с комплексная автоматизация;805;0;;автоматизация учета;общий
данные и справочники;качество данных 2023;805;0;;качество данных;общий
конкуренты и бренды;как сделать google таблицу;804;0;;google таблицы;общий
язык задач — учёт;учет закупок в 1;802;0;;учет закупок;общий
язык задач — учёт;учет ремонта автомобиля;802;0;;учет ремонтов;общий
язык задач — учёт;учета ремонт и техническое обслуживание;802;0;;учет ремонтов;общий
данные и справочники;давай сражаться призрак в хорошем качестве;802;0;;качество данных;общий
язык задач — система/программа;разработка систем учета;801;0;;система учета;общий
язык задач — учёт;учет контрактов договоров;799;0;;учет договоров;общий
язык задач — система/программа;выбрать систему документооборота;798;0;;система документооборота;выбор
данные и справочники;дать характеристику качества;798;0;;качество данных;общий
язык задач — система/программа;системе образовательный учет;797;0;;система учета;общий
язык задач — система/программа;единая система документооборота;797;0;;система документооборота;общий
конкуренты и бренды;гугл таблица скачать бесплатно;795;0;;гугл таблицы;навигация
язык задач — учёт;финансовые активы учет;795;0;;финансовый учет;общий
язык задач — учёт;товары с ндс в учете;794;0;;учет товаров;общий
язык задач — учёт;система учета обращений;794;0;;учет обращений;общий
язык задач — учёт;как снять автомобиль с учета без продажи;793;0;;учет продаж;общий
язык задач — учёт;учет доходов по договорам;792;0;;учет договоров;общий
язык задач — учёт;финансовый учет компании;791;0;;финансовый учет;общий
язык задач — учёт;финансовый учет предприятия;791;0;;финансовый учет;общий
конкуренты и бренды;1с предприятие контрагенты;789;0;;1с предприятие;общий
язык задач — учёт;финансовый орган учет;789;0;;финансовый учет;общий
язык задач — учёт;учет основных производств;789;0;;учет производства;общий
язык задач — система/программа;федеральная система учета отходов;789;0;;система учета;общий
ии и новое;система ии агентов;789;0;;ии агент;общий
ии и новое;приложение с помощью нейросети;789;0;;приложение с помощью нейросети;общий
конкуренты и бренды;гугл док таблицы;788;0;;гугл таблицы;общий
конкуренты и бренды;таблица гугл доки;788;0;;гугл таблицы;общий
язык задач — учёт;учет продаж услуг;788;0;;учет продаж;общий
язык задач — учёт;учет финансовых учреждения;787;0;;финансовый учет;общий
язык задач — учёт;продажа без снятия с учета;786;0;;учет продаж;общий
язык задач — учёт;учет технологического оборудования;786;0;;учет оборудования;общий
язык задач — учёт;учет вспомогательного оборудования;786;0;;учет оборудования;общий
данные и справочники;данном случае в качестве;786;0;;качество данных;общий
язык задач — учёт;формирование финансового учета;785;0;;финансовый учет;общий
язык задач — система/программа;работа в системе документооборота;785;0;;система документооборота;общий
импортозамещение и закупка;специалиста по закупкам 223 фз;785;0;;закупка по 223 фз;общий
конкуренты и бренды;гугл таблица время;783;0;;гугл таблицы;общий
конкуренты и бренды;1с предприятие торрент;783;0;;1с предприятие;общий
импортозамещение и закупка;свой сервер гта;782;0;;свой сервер;общий
конкуренты и бренды;скачать приложение notion;781;0;;notion;навигация
конкуренты и бренды;гугл таблицы пропадут;781;0;;гугл таблицы;общий
конкуренты и бренды;программа 1с предприятие 8.3;781;0;;1с предприятие;общий
язык задач — учёт;бухгалтерского учета финансово хозяйственной;780;0;;финансовый учет;общий
импортозамещение и закупка;играть на своем сервере майнкрафт;780;0;;свой сервер;общий
конкуренты и бренды;настроим битрикс24;779;0;;битрикс24;общий
конкуренты и бренды;1с предприятие 8.3 база;779;0;;1с предприятие;общий
конкуренты и бренды;новое в 1с предприятие;779;0;;1с предприятие;общий
язык задач — учёт;учет товаров в магазине;779;0;;учет товаров;общий
язык задач — учёт;снять автомобиль с учета без договора;779;0;;учет договоров;общий
язык задач — учёт;система управленческого учета;779;0;;управленческий учет;общий
язык задач — учёт;ремонт счет учета;776;0;;учет ремонтов;общий
язык задач — система/программа;отчетность систем налогообложения;776;0;;система отчетности;общий
импортозамещение и закупка;отечественная война 1941 1945 по фамилии;776;0;;отечественное по;общий
конкуренты и бренды;скачать 1с предприятие 8.3 бесплатно;775;0;;1с предприятие;навигация
конкуренты и бренды;гугл таблицы фото;774;0;;гугл таблицы;общий
конкуренты и бренды;1с предприятие клиентская лицензия;774;0;;1с предприятие;общий
язык задач — учёт;учета операций связанных с обращением;774;0;;учет обращений;общий
данные и справочники;качества данного процесса;774;0;;качество данных;общий
данные и справочники;дай мне скачать в хорошем качестве;774;0;;качество данных;навигация
данные и справочники;давайте потанцуем смотреть в хорошем качестве;774;0;;качество данных;общий
язык задач — учёт;услуги финансового учета;773;0;;финансовый учет;общий
конкуренты и бренды;notion kesre;771;0;;notion;общий
конкуренты и бренды;перевести гугл таблицу;771;0;;гугл таблицы;общий
конкуренты и бренды;google таблица онлайн;770;0;;google таблицы;общий
язык задач — учёт;детализация в управленческом учете;770;0;;управленческий учет;общий
импортозамещение и закупка;поиск участников великой отечественной по фамилии;770;0;;отечественное по;общий
данные и справочники;нотр дам лучшее качество;770;0;;качество данных;выбор
конкуренты и бренды;портал битрикс24;769;0;;битрикс24;общий
конкуренты и бренды;пользователи битрикс24;769;0;;битрикс24;общий
язык задач — учёт;ремонт в налоговом учете;769;0;;учет ремонтов;общий
конкуренты и бренды;битрикс24 коробочная;768;0;;битрикс24;общий
язык задач — система/программа;система управления erp;766;0;;erp система;общий
язык задач — учёт;бухгалтерский учет на производстве;764;0;;учет производства;общий
язык задач — учёт;сотрудники снятые с воинского учета;763;0;;учет сотрудников;общий
импортозамещение и закупка;участие в закупках по 223 фз;763;0;;закупка по 223 фз;общий
импортозамещение и закупка;как сделать свой сервер на телефоне;763;0;;свой сервер;общий
язык задач — учёт;журнал учета складского помещения;762;0;;складской учет;общий
язык задач — учёт;учет ремонта основных;762;0;;учет ремонтов;общий
язык задач — учёт;учет формы сотрудников;761;0;;учет сотрудников;общий
язык задач — система/программа;единая государственная информационная система учета;761;0;;система учета;общий
данные и справочники;даю год в хорошем качестве;761;0;;качество данных;общий
конкуренты и бренды;практические 1с предприятие;760;0;;1с предприятие;общий
язык задач — учёт;учет покупки товаров;759;0;;учет товаров;общий
язык задач — система/программа;система учета оплат;759;0;;система учета;общий
язык задач — система/программа;система учета мероприятий;759;0;;система учета;общий
язык задач — учёт;учет штрафов по договорам;757;0;;учет договоров;общий
язык задач — система/программа;определение системы учета;757;0;;система учета;общий
язык задач — система/программа;снилс в системе персонифицированного учета;756;0;;система учета;общий
ии и новое;ai ии агент;756;0;;ии агент;общий
конкуренты и бренды;версии платформы 1с предприятие;755;0;;1с предприятие;общий
язык задач — учёт;раздельный учет товаров;755;0;;учет товаров;общий
язык задач — учёт;учет производственного оборудования;755;0;;учет оборудования;общий
импортозамещение и закупка;тим спик свой сервер;755;0;;свой сервер;общий
конкуренты и бренды;1с предприятие 11;754;0;;1с предприятие;общий
язык задач — учёт;журнал учета операций связанных с обращением;753;0;;учет обращений;общий
конкуренты и бренды;как вставить ячейки в гугл таблице;752;0;;гугл таблицы;общий
конкуренты и бренды;1с предприятие 8 проф;752;0;;1с предприятие;общий
язык задач — система/программа;системы учета материала;752;0;;система учета;общий
данные и справочники;эдо сопоставление номенклатуры;752;0;;сопоставление номенклатуры;общий
конкуренты и бренды;notion в россии;751;0;;notion;общий
язык задач — учёт;продажа с постановкой на учет;751;0;;учет продаж;общий
язык задач — система/программа;федеральную государственную информационную систему учета отходов;751;0;;система учета;общий
конкуренты и бренды;google таблица создать;749;0;;google таблицы;общий
импортозамещение и закупка;свой сервер кс 2;749;0;;свой сервер;общий
данные и справочники;музыку давай в лучшем качестве;749;0;;качество данных;выбор
язык задач — система/программа;к учету относится система;748;0;;система учета;общий
конкуренты и бренды;1с предприятие 8.3 8.3 27.2214;747;0;;1с предприятие;общий
импортозамещение и закупка;сроки в закупках по 223 фз;747;0;;закупка по 223 фз;общий
язык задач — учёт;учет таможенного товара;746;0;;учет товаров;общий
язык задач — система/программа;система учета проверок;746;0;;система учета;общий
данные и справочники;порно дам мастер;746;0;;мастер данные;общий
конкуренты и бренды;power bi дашборды;745;0;;power bi;общий
язык задач — учёт;учет расходов на сотрудника;745;0;;учет сотрудников;общий
язык задач — система/программа;фз об индивидуальном учете в системе;745;0;;система учета;общий
язык задач — система/программа;систем учета ресурсов;745;0;;система учета;общий
язык задач — учёт;суть финансового учета;744;0;;финансовый учет;общий
импортозамещение и закупка;свой сервер кс 1.6;744;0;;свой сервер;общий
ии и новое;ии агент скачать;744;0;;ии агент;навигация
конкуренты и бренды;1с торговое предприятие;742;0;;1с предприятие;общий
язык задач — учёт;управленческий учет ответы;742;0;;управленческий учет;общий
конкуренты и бренды;карточка предприятия в 1с;741;0;;1с предприятие;общий
конкуренты и бренды;структура 1с предприятие;741;0;;1с предприятие;общий
язык задач — учёт;учет договора цессии;741;0;;учет договоров;общий
язык задач — система/программа;система электронного документооборота ответы;741;0;;система документооборота;общий
язык задач — система/программа;система информационной отчетности;741;0;;система отчетности;общий
язык задач — учёт;учет договоров в учреждении;740;0;;учет договоров;общий
язык задач — учёт;8.3 учет договоров;739;0;;учет договоров;общий
язык задач — учёт;учету продажи продукции;739;0;;учет продаж;общий
импортозамещение и закупка;свой днс сервер;739;0;;свой сервер;общий
конкуренты и бренды;1с предприятие список;738;0;;1с предприятие;общий
язык задач — учёт;ремонт без учета износа;738;0;;учет ремонтов;общий
конкуренты и бренды;внедрение битрикс24;735;0;;битрикс24;покупка
язык задач — система/программа;система работы электронного документооборота;734;0;;система документооборота;общий
импортозамещение и закупка;как сделать свой сервер в раст;734;0;;свой сервер;общий
импортозамещение и закупка;как создать свой сервер в т лаунчер;733;0;;свой сервер;общий
язык задач — учёт;программа для учета товара;732;0;;учет товаров;общий
язык задач — учёт;документы кадрового учета;732;0;;кадровый учет;общий
язык задач — система/программа;система документооборота делопроизводство;732;0;;система документооборота;общий
импортозамещение и закупка;свой сервер чата;731;0;;свой сервер;общий
конкуренты и бренды;гугл таблица онлайн вход;730;0;;гугл таблицы;навигация
язык задач — система/программа;обслуживание системы учета;730;0;;система учета;общий
конкуренты и бренды;1с предприятие налоги;729;0;;1с предприятие;общий
конкуренты и бренды;1с предприятие операции;729;0;;1с предприятие;общий
ии и новое;внедрение ии агентов;729;0;;ии агент;покупка
конкуренты и бренды;1с предприятие создание;728;0;;1с предприятие;общий
язык задач — учёт;финансовый учет определения;728;0;;финансовый учет;общий
создание и внедрение;цифровизации предприятия;728;0;;цифровизация предприятия;общий
конкуренты и бренды;1с фреш предприятие;727;0;;1с предприятие;общий
конкуренты и бренды;notion скачать бесплатно;726;0;;notion;навигация
язык задач — учёт;кадровый учет сотрудников;726;0;;учет сотрудников;общий
язык задач — учёт;бухгалтерский и налоговый учет товаров;725;0;;учет товаров;общий
язык задач — учёт;учет затрат документы;725;0;;учет затрат;общий
конкуренты и бренды;1с управление предприятием 2.5;723;0;;1с предприятие;общий
язык задач — система/программа;система документооборота эдо;723;0;;система документооборота;общий
конкуренты и бренды;таблица google sheets;722;0;;google таблицы;общий
язык задач — учёт;учет финансовое планирование;722;0;;финансовый учет;общий
язык задач — система/программа;программы для учета работы;722;0;;программа для учета;общий
язык задач — система/программа;суть crm систем;722;0;;crm система;общий
язык задач — система/программа;федеральная система электронного документооборота;721;0;;система документооборота;общий
импортозамещение и закупка;тумка на своем сервере;721;0;;свой сервер;общий
данные и справочники;аналитик качества данных;720;0;;качество данных;общий
данные и справочники;аналитика качества данных;720;0;;качество данных;общий
язык задач — учёт;финансовый учет университет;719;0;;финансовый учет;общий
конкуренты и бренды;notion на русском;718;0;;notion;общий
конкуренты и бренды;1с предприятие 7.7;718;0;;1с предприятие;общий
язык задач — система/программа;уведомление в системе индивидуального персонифицированного учета;718;0;;система учета;общий
конкуренты и бренды;amocrm вход;717;0;;amocrm;навигация
конкуренты и бренды;гугл таблица пустая;717;0;;гугл таблицы;общий
конкуренты и бренды;консоль сервера 1с предприятия;717;0;;1с предприятие;общий
конкуренты и бренды;notion kesre beach;716;0;;notion;общий
конкуренты и бренды;гугл таблицы 2;716;0;;гугл таблицы;общий
язык задач — учёт;организация учета финансово хозяйственной деятельности;716;0;;финансовый учет;общий
язык задач — учёт;учет процесс производства;716;0;;учет производства;общий
данные и справочники;фильм давайте потанцуем в хорошем качестве;716;0;;качество данных;общий
язык задач — учёт;учет кредитных договоров в кредитной организации;715;0;;учет договоров;общий
язык задач — учёт;учет затрат предприятий;715;0;;учет затрат;общий
импортозамещение и закупка;свой сервер для игры с друзьями;715;0;;свой сервер;общий
язык задач — учёт;учет складского материала;714;0;;складской учет;общий
язык задач — учёт;финансовые стандарты бухгалтерского учета;714;0;;финансовый учет;общий
язык задач — система/программа;система отчетности организаций;714;0;;система отчетности;общий
импортозамещение и закупка;223 фз закупки по суммам;714;0;;закупка по 223 фз;общий
данные и справочники;дала мастеру порно;714;0;;мастер данные;общий
конкуренты и бренды;как вернуть гугл таблицу;713;0;;гугл таблицы;общий
язык задач — учёт;снять машину с учета после продажи 2026;713;0;;учет продаж;общий
язык задач — учёт;бухгалтерского кадрового учета;713;0;;кадровый учет;общий
язык задач — учёт;системы учета затрат;713;0;;учет затрат;общий
язык задач — учёт;учет производства 1 с;713;0;;учет производства;общий
конкуренты и бренды;1с предприятие enterprise;712;0;;1с предприятие;общий
конкуренты и бренды;1с предприятие подключение;711;0;;1с предприятие;общий
язык задач — учёт;расчет учета затрат;711;0;;учет затрат;общий
импортозамещение и закупка;способы закупки по 223 фз;710;0;;закупка по 223 фз;общий
язык задач — система/программа;система учета операций;709;0;;система учета;общий
язык задач — учёт;учет договор с заказчиками;708;0;;учет договоров;общий
конкуренты и бренды;гугл таблицы история изменений;707;0;;гугл таблицы;общий
язык задач — учёт;учет покупок и продаж;707;0;;учет продаж;общий
язык задач — учёт;вести учет производства;707;0;;учет производства;общий
язык задач — система/программа;программа для учета рабочего;707;0;;программа для учета;общий
данные и справочники;давай дерзай хорошем качестве;707;0;;качество данных;общий
язык задач — учёт;управленческий учет вопросы;706;0;;управленческий учет;общий
импортозамещение и закупка;вопросы по закупкам по 223 фз;706;0;;закупка по 223 фз;общий
конкуренты и бренды;использование 1с предприятие;705;0;;1с предприятие;общий
задачи и боли Excel;формула впр в excel для чайников;705;0;;впр excel;учебное
язык задач — учёт;простой учет договоров;704;0;;учет договоров;общий
задачи и боли Excel;сводные таблицы excel инструкция;704;0;;сводные таблицы excel;учебное
конкуренты и бренды;https notion site;703;0;;notion;общий
язык задач — учёт;трудовой договор учет рабочего времени;703;0;;учет договоров;общий
язык задач — учёт;учет фактических затрат;703;0;;учет затрат;общий
язык задач — учёт;журнал учета производства работ;703;0;;учет производства;общий
данные и справочники;смотреть давай дерзай в хорошем качестве;703;0;;качество данных;общий
конкуренты и бренды;страница гугл таблицы;702;0;;гугл таблицы;общий
импортозамещение и закупка;игра майнкрафт свой сервер;702;0;;свой сервер;общий
язык задач — учёт;учет управленческой деятельности;701;0;;управленческий учет;общий
язык задач — учёт;маркировка товара учет;700;0;;учет товаров;общий
язык задач — учёт;журнал учета связанных с обращением лекарственных;699;0;;учет обращений;общий
импортозамещение и закупка;создать свой сервер бесплатно на телефоне;699;0;;свой сервер;навигация
конкуренты и бренды;клиенты битрикс24;698;0;;битрикс24;общий
конкуренты и бренды;запустить сервер 1с предприятия;698;0;;1с предприятие;общий
импортозамещение и закупка;отечественная по дням;698;0;;отечественное по;общий
импортозамещение и закупка;федеральные закупки по 223 фз;698;0;;закупка по 223 фз;общий
конкуренты и бренды;проводки 1с предприятие;697;0;;1с предприятие;общий
конкуренты и бренды;гугл таблицы учета;696;0;;гугл таблицы;общий
язык задач — учёт;прямой учет затрат;696;0;;учет затрат;общий
задачи и боли Excel;сводные таблица в excel примеры;696;0;;сводные таблицы excel;учебное
импортозамещение и закупка;команды своего сервера майнкрафт;696;0;;свой сервер;общий
импортозамещение и закупка;моды для своего сервера;696;0;;свой сервер;общий
конкуренты и бренды;power bi обучение;695;0;;power bi;учебное
конкуренты и бренды;1с erp управление предприятием 2.5;694;0;;1с предприятие;общий
язык задач — учёт;журнал учета влажности в складских помещениях;694;0;;складской учет;общий
язык задач — учёт;учет результатов хозяйственно финансовой деятельности;694;0;;финансовый учет;общий
язык задач — учёт;управленческий учет налогов;694;0;;управленческий учет;общий
данные и справочники;дораму давай дерзай в хорошем качестве;694;0;;качество данных;общий
конкуренты и бренды;администратор 1с предприятие;692;0;;1с предприятие;общий
язык задач — учёт;проверить учет автомобиля после продажи;692;0;;учет продаж;общий
язык задач — учёт;воинский учет сотрудников в организации;692;0;;учет сотрудников;общий
язык задач — система/программа;система учета доходы расходы;692;0;;система учета;общий
язык задач — система/программа;какую систему учета выбрать;692;0;;система учета;выбор
создание и внедрение;разработка и внедрение информационных систем;692;0;;внедрение информационной системы;покупка
язык задач — учёт;учет общих договоров;691;0;;учет договоров;общий
язык задач — учёт;журнал учета температуры складского помещения;691;0;;складской учет;общий
язык задач — учёт;правила финансов финансовый учет;691;0;;финансовый учет;общий
язык задач — учёт;правила финансового учета;691;0;;финансовый учет;общий
язык задач — система/программа;финансовые системы отчетность;691;0;;система отчетности;общий
импортозамещение и закупка;сервер aternos свой сервер;691;0;;свой сервер;общий
язык задач — учёт;учет договоров в ооо;690;0;;учет договоров;общий
язык задач — учёт;финансовый учет основные;690;0;;финансовый учет;общий
язык задач — учёт;учет монтажа оборудования;690;0;;учет оборудования;общий
данные и справочники;смотреть дораму давай дерзай хорошем качестве;690;0;;качество данных;общий
конкуренты и бренды;1с предприятие усн;689;0;;1с предприятие;общий
язык задач — учёт;отражение в финансовом учете;688;0;;финансовый учет;общий
язык задач — учёт;оборудование принято к учету;688;0;;учет оборудования;общий
конкуренты и бренды;1с предприятие элемент;687;0;;1с предприятие;общий
язык задач — учёт;принятие товара на учет;687;0;;учет товаров;общий
язык задач — учёт;учет финансового результата организации;687;0;;финансовый учет;общий
язык задач — учёт;производство варианты учета;687;0;;учет производства;общий
язык задач — система/программа;компания систем учета;686;0;;система учета;общий
язык задач — система/программа;система электронного учета документа;686;0;;система учета;общий
язык задач — система/программа;программа для учета расходов;686;0;;программа для учета;общий
конкуренты и бренды;notion com;685;0;;notion;общий
конкуренты и бренды;1с предприятие 8.3 клиент;685;0;;1с предприятие;общий
язык задач — учёт;учет времени работы сотрудников;685;0;;учет сотрудников;общий
конкуренты и бренды;ведомости 1с предприятие;684;0;;1с предприятие;общий
конкуренты и бренды;ошибки 1с предприятие 8.3;684;0;;1с предприятие;проблема
язык задач — учёт;учет расчетов товаром;684;0;;учет товаров;общий
импортозамещение и закупка;загрузить свой сервер;683;0;;свой сервер;общий
импортозамещение и закупка;свой сервер майнкрафт бесплатно на телефон;683;0;;свой сервер;навигация
конкуренты и бренды;как в гугл таблице сделать выпадающий список;682;0;;гугл таблицы;общий
язык задач — учёт;о бухгалтерском учете и финансовой отчетности;682;0;;финансовый учет;общий
задачи и боли Excel;как сделать впр в excel;682;0;;впр excel;общий
импортозамещение и закупка;закупки по 223 фз обучение;682;0;;закупка по 223 фз;учебное
импортозамещение и закупка;как создать свой сервер через;682;0;;свой сервер;общий
язык задач — учёт;постановка на учет после купли продажи;681;0;;учет продаж;общий
язык задач — учёт;учет продаж компании;681;0;;учет продаж;общий
язык задач — учёт;журнал учета температура и влажность складских помещений;681;0;;складской учет;общий
язык задач — учёт;учет сведений о сотрудниках;681;0;;учет сотрудников;общий
задачи и боли Excel;как работает впр в excel;681;0;;впр excel;общий
конкуренты и бренды;как оформить предприятие в 1с;680;0;;1с предприятие;общий
язык задач — учёт;учет продаж бесплатно;680;0;;учет продаж;навигация
импортозамещение и закупка;поиск по участникам великой отечественной войны;680;0;;отечественное по;общий
язык задач — учёт;маркетплейсы учет товаров;679;0;;учет товаров;общий
язык задач — система/программа;государственная система электронного документооборота;679;0;;система документооборота;общий
язык задач — система/программа;система электронного документооборота эдо;679;0;;система документооборота;общий
язык задач — учёт;учет импортных товаров;678;0;;учет товаров;общий
язык задач — учёт;порядок учета несчастных случаев на производстве;678;0;;учет производства;общий
язык задач — учёт;учет оборудования скачать;678;0;;учет оборудования;навигация
язык задач — учёт;договор безвозмездный учет;677;0;;учет договоров;общий
язык задач — система/программа;системы межведомственного документооборота;677;0;;система документооборота;общий
импортозамещение и закупка;создать свой сервер майнкрафт т лаунчер;677;0;;свой сервер;общий
язык задач — учёт;бухгалтерский финансовый учет вопросы;676;0;;финансовый учет;общий
язык задач — учёт;предприятие управленческий учет;676;0;;управленческий учет;общий
язык задач — учёт;несчастные случаи на производстве подлежащие учету;676;0;;учет производства;общий
импортозамещение и закупка;участники отечественной войны поиск по фамилии;676;0;;отечественное по;общий
язык задач — система/программа;элементы системы учета;675;0;;система учета;общий
конкуренты и бренды;1с предприятие скачать торрент;674;0;;1с предприятие;навигация
язык задач — учёт;управленческий учет программа;674;0;;управленческий учет;общий
язык задач — система/программа;система автоматизации учета;674;0;;система учета;общий
язык задач — система/программа;системы учета обучений;674;0;;система учета;учебное
язык задач — учёт;финансовый результат в бухгалтерском учете;673;0;;финансовый учет;общий
язык задач — учёт;учет ремонтов основных средств;673;0;;учет ремонтов;общий
ии и новое;работа с ии агентами;673;0;;ии агент;общий
конкуренты и бренды;power bi бесплатно;672;0;;power bi;навигация
задачи и боли Excel;сводные таблицы в excel пошаговая инструкция;672;0;;сводные таблицы excel;учебное
импортозамещение и закупка;как сделать свой сервер на атернос;672;0;;свой сервер;общий
конкуренты и бренды;битрикс24 коробка;671;0;;битрикс24;общий
язык задач — учёт;учет материалов на складе;671;0;;учет склада;общий
язык задач — учёт;учет затрат калькулирования;671;0;;учет затрат;общий
язык задач — учёт;системы учета закупок;671;0;;учет закупок;общий
язык задач — система/программа;использование систем электронного документооборота;671;0;;система документооборота;общий
язык задач — учёт;учет номенклатуры товара;670;0;;учет товаров;общий
язык задач — учёт;купля продажа авто постановка на учет;670;0;;учет продаж;общий
язык задач — учёт;учет приобретенных товаров;669;0;;учет товаров;общий
конкуренты и бренды;таблица power bi;667;0;;power bi;общий
конкуренты и бренды;1с предприятие дата;667;0;;1с предприятие;общий
конкуренты и бренды;1с предприятие 8 электронная поставка;667;0;;1с предприятие;общий
язык задач — учёт;учет договоров 1с 8.3;667;0;;учет договоров;общий
импортозамещение и закупка;как играть как создать свой сервер;666;0;;свой сервер;общий
язык задач — учёт;незавершенное производство счет учета;665;0;;учет производства;общий
импортозамещение и закупка;развитие отечественного по;665;0;;отечественное по;общий
данные и справочники;нотр дам смотреть в хорошем качестве;665;0;;качество данных;общий
конкуренты и бренды;данные google таблицы;663;0;;google таблицы;общий
язык задач — учёт;учет заработной платы сотрудников;663;0;;учет сотрудников;общий
данные и справочники;правила качества данных;663;0;;качество данных;общий
конкуренты и бренды;консоль кластера сервера 1с предприятие;662;0;;1с предприятие;общий
конкуренты и бренды;запустите 1с предприятие с параметрами;662;0;;1с предприятие;общий
язык задач — учёт;учет расхода оборудования;662;0;;учет оборудования;общий
язык задач — система/программа;внедрение систем учета;662;0;;система учета;покупка
язык задач — система/программа;группа системы учета;662;0;;система учета;общий
язык задач — учёт;1с бухгалтерия учет товаров;661;0;;учет товаров;общий
язык задач — учёт;учет ндс с продаж;661;0;;учет продаж;общий
данные и справочники;давай разведемся смотреть онлайн хорошем качестве;661;0;;качество данных;общий
конкуренты и бренды;курсы power bi;660;0;;power bi;учебное
язык задач — система/программа;автоматическая система учета;660;0;;система учета;общий
данные и справочники;давай разведемся онлайн в хорошем качестве;660;0;;качество данных;общий
конкуренты и бренды;1с 7 предприятие;659;0;;1с предприятие;общий
конкуренты и бренды;удалить предприятие 1с;659;0;;1с предприятие;общий
конкуренты и бренды;как сделать формулу в гугл таблице;658;0;;гугл таблицы;общий
конкуренты и бренды;1с предприятие вход;658;0;;1с предприятие;навигация
язык задач — учёт;управленческий учет решения;658;0;;управленческий учет;общий
язык задач — учёт;учет ремонта помещения;658;0;;учет ремонтов;общий
язык задач — система/программа;учет упрощенной системы налогообложения;658;0;;система учета;общий
данные и справочники;свойства качества данных;657;0;;качество данных;общий
язык задач — учёт;учет подписания договоров;656;0;;учет договоров;общий
конкуренты и бренды;программа 1с предприятие бухгалтерия;653;0;;1с предприятие;общий
язык задач — учёт;учет налога с продаж;653;0;;учет продаж;общий
конкуренты и бренды;гугл таблицы андроид;652;0;;гугл таблицы;общий
язык задач — учёт;финансовый учет показатели;652;0;;финансовый учет;общий
язык задач — система/программа;система планирования производства;652;0;;система планирования производства;общий
конкуренты и бренды;1с предприятие эдо;651;0;;1с предприятие;общий
язык задач — учёт;учет товара в 1с 8.3;651;0;;учет товаров;общий
конкуренты и бренды;1с предприятие самоучитель;650;0;;1с предприятие;общий
язык задач — учёт;учет реализованных товаров;650;0;;учет товаров;общий
язык задач — учёт;учет строительства реконструкции ремонта;650;0;;учет ремонтов;общий
язык задач — система/программа;единая система электронного документооборота;650;0;;система документооборота;общий
язык задач — система/программа;система учета тепловой;649;0;;система учета;общий
язык задач — учёт;ответы по финансовому учету;648;0;;финансовый учет;общий
конкуренты и бренды;как создать гугл таблицу с доступом;647;0;;гугл таблицы;общий
конкуренты и бренды;1с предприятие 8 версия;647;0;;1с предприятие;общий
язык задач — учёт;учет по складам в 1с;647;0;;учет склада;общий
конкуренты и бренды;битрикс24 api;646;0;;битрикс24;общий
язык задач — учёт;книга складского учета;646;0;;складской учет;общий
данные и справочники;качество информационных данных;645;0;;качество данных;общий
конкуренты и бренды;1с предприятие 8.3 разработчик;644;0;;1с предприятие;общий
импортозамещение и закупка;свой сервер scp;644;0;;свой сервер;общий
язык задач — учёт;пбу учет договоров;643;0;;учет договоров;общий
конкуренты и бренды;битрикс24 скачать бесплатно;642;0;;битрикс24;навигация
конкуренты и бренды;впр в гугл таблицах;642;0;;гугл таблицы;общий
язык задач — учёт;финансовый учет и аудит;642;0;;финансовый учет;общий
язык задач — система/программа;фсгс система отчетности;642;0;;система отчетности;общий
язык задач — учёт;учет финансовых обязательств;641;0;;финансовый учет;общий
язык задач — учёт;бухгалтерский учет финансовый учет налоговый учет;641;0;;финансовый учет;общий
язык задач — система/программа;системе персонифицированного учета российской федерации;641;0;;система учета;общий
конкуренты и бренды;проекты битрикс24;640;0;;битрикс24;общий
конкуренты и бренды;интеграция amocrm;638;0;;amocrm;общий
язык задач — учёт;учет остатков на складе;638;0;;учет склада;общий
язык задач — учёт;экономика и финансовый учет;638;0;;финансовый учет;общий
язык задач — система/программа;функционирование системы воинского учета;638;0;;система учета;общий
язык задач — система/программа;фсгс система сбора отчетности;638;0;;система отчетности;общий
язык задач — система/программа;система документооборота сэд;637;0;;система документооборота;общий
данные и справочники;сбор качество данных;637;0;;качество данных;общий
конкуренты и бренды;как создать общую гугл таблицу;635;0;;гугл таблицы;общий
язык задач — учёт;учет закупок 44 фз;635;0;;учет закупок;общий
язык задач — учёт;учет оборудования рабочих мест;635;0;;учет оборудования;общий
язык задач — учёт;журнал учета оборудования скачать;635;0;;учет оборудования;навигация
конкуренты и бренды;условное форматирование в гугл таблицах;634;0;;гугл таблицы;общий
конкуренты и бренды;1с предприятие не обнаружен;634;0;;1с предприятие;общий
конкуренты и бренды;1с предприятие практическое пособие;633;0;;1с предприятие;общий
язык задач — учёт;договор по приборам учета;633;0;;учет договоров;общий
язык задач — учёт;электронный учет договоров;633;0;;учет договоров;общий
язык задач — система/программа;система 1с документооборот;633;0;;система документооборота;общий
язык задач — учёт;учет договора комиссии;632;0;;учет договоров;общий
язык задач — система/программа;система межведомственного электронного документооборота;632;0;;система документооборота;общий
импортозамещение и закупка;лучшее отечественное по;632;0;;отечественное по;выбор
конкуренты и бренды;как сделать перенос гугл таблицы;631;0;;гугл таблицы;общий
импортозамещение и закупка;выберите отечественной по;631;0;;отечественное по;общий
конкуренты и бренды;1с предприятие вопрос;630;0;;1с предприятие;общий
язык задач — система/программа;ballu сплит система bsoi 10hn8 erp;630;0;;erp система;общий
конкуренты и бренды;1с бухгалтерия предприятия 3;629;0;;1с предприятие;общий
язык задач — учёт;виды договоров в учете;629;0;;учет договоров;общий
язык задач — система/программа;процессы системы документооборота;629;0;;система документооборота;общий
создание и внедрение;средства внедрения информационных систем;629;0;;внедрение информационной системы;покупка
язык задач — учёт;учет товаров ип;628;0;;учет товаров;общий
язык задач — учёт;учет хранения товаров;628;0;;учет товаров;общий
язык задач — учёт;бесплатный складской учет;628;0;;складской учет;общий
конкуренты и бренды;1с предприятие с параметрами enterprise;627;0;;1с предприятие;общий
конкуренты и бренды;1с предприятие открыть;627;0;;1с предприятие;общий
импортозамещение и закупка;федеральные законы по закупкам 223 фз;627;0;;закупка по 223 фз;общий
язык задач — учёт;учет уволенных сотрудников;626;0;;учет сотрудников;общий
импортозамещение и закупка;свой почтовый сервер;626;0;;свой сервер;общий
импортозамещение и закупка;как создать свой vpn сервер;626;0;;свой сервер;общий
язык задач — система/программа;система электронного документооборота федерального органа;625;0;;система документооборота;общий
импортозамещение и закупка;1 закупки по 223 фз;625;0;;закупка по 223 фз;общий
конкуренты и бренды;бухгалтерия предприятия редакция 3.0 1с предприятие;624;0;;1с предприятие;общий
язык задач — учёт;бронирование сотрудников по воинскому учету;623;0;;учет сотрудников;общий
язык задач — учёт;учет средств производства;623;0;;учет производства;общий
конкуренты и бренды;the days notion скачать;622;0;;notion;навигация
конкуренты и бренды;доступ гугл сделать таблицу;622;0;;гугл таблицы;общий
конкуренты и бренды;1с предприятие банк;622;0;;1с предприятие;общий
язык задач — учёт;учет производства услуг;622;0;;учет производства;общий
язык задач — система/программа;система электронного документооборота управление;622;0;;система документооборота;общий
импортозамещение и закупка;малые закупки по 223 фз;622;0;;закупка по 223 фз;общий
данные и справочники;улучшение качества данных;622;0;;качество данных;общий
конкуренты и бренды;ошибка гугл таблиц;621;0;;гугл таблицы;проблема
язык задач — учёт;контроль учета сотрудников;621;0;;учет сотрудников;общий
язык задач — система/программа;системы учета охраны;621;0;;система учета;общий
язык задач — система/программа;системы электронного документооборота электронная подпись;621;0;;система документооборота;общий
конкуренты и бренды;битрикс битрикс24;620;0;;битрикс24;общий
конкуренты и бренды;гугл таблицы информация;620;0;;гугл таблицы;общий
конкуренты и бренды;microsoft access engine;620;0;;microsoft access;общий
конкуренты и бренды;1с предприятие программирование;620;0;;1с предприятие;общий
язык задач — система/программа;система учета законодательства;620;0;;система учета;общий
конкуренты и бренды;гугл таблицы показать;619;0;;гугл таблицы;общий
конкуренты и бренды;microsoft access database engine;619;0;;microsoft access;общий
язык задач — учёт;договор услуги бухгалтерскому учету;619;0;;учет договоров;общий
язык задач — учёт;персонифицированный учет сотрудников;619;0;;учет сотрудников;общий
язык задач — учёт;журнал учета проверки оборудования;619;0;;учет оборудования;общий
импортозамещение и закупка;книга памяти великой отечественной войны по;619;0;;отечественное по;общий
импортозамещение и закупка;свой сервер самп;619;0;;свой сервер;общий
конкуренты и бренды;как сделать ссылку в гугл таблице;618;0;;гугл таблицы;общий
конкуренты и бренды;страховые взносы 1с предприятие;618;0;;1с предприятие;общий
язык задач — учёт;учет затрат на приобретение;618;0;;учет затрат;общий
импортозамещение и закупка;объем закупок по 223 фз;618;0;;закупка по 223 фз;общий
конкуренты и бренды;подключить битрикс24;617;0;;битрикс24;покупка
данные и справочники;качество данных 2025;617;0;;качество данных;общий
конкуренты и бренды;как в гугл таблице сделать дату;616;0;;гугл таблицы;общий
язык задач — учёт;финансовый учет стоимость;616;0;;финансовый учет;покупка
язык задач — система/программа;системы статистических учета;616;0;;система учета;общий
конкуренты и бренды;power bi excel;615;0;;power bi;общий
язык задач — система/программа;процессы системы управления проектами;615;0;;система управления проектами;общий
конкуренты и бренды;данные в power bi;614;0;;power bi;общий
конкуренты и бренды;1с предприятие ответы;614;0;;1с предприятие;общий
язык задач — учёт;внутренний финансовый учет;614;0;;финансовый учет;общий
язык задач — учёт;управленческого учета затрат;614;0;;управленческий учет;общий
язык задач — учёт;финансовый учет является;613;0;;финансовый учет;общий
язык задач — система/программа;интеллектуальные системы учета энергии;613;0;;система учета;общий
конкуренты и бренды;гугл таблицы название;611;0;;гугл таблицы;общий
конкуренты и бренды;таблицы гугл как сделать выбор;611;0;;гугл таблицы;выбор
язык задач — система/программа;учет системы водоснабжения;611;0;;система учета;общий
данные и справочники;в качестве решения данной;611;0;;качество данных;общий
конкуренты и бренды;права битрикс24;610;0;;битрикс24;общий
конкуренты и бренды;1с предприятие личный кабинет;610;0;;1с предприятие;навигация
язык задач — учёт;учет доходов и расходов финансовый;610;0;;финансовый учет;общий
язык задач — учёт;учет затрат виды учета;609;0;;учет затрат;общий
конкуренты и бренды;битрикс24 шаблоны;608;0;;битрикс24;общий
конкуренты и бренды;реализация в 1с предприятие;608;0;;1с предприятие;общий
язык задач — учёт;таблица учета товара;608;0;;учет товаров;общий
язык задач — учёт;постановка на учет автомобиля при продаже;608;0;;учет продаж;общий
импортозамещение и закупка;сборка своего сервера;608;0;;свой сервер;общий
конкуренты и бренды;1с предприятие ерп;607;0;;1с предприятие;общий
язык задач — учёт;учет партий товаров;607;0;;учет товаров;общий
язык задач — учёт;данные кадрового учета;607;0;;кадровый учет;общий
язык задач — система/программа;современные системы учета;607;0;;система учета;общий
язык задач — учёт;учет исполнительных производств;606;0;;учет производства;общий
язык задач — система/программа;системы интеллектуального учета электрической;606;0;;система учета;общий
язык задач — система/программа;инструкция по функционированию системы воинского учета;606;0;;система учета;учебное
конкуренты и бренды;битрикс24 звонки;605;0;;битрикс24;общий
язык задач — учёт;документ учета склада;605;0;;учет склада;общий
язык задач — учёт;раздельный финансовый учет;604;0;;финансовый учет;общий
язык задач — учёт;ведение управленческого учета;604;0;;управленческий учет;общий
импортозамещение и закупка;как создать свой сервер без;604;0;;свой сервер;общий
данные и справочники;качество данных обучение;604;0;;качество данных;учебное
конкуренты и бренды;looker studio;603;0;;looker studio;общий
язык задач — учёт;система учета времени сотрудников;603;0;;учет сотрудников;общий
импортозамещение и закупка;как создать свой сервер 2026;603;0;;свой сервер;общий
импортозамещение и закупка;мистер бист исследую свой заброшенный сервер;603;0;;свой сервер;общий
конкуренты и бренды;маркетплейс битрикс24;602;0;;битрикс24;общий
язык задач — система/программа;системы учета продукции;602;0;;система учета;общий
язык задач — система/программа;mes система управления;602;0;;mes система;общий
импортозамещение и закупка;виды закупок по 223 фз;602;0;;закупка по 223 фз;общий
конкуренты и бренды;1с предприятие 8.3 конфигурация;601;0;;1с предприятие;общий
язык задач — учёт;1 с учет продажи;601;0;;учет продаж;общий
язык задач — система/программа;управление crm системами;601;0;;crm система;общий
данные и справочники;данной задаче и качество;601;0;;качество данных;общий
язык задач — учёт;закон о финансовом учете;600;0;;финансовый учет;общий
создание и внедрение;автоматизация бухгалтерского учета;600;0;;автоматизация учета;общий
импортозамещение и закупка;как сделать свой впн сервер;600;0;;свой сервер;общий
данные и справочники;смотреть даю год в хорошем качестве;600;0;;качество данных;общий
конкуренты и бренды;клиентские лицензии 1с предприятие 8;599;0;;1с предприятие;общий
язык задач — учёт;надо снимать с учета при продаже;599;0;;учет продаж;общий
ии и новое;агент модели ии;599;0;;ии агент;общий
данные и справочники;даешь молодежь качестве;599;0;;качество данных;общий
конкуренты и бренды;аванс в 1с предприятие;598;0;;1с предприятие;общий
язык задач — учёт;учет затрат основных средств;598;0;;учет затрат;общий
конкуренты и бренды;1с управление производственным предприятием;597;0;;1с предприятие;общий
язык задач — учёт;ошибки учета товаров;597;0;;учет товаров;проблема
язык задач — учёт;простой учет продаж;597;0;;учет продаж;общий
язык задач — учёт;организация учета склада;597;0;;учет склада;общий
язык задач — учёт;журнал учета капитального ремонта;597;0;;учет ремонтов;общий
данные и справочники;что дает звание мастера;597;0;;мастер данные;общий
конкуренты и бренды;гугл таблицы на айфон;596;0;;гугл таблицы;общий
конкуренты и бренды;формулы в значения гугл таблица;596;0;;гугл таблицы;общий
язык задач — учёт;учет приобретения товаров;596;0;;учет товаров;общий
язык задач — учёт;накладная учета товара;595;0;;учет товаров;общий
язык задач — система/программа;система учета включает;595;0;;система учета;общий
импортозамещение и закупка;осуществление закупки по 223 фз;595;0;;закупка по 223 фз;общий
язык задач — учёт;учета расходов на продажу;594;0;;учет продаж;общий
язык задач — учёт;учет сотрудников предприятия;594;0;;учет сотрудников;общий
язык задач — система/программа;система учета рисков;594;0;;система учета;общий
импортозамещение и закупка;программы отечественного по;594;0;;отечественное по;общий
конкуренты и бренды;гугл таблица номера;593;0;;гугл таблицы;общий
язык задач — учёт;трудовой договор суммированный учет;593;0;;учет договоров;общий
язык задач — учёт;учет операций продажи;593;0;;учет продаж;общий
язык задач — учёт;учет затрат себестоимости продукции;593;0;;учет затрат;общий
конкуренты и бренды;формат ячейки в гугл таблицах;592;0;;гугл таблицы;общий
конкуренты и бренды;формула столбец в гугл таблицах;592;0;;гугл таблицы;общий
язык задач — учёт;учет страховых договоров;592;0;;учет договоров;общий
язык задач — учёт;продажа авто нужно снимать с учета;592;0;;учет продаж;общий
язык задач — учёт;карточка сотрудника воинский учет;592;0;;учет сотрудников;общий
язык задач — учёт;управленческого учета является;592;0;;управленческий учет;общий
язык задач — система/программа;учет платежная система;592;0;;система учета;общий
конкуренты и бренды;битрикс24 коробочная версия;591;0;;битрикс24;общий
конкуренты и бренды;1с предприятие пособие разработчика;591;0;;1с предприятие;общий
конкуренты и бренды;пособие 1с предприятие 8.3;590;0;;1с предприятие;общий
язык задач — учёт;1с счета учета затрат;590;0;;учет затрат;общий
импортозамещение и закупка;админка на свой сервер;589;0;;свой сервер;общий
конкуренты и бренды;1с предприятие 8.3 сервер лицензия;588;0;;1с предприятие;общий
конкуренты и бренды;1с предприятие практическое пособие разработчика;588;0;;1с предприятие;общий
конкуренты и бренды;1с предприятие упд;588;0;;1с предприятие;общий
язык задач — учёт;учет продаж проводки;588;0;;учет продаж;общий
язык задач — учёт;управление управленческим учетом;588;0;;управленческий учет;общий
импортозамещение и закупка;организация закупок по 223 фз;588;0;;закупка по 223 фз;общий
конкуренты и бренды;1с предприятие 8.3 купить;587;0;;1с предприятие;покупка
язык задач — учёт;сотрудники состоящие на воинском учете;587;0;;учет сотрудников;общий
язык задач — учёт;учет себестоимости производства;587;0;;учет производства;общий
данные и справочники;технология качество данных;587;0;;качество данных;общий
язык задач — учёт;учет товаров по поставщикам;586;0;;учет товаров;общий
импортозамещение и закупка;roblox свой сервер;586;0;;свой сервер;общий
конкуренты и бренды;доступ битрикс24;585;0;;битрикс24;общий
конкуренты и бренды;лицензии битрикс24;585;0;;битрикс24;общий
язык задач — система/программа;система учета кадров;585;0;;система учета;общий
конкуренты и бренды;база битрикс24;584;0;;битрикс24;общий
язык задач — система/программа;система персонифицированного учета пенсионного фонда;583;0;;система учета;общий
конкуренты и бренды;скачать 1с предприятие учебная;582;0;;1с предприятие;навигация
язык задач — учёт;учет гарантийного ремонта;582;0;;учет ремонтов;общий
задачи и боли Excel;excel для учета доходов и расходов;582;0;;excel для учета;общий
конкуренты и бренды;1с предприятие подразделения;581;0;;1с предприятие;общий
конкуренты и бренды;аналог гугл таблиц;580;0;;гугл таблицы;выбор
ии и новое;ии агент claude;580;0;;ии агент;общий
конкуренты и бренды;гугл эксель таблицы онлайн;579;0;;гугл таблицы;общий
язык задач — учёт;учет рабочего дня сотрудников;579;0;;учет сотрудников;общий
язык задач — учёт;учет финансовой аренды;579;0;;финансовый учет;общий
язык задач — учёт;программа учета производства;578;0;;учет производства;общий
язык задач — система/программа;программа для складского учета;578;0;;программа для учета;общий
конкуренты и бренды;битрикс24 для windows;577;0;;битрикс24;общий
конкуренты и бренды;гугл таблицы кнопки;577;0;;гугл таблицы;общий
язык задач — учёт;учет труда сотрудников;577;0;;учет сотрудников;общий
язык задач — учёт;объекты учета производства;577;0;;учет производства;общий
конкуренты и бренды;notion app;576;0;;notion;общий
конкуренты и бренды;google таблицы ссылка;576;0;;google таблицы;общий
конкуренты и бренды;сервисы 1с предприятие;576;0;;1с предприятие;общий
язык задач — учёт;бухгалтерский учет финансово хозяйственной деятельности;576;0;;финансовый учет;общий
язык задач — учёт;учет отходов производства и потребления;576;0;;учет производства;общий
язык задач — система/программа;какие есть системы учета;576;0;;система учета;общий
язык задач — система/программа;система электронного документооборота делопроизводство;576;0;;система документооборота;общий
импортозамещение и закупка;свой сервер ник;576;0;;свой сервер;общий
язык задач — учёт;учет товаров ведется;575;0;;учет товаров;общий
конкуренты и бренды;возможности 1с предприятие;574;0;;1с предприятие;общий
язык задач — учёт;движение товара учет;574;0;;учет товаров;общий
язык задач — учёт;бланк учета продаж;574;0;;учет продаж;общий
язык задач — учёт;финансовая отчетность стандарт бухгалтерский учет;574;0;;финансовый учет;общий
язык задач — учёт;учет оборудования под давлением;574;0;;учет оборудования;общий
язык задач — система/программа;сплит система ballu bsoi 08hn8 erp;574;0;;erp система;общий
конкуренты и бренды;удалить битрикс24;573;0;;битрикс24;общий
язык задач — учёт;учет товаров отгруженных;573;0;;учет товаров;общий
конкуренты и бренды;1с предприятие сколько;572;0;;1с предприятие;общий
язык задач — учёт;учет отдельных договоров;572;0;;учет договоров;общий
задачи и боли Excel;как создать сводную таблицу в excel;572;0;;сводные таблицы excel;общий
конкуренты и бренды;гугл таблицы версии;571;0;;гугл таблицы;общий
язык задач — учёт;налоговый учет договора аренды;571;0;;учет договоров;общий
данные и справочники;качество данных продукт;571;0;;качество данных;общий
конкуренты и бренды;1с предприятие с нуля;570;0;;1с предприятие;общий
язык задач — учёт;виды финансовый учет;569;0;;финансовый учет;общий
язык задач — система/программа;c система документооборота;569;0;;система документооборота;общий
язык задач — учёт;пбу 2 2008 учет договоров;568;0;;учет договоров;общий
язык задач — учёт;налоговый управленческий учет;568;0;;управленческий учет;общий
язык задач — учёт;правила учета в производстве;568;0;;учет производства;общий
импортозамещение и закупка;свой сервера майнкрафт 1.21;567;0;;свой сервер;общий
конкуренты и бренды;битрикс24 ru;566;0;;битрикс24;общий
конкуренты и бренды;установить гугл таблицы;566;0;;гугл таблицы;общий
язык задач — учёт;учет договоров с поставщиками;566;0;;учет договоров;общий
импортозамещение и закупка;гта 5 свой сервер;566;0;;свой сервер;общий
данные и справочники;проблема качества данных;566;0;;качество данных;проблема
конкуренты и бренды;разработка в системе 1с предприятие;565;0;;1с предприятие;общий
язык задач — система/программа;системы производственного учета;565;0;;система учета;общий
язык задач — система/программа;система электронного документооборота сэд;565;0;;система документооборота;общий
язык задач — система/программа;crm система для малого;565;0;;crm система;общий
создание и внедрение;особенности внедрения информационных систем;565;0;;внедрение информационной системы;покупка
импортозамещение и закупка;я уничтожил сервер своей сестры;565;0;;свой сервер;общий
данные и справочники;качествами человека на данный;565;0;;качество данных;общий
конкуренты и бренды;списки битрикс24;564;0;;битрикс24;общий
конкуренты и бренды;1с предприятие поставщик;564;0;;1с предприятие;общий
язык задач — учёт;инструменты финансового учета;564;0;;финансовый учет;общий
язык задач — учёт;счета управленческого учета;564;0;;управленческий учет;общий
язык задач — система/программа;система учета документации;564;0;;система учета;общий
импортозамещение и закупка;как создать свой сервер с модами;564;0;;свой сервер;общий
язык задач — учёт;снятие авто с учета для продажи;563;0;;учет продаж;общий
язык задач — учёт;учет средств на ремонт;563;0;;учет ремонтов;общий
язык задач — учёт;учет дохода от продаж;562;0;;учет продаж;общий
язык задач — учёт;учет и контроль обращений;562;0;;учет обращений;общий
импортозамещение и закупка;как создать свой сервер в кс;562;0;;свой сервер;общий
данные и справочники;смотреть порно дам в качестве;562;0;;качество данных;общий
конкуренты и бренды;гугл таблица нумерация;561;0;;гугл таблицы;общий
конкуренты и бренды;1с предприятие 8.3 практическое;561;0;;1с предприятие;общий
язык задач — учёт;2 2008 учет договоров строительного подряда;561;0;;учет договоров;общий
язык задач — учёт;учет продажи недвижимости;561;0;;учет продаж;общий
язык задач — учёт;журнал учета вспомогательного оборудования;561;0;;учет оборудования;общий
задачи и боли Excel;впр excel из другой таблицы;561;0;;впр excel;общий
данные и справочники;составляющие качества данных;561;0;;качество данных;общий
конкуренты и бренды;1с предприятие чеки;560;0;;1с предприятие;общий
язык задач — учёт;продажа без постановки на учет;560;0;;учет продаж;общий
создание и внедрение;автоматизация процесса учета;560;0;;автоматизация учета;общий
импортозамещение и закупка;система закупок по 223 фз;560;0;;закупка по 223 фз;общий
конкуренты и бренды;tableau ru;559;0;;tableau;общий
язык задач — учёт;учет прослеживаемых товаров;559;0;;учет товаров;общий
язык задач — учёт;приказ учет договоров;559;0;;учет договоров;общий
язык задач — учёт;пбу учет договоров строительного подряда;559;0;;учет договоров;общий
язык задач — учёт;требования финансового учета;559;0;;финансовый учет;общий
импортозамещение и закупка;свой сервер времени;559;0;;свой сервер;общий
конкуренты и бренды;новая строка гугл таблицы;558;0;;гугл таблицы;общий
язык задач — учёт;договор без учета ндс;558;0;;учет договоров;общий
язык задач — учёт;учет командировок сотрудников;558;0;;учет сотрудников;общий
импортозамещение и закупка;как создать свой впн сервер;558;0;;свой сервер;общий
ии и новое;создание приложений с ии агентами;558;0;;ии агент;общий
язык задач — система/программа;система учета твердых коммунальных отходов;557;0;;система учета;общий
язык задач — система/программа;системы документооборота в органах власти;557;0;;система документооборота;общий
данные и справочники;дайте шоу бесплатно в хорошем качестве;557;0;;качество данных;навигация
язык задач — учёт;учет труда в производстве;556;0;;учет производства;общий
язык задач — учёт;журналы учета ремонта объектов;556;0;;учет ремонтов;общий
язык задач — система/программа;единая система отчетности;556;0;;система отчетности;общий
импортозамещение и закупка;по темам великая отечественная война;556;0;;отечественное по;общий
конкуренты и бренды;1с предприятие x86 64;555;0;;1с предприятие;общий
язык задач — учёт;учет товаров у покупателя;555;0;;учет товаров;общий
язык задач — система/программа;программа для учета документов;555;0;;программа для учета;общий
язык задач — учёт;учет обучения сотрудников;554;0;;учет сотрудников;учебное
язык задач — учёт;программа кадрового учета;554;0;;кадровый учет;общий
язык задач — система/программа;программа для учета времени;553;0;;программа для учета;общий
конкуренты и бренды;битрикс24 контакты;552;0;;битрикс24;общий
конкуренты и бренды;скачать notion remix;552;0;;notion;навигация
конкуренты и бренды;данные предприятия для 1с;552;0;;1с предприятие;общий
язык задач — учёт;варианты учета товаров;552;0;;учет товаров;общий
язык задач — система/программа;системы электронного документооборота в органах власти;551;0;;система документооборота;общий
язык задач — учёт;незавершенное производство счет бухгалтерского учета;550;0;;учет производства;общий
язык задач — система/программа;информационной системе учета твердых коммунальных отходов;550;0;;система учета;общий
язык задач — система/программа;система учета и планирования;549;0;;система учета;общий
язык задач — система/программа;программа для учета обучающихся;549;0;;программа для учета;общий
язык задач — система/программа;система контроля отчетности;549;0;;система отчетности;общий
язык задач — учёт;единица учета товаров;548;0;;учет товаров;общий
конкуренты и бренды;power bi report;547;0;;power bi;общий
язык задач — учёт;учет технического обслуживания оборудования;547;0;;учет оборудования;общий
язык задач — учёт;учет времени оборудования;547;0;;учет оборудования;общий
ии и новое;вайб кодинг курсы;547;0;;вайб кодинг;учебное
данные и справочники;даешь молодежь хорошем качестве;547;0;;качество данных;общий
конкуренты и бренды;агент 1с предприятие;546;0;;1с предприятие;общий
язык задач — система/программа;система управления проектами ответ;546;0;;система управления проектами;общий
данные и справочники;дайте шоу смотреть в хорошем качестве;546;0;;качество данных;общий
конкуренты и бренды;yandex tableau;545;0;;tableau;общий
конкуренты и бренды;ошибка с соединением сервера 1с предприятия;545;0;;1с предприятие;проблема
язык задач — учёт;международный финансовый учет;545;0;;финансовый учет;общий
язык задач — учёт;методы учета производства;545;0;;учет производства;общий
язык задач — система/программа;ооо система учета;545;0;;система учета;общий
конкуренты и бренды;дубли гугл таблицы;544;0;;гугл таблицы;общий
конкуренты и бренды;1с предприятие 8 5;543;0;;1с предприятие;общий
язык задач — учёт;система учета склада;543;0;;учет склада;общий
язык задач — учёт;информация управленческого учета;543;0;;управленческий учет;общий
язык задач — учёт;учет собственного производства;542;0;;учет производства;общий
язык задач — система/программа;crm система для малого бизнеса;542;0;;crm система;общий
задачи и боли Excel;таблицы excel функция впр;542;0;;впр excel;общий
импортозамещение и закупка;айпи своего сервера майнкрафт;542;0;;свой сервер;общий
импортозамещение и закупка;создать свой сервер майнкрафт бесплатно на телефон;542;0;;свой сервер;навигация
язык задач — учёт;учет договоров страхования;541;0;;учет договоров;общий
язык задач — учёт;бухгалтерия учет затрат;541;0;;учет затрат;общий
данные и справочники;что дает звание мастера спорта;541;0;;мастер данные;общий
язык задач — система/программа;федеральная государственная система учета твердых отходов;539;0;;система учета;общий
язык задач — система/программа;устройство системы учета;538;0;;система учета;общий
конкуренты и бренды;файлы битрикс24;537;0;;битрикс24;общий
конкуренты и бренды;раскрывающийся список в гугл таблицах;537;0;;гугл таблицы;общий
язык задач — учёт;пбу 2 учет договоров строительного подряда;537;0;;учет договоров;общий
язык задач — система/программа;система электронного документооборота приказ;537;0;;система документооборота;общий
конкуренты и бренды;смарт процессы битрикс24;536;0;;битрикс24;общий
язык задач — учёт;порядок учета продаж;536;0;;учет продаж;общий
язык задач — система/программа;система учета инструмента;536;0;;система учета;общий
язык задач — учёт;можно снять с учета автомобиль без продажи;535;0;;учет продаж;общий
язык задач — учёт;скачать складской учет;535;0;;складской учет;навигация
язык задач — учёт;регистры учета товаров;534;0;;учет товаров;общий
язык задач — учёт;учет договоров строительства;534;0;;учет договоров;общий
язык задач — учёт;карточка учета договоров;534;0;;учет договоров;общий
язык задач — учёт;учет договоров строительного подряда пбу 2 2008;534;0;;учет договоров;общий
язык задач — учёт;учет финансовых результатов определение;534;0;;финансовый учет;общий
язык задач — система/программа;автоматизированная система документооборота;534;0;;система документооборота;общий
язык задач — система/программа;системы автоматизирующие документооборот;534;0;;система документооборота;общий
конкуренты и бренды;как делать гугл таблицы;533;0;;гугл таблицы;общий
язык задач — учёт;бух учет товаров;533;0;;учет товаров;общий
язык задач — учёт;ведение складского учета;532;0;;складской учет;общий
язык задач — система/программа;система отчетности контур;532;0;;система отчетности;общий
язык задач — система/программа;система персонального учета;531;0;;система учета;общий
язык задач — система/программа;система учета ади рег;531;0;;система учета;общий
конкуренты и бренды;работа с гугл таблицами;530;0;;гугл таблицы;общий
конкуренты и бренды;есть ли гугл таблицы;530;0;;гугл таблицы;общий
язык задач — учёт;учет обращений в организации;530;0;;учет обращений;общий
язык задач — система/программа;журнал учета противопожарных систем;530;0;;система учета;общий
импортозамещение и закупка;результат закупки по 223 фз;530;0;;закупка по 223 фз;общий
задачи и боли Excel;excel сводная таблица значений;529;0;;сводные таблицы excel;общий
импортозамещение и закупка;как получить свой сервер;529;0;;свой сервер;общий
язык задач — система/программа;система учета дел;528;0;;система учета;общий
данные и справочники;даешь молодежь смотреть в хорошем качестве;528;0;;качество данных;общий
язык задач — учёт;программа для учета склада;527;0;;учет склада;общий
язык задач — учёт;ведем кадровый учет;527;0;;кадровый учет;общий
язык задач — учёт;вести кадровый учет;527;0;;кадровый учет;общий
язык задач — система/программа;банковская система учета;527;0;;система учета;общий
язык задач — учёт;учет результатов от продажи;526;0;;учет продаж;общий
язык задач — учёт;учет оборудования в ростехнадзоре;526;0;;учет оборудования;общий
задачи и боли Excel;excel впр сводные;526;0;;впр excel;общий
импортозамещение и закупка;сервер майнкрафт свой сайт;526;0;;свой сервер;общий
язык задач — система/программа;разработка системы управления проектом;525;0;;система управления проектами;общий
импортозамещение и закупка;переход на отечественное по;525;0;;отечественное по;общий
язык задач — учёт;1с учет агентских договоров;524;0;;учет договоров;общий
язык задач — учёт;виды учета производства;524;0;;учет производства;общий
язык задач — система/программа;система документооборота вход;524;0;;система документооборота;навигация
импортозамещение и закупка;заявка на закупку по 223 фз;524;0;;закупка по 223 фз;общий
конкуренты и бренды;формула суммы в гугл таблицах;523;0;;гугл таблицы;общий
язык задач — учёт;особенности учета производства;523;0;;учет производства;общий
язык задач — учёт;учет выполнения работ по капитальному ремонту;523;0;;учет ремонтов;общий
язык задач — учёт;суммированный учет рабочего времени договор;522;0;;учет договоров;общий
язык задач — учёт;учет затрат производства продукции;522;0;;учет затрат;общий
язык задач — учёт;стоимость ремонта с учетом износа;522;0;;учет ремонтов;покупка
данные и справочники;типы и качество данных;522;0;;качество данных;общий
конкуренты и бренды;гугл таблицы перенос в ячейке;521;0;;гугл таблицы;общий
язык задач — учёт;учет операции по договору;521;0;;учет договоров;общий
язык задач — система/программа;скачать программу для учета;521;0;;программа для учета;навигация
конкуренты и бренды;гугл таблицы столбец в строку;520;0;;гугл таблицы;общий
конкуренты и бренды;the days notion remix скачать;519;0;;notion;навигация
язык задач — учёт;бухгалтерский учет закупок;519;0;;учет закупок;общий
язык задач — система/программа;фгис учета информационных систем;519;0;;система учета;общий
создание и внедрение;техническое задание на создание системы;519;0;;техническое задание на систему;общий
язык задач — учёт;учет продаж определение;518;0;;учет продаж;общий
язык задач — учёт;цель учета затрат;518;0;;учет затрат;общий
данные и справочники;справочник номенклатуры единиц;518;0;;справочник номенклатуры;общий
конкуренты и бренды;как восстановить гугл таблицу;517;0;;гугл таблицы;общий
язык задач — учёт;система учета рабочего времени сотрудников;517;0;;учет сотрудников;общий
язык задач — система/программа;система индивидуального учета ади рег;517;0;;система учета;общий
данные и справочники;критерии качества данных;517;0;;качество данных;общий
язык задач — учёт;снять с учета продажа трейд ин;516;0;;учет продаж;общий
язык задач — учёт;учет услуг ремонта;516;0;;учет ремонтов;общий
импортозамещение и закупка;закупки бюджетными учреждениями по 223 фз;516;0;;закупка по 223 фз;общий
импортозамещение и закупка;адрес своего сервера майнкрафт;516;0;;свой сервер;общий
импортозамещение и закупка;выбери свой сервер;516;0;;свой сервер;общий
конкуренты и бренды;notion the rare скачать;515;0;;notion;навигация
конкуренты и бренды;гугл таблица список в ячейке;515;0;;гугл таблицы;общий
язык задач — учёт;учет складских товаров;514;0;;учет товаров;общий
язык задач — учёт;учет обеспечения договора;514;0;;учет договоров;общий
язык задач — учёт;машина снята с учета перед продажей;514;0;;учет продаж;общий
язык задач — учёт;прием сотрудника воинский учет;514;0;;учет сотрудников;общий
язык задач — система/программа;система учета участников;514;0;;система учета;общий
язык задач — учёт;товар учет 2 1;513;0;;учет товаров;общий
язык задач — учёт;бронирование сотрудников по воинскому учету 2026;513;0;;учет сотрудников;общий
данные и справочники;даешь молодежь в хорошем качестве бесплатно;513;0;;качество данных;навигация
конкуренты и бренды;amocrm кабинет;512;0;;amocrm;общий
конкуренты и бренды;notion occasions скачать;512;0;;notion;навигация
язык задач — система/программа;crm системы примеры;512;0;;crm система;учебное
язык задач — учёт;отдел финансового учета;511;0;;финансовый учет;общий
импортозамещение и закупка;государственные закупки по 223 фз;511;0;;закупка по 223 фз;общий
конкуренты и бренды;гугл таблица доходы;510;0;;гугл таблицы;общий
язык задач — учёт;бухгалтерские проводки учет товаров;510;0;;учет товаров;общий
импортозамещение и закупка;свой сервер кс2;510;0;;свой сервер;общий
данные и справочники;качестве ответа на данный вопрос;510;0;;качество данных;общий
язык задач — учёт;бухгалтерский учет склада;509;0;;учет склада;общий
импортозамещение и закупка;вопрос по отечественной войне;509;0;;отечественное по;общий
язык задач — учёт;учет по договору дарения;508;0;;учет договоров;общий
язык задач — учёт;как вести учет сотрудников;508;0;;учет сотрудников;общий
язык задач — учёт;организация бухгалтерского учета затрат;508;0;;учет затрат;общий
импортозамещение и закупка;комиссия по закупкам по 223 фз;508;0;;закупка по 223 фз;общий
конкуренты и бренды;создание битрикс24;507;0;;битрикс24;общий
язык задач — учёт;финансовый учет и отчетность организации;507;0;;финансовый учет;общий
язык задач — система/программа;блоки erp систем;507;0;;erp система;общий
импортозамещение и закупка;поставить свой сервер майнкрафт;507;0;;свой сервер;общий
язык задач — учёт;положение по учету договоров;506;0;;учет договоров;общий
язык задач — учёт;госуслуги постановка на учет купли продажи;506;0;;учет продаж;общий
язык задач — учёт;учета производственных затрат;506;0;;учет затрат;общий
импортозамещение и закупка;создать свой сервер майнкрафт для друзей;506;0;;свой сервер;общий
конкуренты и бренды;скрытая строка в гугл таблицах;505;0;;гугл таблицы;общий
язык задач — учёт;финансовый учет товаров;505;0;;учет товаров;общий
язык задач — система/программа;программа для учета бухгалтерии;504;0;;программа для учета;общий
импортозамещение и закупка;обеспечение закупки по 223 фз;504;0;;закупка по 223 фз;общий
импортозамещение и закупка;свой сервер в гаррис моде;504;0;;свой сервер;общий
импортозамещение и закупка;сделать свой сервер майнкрафт на телефон;504;0;;свой сервер;общий
язык задач — учёт;производство какие счета учета;503;0;;учет производства;общий
язык задач — учёт;учет ремонта в строительстве;503;0;;учет ремонтов;общий
импортозамещение и закупка;солдата великой отечественной войны по фамилии;503;0;;отечественное по;общий
импортозамещение и закупка;скины на свой сервер майнкрафт;503;0;;свой сервер;общий
ии и новое;ии агент алиса;503;0;;ии агент;общий
конкуренты и бренды;как редактировать гугл таблицу;502;0;;гугл таблицы;общий
конкуренты и бренды;как посмотреть историю в гугл таблице;502;0;;гугл таблицы;общий
язык задач — учёт;товары подлежащие учету;502;0;;учет товаров;общий
язык задач — учёт;системы складского учета;502;0;;складской учет;общий
язык задач — учёт;учет кадрового делопроизводства;502;0;;кадровый учет;общий
язык задач — учёт;ремонт узлов учета;502;0;;учет ремонтов;общий
язык задач — система/программа;система электронного документооборота вход;502;0;;система документооборота;навигация
импортозамещение и закупка;хостинг своего сервера майнкрафт;501;0;;свой сервер;общий
конкуренты и бренды;битрикс24 открыть;500;0;;битрикс24;общий
конкуренты и бренды;notion шаблоны;500;0;;notion;общий
язык задач — учёт;кадровый учет работников;500;0;;кадровый учет;общий
язык задач — учёт;управленческий учет анализ;500;0;;управленческий учет;общий
язык задач — учёт;счета затрат в бухгалтерском учете;500;0;;учет затрат;общий
импортозамещение и закупка;тест по отечественному;500;0;;отечественное по;учебное
язык задач — учёт;срок постановки на учет договора;499;0;;учет договоров;общий
язык задач — учёт;бухгалтерский учет финансовой деятельности организации;499;0;;финансовый учет;общий
язык задач — учёт;порядок в учете финансовых;499;0;;финансовый учет;общий
конкуренты и бренды;повторяющиеся значения в гугл таблицах;498;0;;гугл таблицы;общий
язык задач — учёт;карточка учета товара;498;0;;учет товаров;общий
импортозамещение и закупка;документация закупок по фз 223;498;0;;закупка по 223 фз;общий
конкуренты и бренды;notion the rare occasions скачать;497;0;;notion;навигация
конкуренты и бренды;гугл таблица данные из другой таблицы;497;0;;гугл таблицы;общий
язык задач — учёт;график учета времени сотрудников;497;0;;учет сотрудников;общий
язык задач — учёт;журнал учета времени сотрудников;497;0;;учет сотрудников;общий
импортозамещение и закупка;формы закупок по 223 фз;497;0;;закупка по 223 фз;общий
язык задач — система/программа;учет программ для эвм;496;0;;программа для учета;общий
импортозамещение и закупка;написать свой сервер;496;0;;свой сервер;общий
конкуренты и бренды;notion business;495;0;;notion;общий
данные и справочники;качество данных 2022;495;0;;качество данных;общий
конкуренты и бренды;как сделать общую гугл таблицу;494;0;;гугл таблицы;общий
импортозамещение и закупка;донат на свой сервер;493;0;;свой сервер;общий
язык задач — учёт;учет запасов товаров;491;0;;учет товаров;общий
язык задач — учёт;учет товаров закон;491;0;;учет товаров;общий
язык задач — учёт;учет работы рабочего времени сотрудников;491;0;;учет сотрудников;общий
язык задач — учёт;учет отгрузки товаров;490;0;;учет товаров;общий
язык задач — учёт;финансовый учет затрат;490;0;;финансовый учет;общий
язык задач — учёт;учет возмещения затрат;490;0;;учет затрат;общий
создание и внедрение;техническое задание на разработку системы;490;0;;техническое задание на систему;общий
импортозамещение и закупка;великая отечественная по дням;490;0;;отечественное по;общий
импортозамещение и закупка;закупки смсп по 223 фз;490;0;;закупка по 223 фз;общий
язык задач — учёт;финансовый учет статья;489;0;;финансовый учет;общий
импортозамещение и закупка;где создать свой сервер майнкрафт;489;0;;свой сервер;общий
импортозамещение и закупка;отечественная война по дням;488;0;;отечественное по;общий
импортозамещение и закупка;контракты закупки по 223 фз;488;0;;закупка по 223 фз;общий
импортозамещение и закупка;свой сервер в дейз;488;0;;свой сервер;общий
ии и новое;кодекс агент ии;488;0;;ии агент;общий
ии и новое;использование ии агентов;487;0;;ии агент;общий
данные и справочники;через давайте качестве;487;0;;качество данных;общий
конкуренты и бренды;как сделать галочки в гугл таблицах;486;0;;гугл таблицы;общий
язык задач — учёт;учет продажи и финансовых результатов;486;0;;учет продаж;общий
импортозамещение и закупка;как создать свой сервер тим спика;486;0;;свой сервер;общий
конкуренты и бренды;amocrm личный кабинет;485;0;;amocrm;навигация
язык задач — учёт;валютный учет договора;485;0;;учет договоров;общий
язык задач — учёт;госуслуги снятие с учета автомобиля после продажи;485;0;;учет продаж;общий
язык задач — учёт;форма учета продаж;485;0;;учет продаж;общий
язык задач — система/программа;программа для учета данных;485;0;;программа для учета;общий
язык задач — учёт;поэкземплярный учет товаров;484;0;;учет товаров;общий
язык задач — учёт;бесплатный учет товара;484;0;;учет товаров;общий
язык задач — учёт;учет затрат гоз;484;0;;учет затрат;общий
импортозамещение и закупка;вопросы по великой отечественной;484;0;;отечественное по;общий
конкуренты и бренды;битрикс24 партнеры;483;0;;битрикс24;общий
язык задач — система/программа;mes системы производства;483;0;;mes система;общий
язык задач — учёт;раздельный учет финансово хозяйственной деятельности;482;0;;финансовый учет;общий
язык задач — система/программа;внедрение erp систем;482;0;;erp система;покупка
задачи и боли Excel;поля сводной таблицы excel;482;0;;сводные таблицы excel;общий
данные и справочники;понятие качества данных;482;0;;качество данных;общий
конкуренты и бренды;продажа битрикс24;481;0;;битрикс24;общий
конкуренты и бренды;notion 4;481;0;;notion;общий
конкуренты и бренды;power bi сделать;481;0;;power bi;общий
данные и справочники;качество данных клиента;481;0;;качество данных;общий
импортозамещение и закупка;реестр закупок по 223 фз;480;0;;закупка по 223 фз;общий
импортозамещение и закупка;создать свой сайт сервера;480;0;;свой сервер;общий
ии и новое;курс по ии агентам;480;0;;ии агент;учебное
ии и новое;настрой ии агента;479;0;;ии агент;общий
данные и справочники;смотреть порно дам в хорошем качестве;479;0;;качество данных;общий
данные и справочники;на данный момент в качестве;479;0;;качество данных;общий
данные и справочники;дан балан скачать в хорошем качестве;479;0;;качество данных;навигация
язык задач — учёт;журнал технического учета и ремонта;478;0;;учет ремонтов;общий
данные и справочники;повысьте качество данных;478;0;;качество данных;общий
язык задач — учёт;учет финансовых результатов отчет;477;0;;финансовый учет;общий
язык задач — учёт;финансовый учет отражает;477;0;;финансовый учет;общий
язык задач — учёт;учет материальных затрат;477;0;;учет затрат;общий
конкуренты и бренды;форму битрикс24;476;0;;битрикс24;общий
конкуренты и бренды;символ гугл таблицы;476;0;;гугл таблицы;общий
конкуренты и бренды;гугл таблицы на русском;476;0;;гугл таблицы;общий
язык задач — учёт;учет продажа в бухгалтерии;476;0;;учет продаж;общий
язык задач — учёт;оценка финансового учета;476;0;;финансовый учет;общий
язык задач — учёт;журнал учета работ по капитальному ремонту;476;0;;учет ремонтов;общий
данные и справочники;порно дам в хорошем качестве бесплатно;476;0;;качество данных;навигация
конкуренты и бренды;границы гугл таблицы;475;0;;гугл таблицы;общий
язык задач — учёт;книга учета товара;475;0;;учет товаров;общий
язык задач — учёт;сотрудников подлежащих воинскому учету;475;0;;учет сотрудников;общий
импортозамещение и закупка;свой сервер арк;475;0;;свой сервер;общий
импортозамещение и закупка;создать свой приватный сервер;475;0;;свой сервер;общий
импортозамещение и закупка;сделать свой приватный сервер;475;0;;свой сервер;общий
конкуренты и бренды;как закрепить столбец в гугл таблице;474;0;;гугл таблицы;общий
язык задач — учёт;учет товаров ооо;473;0;;учет товаров;общий
импортозамещение и закупка;вопросы по великой отечественной войне;473;0;;отечественное по;общий
импортозамещение и закупка;как узнать свой сервер в майнкрафт;473;0;;свой сервер;общий
конкуренты и бренды;гугл рабочая таблица;472;0;;гугл таблицы;общий
конкуренты и бренды;битрикс24 на компьютер;471;0;;битрикс24;общий
конкуренты и бренды;битрикс24 телефон;471;0;;битрикс24;общий
язык задач — учёт;учет пени по договору;471;0;;учет договоров;общий
язык задач — учёт;форма финансового учета;471;0;;финансовый учет;общий
язык задач — учёт;стоимость ремонта без учета износа;471;0;;учет ремонтов;покупка
язык задач — система/программа;через систему электронного документооборота;471;0;;система документооборота;общий
язык задач — учёт;счет учета товаров в 1с;470;0;;учет товаров;общий
язык задач — учёт;учет договоров безвозмездного пользования;470;0;;учет договоров;общий
язык задач — учёт;данные бухгалтерского учета финансовая;470;0;;финансовый учет;общий
язык задач — учёт;учет аренды оборудования;470;0;;учет оборудования;общий
язык задач — учёт;учет ремонта здания;470;0;;учет ремонтов;общий
язык задач — система/программа;система медицинского электронного документооборота;470;0;;система документооборота;общий
импортозамещение и закупка;как телепортироваться на своем сервере;470;0;;свой сервер;общий
язык задач — учёт;суммированный учет времени трудовой договор;469;0;;учет договоров;общий
язык задач — учёт;учет заявок на закупку;469;0;;учет заявок;общий
язык задач — учёт;журнал учета склада;469;0;;учет склада;общий
язык задач — учёт;методы финансового учета;469;0;;финансовый учет;общий
язык задач — учёт;затрат учет ндс;469;0;;учет затрат;общий
данные и справочники;даешь молодежь в хорошем качестве онлайн;469;0;;качество данных;общий
данные и справочники;даешь молодежь качество смотреть онлайн;469;0;;качество данных;общий
конкуренты и бренды;битрикс24 что это такое простыми;468;0;;битрикс24;учебное
язык задач — учёт;учет реализации товаров услуг;468;0;;учет товаров;общий
язык задач — учёт;трудовой договор суммированный учет рабочего;468;0;;учет договоров;общий
язык задач — система/программа;программы для учета налогов;468;0;;программа для учета;общий
задачи и боли Excel;добавить сводную таблицу в excel;468;0;;сводные таблицы excel;общий
данные и справочники;единица измерения в справочнике номенклатуры;468;0;;справочник номенклатуры;общий
конкуренты и бренды;гугл таблица как в столбик;467;0;;гугл таблицы;общий
язык задач — учёт;постановка на воинский учет сотрудника;467;0;;учет сотрудников;общий
язык задач — учёт;восстановительный ремонт с учетом износа;467;0;;учет ремонтов;общий
данные и справочники;стандарты качества данных;467;0;;качество данных;общий
конкуренты и бренды;как удалить строку в гугл таблице;466;0;;гугл таблицы;общий
язык задач — учёт;информации финансового бухгалтерского учета;466;0;;финансовый учет;общий
язык задач — учёт;регистры финансового учета;466;0;;финансовый учет;общий
язык задач — учёт;журнал управленческий учет;466;0;;управленческий учет;общий
создание и внедрение;технологий внедрения информационных систем;466;0;;внедрение информационной системы;покупка
данные и справочники;сопоставление номенклатуры в 1с эдо;466;0;;сопоставление номенклатуры;общий
задачи и боли Excel;как пользоваться впр в excel;465;0;;впр excel;общий
конкуренты и бренды;сортировка в гугл таблицах;464;0;;гугл таблицы;общий
импортозамещение и закупка;курсы по закупкам 223 фз;464;0;;закупка по 223 фз;учебное
конкуренты и бренды;гугл таблица дата в ячейке;463;0;;гугл таблицы;общий
язык задач — учёт;еаэс учет товара;463;0;;учет товаров;общий
язык задач — учёт;20 счет учета затрат;463;0;;учет затрат;общий
конкуренты и бренды;гугл таблицы на пк;462;0;;гугл таблицы;общий
язык задач — учёт;журнал учета и испытаний оборудования;462;0;;учет оборудования;общий
язык задач — система/программа;сплит система ballu bsoi 12hn8 erp;462;0;;erp система;общий
ии и новое;ии агенты 2026;462;0;;ии агент;общий
язык задач — учёт;учет расчетов с сотрудниками;461;0;;учет сотрудников;общий
язык задач — учёт;таблица учета сотрудников;461;0;;учет сотрудников;общий
язык задач — учёт;оборудование узла учета;461;0;;учет оборудования;общий
задачи и боли Excel;excel сводная таблица несколько листов;461;0;;сводные таблицы excel;общий
данные и справочники;мастер баз данных;461;0;;мастер данные;общий
язык задач — учёт;учет товаров c;460;0;;учет товаров;общий
язык задач — учёт;управленческий учет бизнеса;460;0;;управленческий учет;общий
импортозамещение и закупка;сколько стоит свой сервер;460;0;;свой сервер;покупка
конкуренты и бренды;гугл таблицы видное;459;0;;гугл таблицы;общий
конкуренты и бренды;гугл таблицы флажок;458;0;;гугл таблицы;общий
конкуренты и бренды;как скрыть строки в гугл таблицах;458;0;;гугл таблицы;общий
язык задач — учёт;управленческий учет управленческий контроль;458;0;;управленческий учет;общий
язык задач — учёт;данные управленческого учета;458;0;;управленческий учет;общий
язык задач — учёт;производство учет в бухгалтерии;458;0;;учет производства;общий
язык задач — система/программа;программа для учета финансов;458;0;;программа для учета;общий
язык задач — система/программа;системы ведения электронного документооборота;458;0;;система документооборота;общий
импортозамещение и закупка;великая отечественная война по периодам;458;0;;отечественное по;общий
импортозамещение и закупка;как развернуть свой сервер;458;0;;свой сервер;общий
конкуренты и бренды;amocrm сделки;457;0;;amocrm;общий
данные и справочники;клава давай хорошее качество;457;0;;качество данных;общий
язык задач — учёт;учет продажи основных средств;456;0;;учет продаж;общий
импортозамещение и закупка;великая отечественная война по дням;456;0;;отечественное по;общий
импортозамещение и закупка;велико отечественная война по дням;456;0;;отечественное по;общий
конкуренты и бренды;как протянуть таблицу в гугл таблицах;455;0;;гугл таблицы;общий
конкуренты и бренды;гугл таблицы бюджет;455;0;;гугл таблицы;общий
конкуренты и бренды;преобразовать в таблицу в гугл таблицах;455;0;;гугл таблицы;общий
язык задач — учёт;программа учета клиентов;455;0;;учет клиентов;общий
язык задач — учёт;сортовой учет по товарам;455;0;;учет товаров;общий
импортозамещение и закупка;архив по великой отечественной;455;0;;отечественное по;общий
импортозамещение и закупка;отечественная война 1812 по;455;0;;отечественное по;общий
импортозамещение и закупка;создать свой локальный сервер;455;0;;свой сервер;общий
язык задач — учёт;учет калькулирования себестоимости затрат;454;0;;учет затрат;общий
язык задач — система/программа;программа для учета доходов;454;0;;программа для учета;общий
импортозамещение и закупка;как сделать свой сервер в тлаунчер;454;0;;свой сервер;общий
конкуренты и бренды;битрикс24 новое;453;0;;битрикс24;общий
конкуренты и бренды;загрузить таблицу в гугл таблицы;453;0;;гугл таблицы;общий
язык задач — учёт;учет состояния оборудования;453;0;;учет оборудования;общий
конкуренты и бренды;готовые гугл таблицы;452;0;;гугл таблицы;общий
конкуренты и бренды;гугл таблицы обучение;452;0;;гугл таблицы;учебное
конкуренты и бренды;power bi desktop скачать;452;0;;power bi;навигация
язык задач — учёт;склад складской учет;452;0;;учет склада;общий
язык задач — учёт;служба финансового учета;452;0;;финансовый учет;общий
импортозамещение и закупка;свой хост сервер;452;0;;свой сервер;общий
данные и справочники;давай в качестве примера;452;0;;качество данных;учебное
конкуренты и бренды;notion пк;451;0;;notion;общий
конкуренты и бренды;трекеры в гугл таблицах;451;0;;гугл таблицы;общий
язык задач — учёт;как отразить в учете оборудование;451;0;;учет оборудования;общий
ии и новое;автономные ии агенты;451;0;;ии агент;общий
данные и справочники;клава давай смотреть в хорошем качестве;451;0;;качество данных;общий
язык задач — учёт;учет реализации товаров ндс;450;0;;учет товаров;общий
язык задач — учёт;импорт учет товара;450;0;;учет товаров;общий
язык задач — учёт;управленческий учет компании;450;0;;управленческий учет;общий
конкуренты и бренды;как писать в гугл таблице;449;0;;гугл таблицы;общий
язык задач — учёт;счет учета продажи товара;449;0;;учет товаров;общий
язык задач — учёт;2 бухгалтерский финансовый учет;449;0;;финансовый учет;общий
конкуренты и бренды;сумма ячеек гугл таблицы;448;0;;гугл таблицы;общий
язык задач — учёт;статьи затрат в бухгалтерском учете;448;0;;учет затрат;общий
язык задач — учёт;журнал учета проверки и испытания оборудования;448;0;;учет оборудования;общий
импортозамещение и закупка;читы на своем сервере;448;0;;свой сервер;общий
язык задач — учёт;принятие к учету оборудования;447;0;;учет оборудования;общий
конкуренты и бренды;битрикс24 ответы;446;0;;битрикс24;общий
конкуренты и бренды;перенос текста в гугл таблицах;446;0;;гугл таблицы;общий
язык задач — учёт;снятие с учета при купле продаже;446;0;;учет продаж;общий
язык задач — учёт;финансовый менеджмент и учет;446;0;;финансовый учет;общий
язык задач — система/программа;программа для учета 8;446;0;;программа для учета;общий
язык задач — система/программа;программа для учета лет;446;0;;программа для учета;общий
язык задач — учёт;учет клиентов система;445;0;;учет клиентов;общий
язык задач — система/программа;система документооборота диадок;445;0;;система документооборота;общий
импортозамещение и закупка;как создать свой прокси сервер;445;0;;свой сервер;общий
конкуренты и бренды;как работать с гугл таблицами;444;0;;гугл таблицы;общий
конкуренты и бренды;гугл таблицы 0;444;0;;гугл таблицы;общий
язык задач — учёт;учет товаров озон;444;0;;учет товаров;общий
язык задач — учёт;документы складского учета;444;0;;складской учет;общий
импортозамещение и закупка;свой сервер почты;444;0;;свой сервер;общий
конкуренты и бренды;как сделать сумму в гугл таблицах;443;0;;гугл таблицы;общий
язык задач — учёт;правила учета договоров;443;0;;учет договоров;общий
импортозамещение и закупка;список отечественного по;443;0;;отечественное по;общий
конкуренты и бренды;notion kesre beach hotel;442;0;;notion;общий
язык задач — учёт;акт учета товара;442;0;;учет товаров;общий
язык задач — учёт;отчеты управленческого учета;442;0;;управленческий учет;общий
язык задач — учёт;учет и контроль производства;442;0;;учет производства;общий
конкуренты и бренды;заливка гугл таблицы;441;0;;гугл таблицы;общий
язык задач — учёт;учет услуг клиентов;441;0;;учет клиентов;общий
язык задач — учёт;учет сотрудников c;441;0;;учет сотрудников;общий
язык задач — учёт;план счетов финансового учета;440;0;;финансовый учет;общий
импортозамещение и закупка;как создать свой сервер 5;440;0;;свой сервер;общий
импортозамещение и закупка;бесплатное отечественное по;439;0;;отечественное по;навигация
ии и новое;ии агент ответы;439;0;;ии агент;общий
конкуренты и бренды;чем заменить 1с;438;0;;заменить 1с;выбор
конкуренты и бренды;как добавить строку в гугл таблице;438;0;;гугл таблицы;общий
конкуренты и бренды;как сделать фильтр в гугл таблицах;438;0;;гугл таблицы;общий
язык задач — учёт;экспорт товаров учет;438;0;;учет товаров;общий
язык задач — учёт;erp финансовый учет;438;0;;финансовый учет;общий
язык задач — система/программа;crm система внедрение;438;0;;crm система;покупка
конкуренты и бренды;битрикс24 уведомления;437;0;;битрикс24;общий
конкуренты и бренды;битрикс24 что это такое простыми словами;437;0;;битрикс24;учебное
конкуренты и бренды;почему не открывается гугл таблица;437;0;;гугл таблицы;общий
язык задач — учёт;бухгалтерский учет договоров аренды;437;0;;учет договоров;общий
язык задач — учёт;бухгалтерский учет финансовый аудит;437;0;;финансовый учет;общий
язык задач — система/программа;система учета персональных данных;437;0;;система учета данных;общий
импортозамещение и закупка;отечественные производители по;436;0;;отечественное по;общий
конкуренты и бренды;файл эксель в гугл таблицы;435;0;;гугл таблицы;общий
язык задач — учёт;трудовой договор воинский учет;435;0;;учет договоров;общий
язык задач — учёт;учет затрат 1с бухгалтерия;435;0;;учет затрат;общий
язык задач — учёт;учет машины и оборудование;435;0;;учет оборудования;общий
язык задач — учёт;1 с учет обращений;435;0;;учет обращений;общий
язык задач — система/программа;контур отчетность вход в систему;435;0;;система отчетности;навигация
язык задач — учёт;финансовый учет денежных средств;434;0;;финансовый учет;общий
язык задач — система/программа;crm системы какие есть;434;0;;crm система;общий
данные и справочники;элементы качества данных;434;0;;качество данных;общий
язык задач — учёт;для целей учета ндс не списано товара;433;0;;учет товаров;общий
язык задач — учёт;учет договора у агента;433;0;;учет договоров;общий
задачи и боли Excel;таблица excel для учета расходов;433;0;;excel для учета;общий
язык задач — учёт;учет продукции и товаров;432;0;;учет товаров;общий
язык задач — учёт;журнал учета рабочего времени сотрудников;432;0;;учет сотрудников;общий
язык задач — учёт;кадровый персонал учет;432;0;;кадровый учет;общий
язык задач — учёт;результаты управленческого учета;432;0;;управленческий учет;общий
язык задач — учёт;учет производство оборудования;432;0;;учет производства;общий
язык задач — учёт;журнал учета технического обслуживания и ремонта;432;0;;учет ремонтов;общий
язык задач — учёт;учет ремонта в организации;432;0;;учет ремонтов;общий
импортозамещение и закупка;архивы по великой отечественной войне;432;0;;отечественное по;общий
язык задач — учёт;основы финансового учета;431;0;;финансовый учет;общий
язык задач — учёт;учет деятельности сотрудников;430;0;;учет сотрудников;общий
язык задач — учёт;процесс учета оборудования;430;0;;учет оборудования;общий
данные и справочники;давай мастер и маргарита;430;0;;мастер данные;общий
данные и справочники;для использования в качестве данных;430;0;;качество данных;общий
конкуренты и бренды;примеры гугл таблиц;429;0;;гугл таблицы;учебное
язык задач — учёт;заявка на постановку объекта на учет;429;0;;учет заявок;общий
язык задач — система/программа;внедрение система управления проектами;429;0;;система управления проектами;покупка
импортозамещение и закупка;найти солдата великой отечественной по фамилии;429;0;;отечественное по;общий
импортозамещение и закупка;установка своего сервера;429;0;;свой сервер;общий
язык задач — учёт;товары с учетом скидки;428;0;;учет товаров;общий
язык задач — учёт;бюджетный учет товаров;428;0;;учет товаров;общий
язык задач — учёт;журнал учета электроинструмента и вспомогательного оборудования;428;0;;учет оборудования;общий
импортозамещение и закупка;строим свой сервер;428;0;;свой сервер;общий
ии и новое;ии агенты где;428;0;;ии агент;общий
конкуренты и бренды;amocrm api;427;0;;amocrm;общий
язык задач — учёт;учет государственных заказов;427;0;;учет заказов;общий
язык задач — учёт;постановка товаров на учет;427;0;;учет товаров;общий
язык задач — учёт;счет учета затрат 26;427;0;;учет затрат;общий
язык задач — учёт;бухгалтерский и налоговый учет затрат;427;0;;учет затрат;общий
язык задач — система/программа;бесплатная crm система;427;0;;crm система;общий
импортозамещение и закупка;документы закупки по 223 фз;427;0;;закупка по 223 фз;общий
импортозамещение и закупка;закупка по счетам по 223 фз;427;0;;закупка по 223 фз;общий
импортозамещение и закупка;создать свой рп сервер;427;0;;свой сервер;общий
конкуренты и бренды;ссылка битрикс24;426;0;;битрикс24;общий
язык задач — учёт;формы складского учета;426;0;;складской учет;общий
язык задач — учёт;финансовые документы бухгалтерского учета;426;0;;финансовый учет;общий
язык задач — учёт;учет обращений правила;426;0;;учет обращений;общий
язык задач — система/программа;система электронного документооборота диадок;426;0;;система документооборота;общий
язык задач — система/программа;упрощенная система отчетности;426;0;;система отчетности;общий
задачи и боли Excel;впр excel пошагово;426;0;;впр excel;учебное
язык задач — учёт;раздельный учет результатов финансово хозяйственной деятельности;425;0;;финансовый учет;общий
язык задач — учёт;учет продаж материалов;424;0;;учет продаж;общий
язык задач — учёт;организация учета финансового результата деятельности;424;0;;финансовый учет;общий
язык задач — система/программа;электронная система отчетности;424;0;;система отчетности;общий
создание и внедрение;системы автоматизации бизнес процессов;424;0;;автоматизация бизнес процессов;общий
импортозамещение и закупка;великая отечественная война сколько по;424;0;;отечественное по;общий
импортозамещение и закупка;tlauncher свой сервер;424;0;;свой сервер;общий
импортозамещение и закупка;как добавить мод на свой сервер;424;0;;свой сервер;общий
данные и справочники;справочник номенклатуры товаров;424;0;;справочник номенклатуры;общий
конкуренты и бренды;воронка битрикс24;423;0;;битрикс24;общий
язык задач — учёт;учет продаж и определение финансового результата;423;0;;учет продаж;общий
язык задач — система/программа;виды системы документооборота;423;0;;система документооборота;общий
импортозамещение и закупка;свой домашний сервер;423;0;;свой сервер;общий
язык задач — учёт;график учета рабочего времени сотрудников;422;0;;учет сотрудников;общий
язык задач — учёт;порядок учета затрат;421;0;;учет затрат;общий
язык задач — учёт;учет малоценного оборудования 1с;421;0;;учет оборудования;общий
создание и внедрение;автоматизация бизнес процессов компании;421;0;;автоматизация бизнес процессов;общий
язык задач — учёт;коды управленческого учета;420;0;;управленческий учет;общий
язык задач — система/программа;система сбора отчетности статистика;420;0;;система отчетности;общий
ии и новое;ии агент на пк;420;0;;ии агент;общий
язык задач — система/программа;системы учета документооборота;419;0;;система документооборота;общий
язык задач — система/программа;оператору системы электронного документооборота;419;0;;система документооборота;общий
язык задач — система/программа;mes система управления производством;419;0;;mes система;общий
импортозамещение и закупка;про свой сервер;419;0;;свой сервер;общий
данные и справочники;код единицы измерения в справочнике номенклатура;419;0;;справочник номенклатуры;общий
язык задач — учёт;1с бухгалтерия учет продаж;418;0;;учет продаж;общий
язык задач — система/программа;система барс отчетность;418;0;;система отчетности;общий
задачи и боли Excel;сводная таблица в excel столбцы;418;0;;сводные таблицы excel;общий
импортозамещение и закупка;найти солдата великой отечественной войны по;418;0;;отечественное по;общий
импортозамещение и закупка;изменение плана закупки по 223 фз;418;0;;закупка по 223 фз;общий
язык задач — учёт;учет производства на предприятии;417;0;;учет производства;общий
язык задач — учёт;учет заказов товаров;416;0;;учет заказов;общий
язык задач — учёт;учет косвенных затрат;416;0;;учет затрат;общий
язык задач — учёт;учет управления производством;416;0;;учет производства;общий
язык задач — система/программа;российская система документооборота;416;0;;система документооборота;общий
импортозамещение и закупка;как узнать свой адрес сервера;416;0;;свой сервер;общий
язык задач — учёт;1с учет заказов;415;0;;учет заказов;общий
язык задач — учёт;процессы финансового учета;415;0;;финансовый учет;общий
язык задач — учёт;учет распределения затрат;415;0;;учет затрат;общий
язык задач — учёт;вариант учета затрат;415;0;;учет затрат;общий
язык задач — учёт;учет производства 1с 8.3;415;0;;учет производства;общий
язык задач — учёт;ремонт системы учета;415;0;;учет ремонтов;общий
импортозамещение и закупка;свой сервер в майнкрафт бесплатно пк;415;0;;свой сервер;навигация
язык задач — учёт;учет задач сотрудников;414;0;;учет сотрудников;общий
язык задач — система/программа;система документооборота дело;414;0;;система документооборота;общий
задачи и боли Excel;как сделать сводную таблицу в excel пошаговая;414;0;;сводные таблицы excel;учебное
импортозамещение и закупка;как стать админом на своем сервере;414;0;;свой сервер;общий
язык задач — учёт;договор с учетом ндфл;413;0;;учет договоров;общий
язык задач — учёт;счет учета финансовых вложений;413;0;;финансовый учет;общий
язык задач — учёт;ведение хозяйственно финансового учета;413;0;;финансовый учет;общий
язык задач — учёт;нормативный учет затрат;413;0;;учет затрат;общий
язык задач — система/программа;программа для учета материала;413;0;;программа для учета;общий
импортозамещение и закупка;субъекты закупок по 223 фз;413;0;;закупка по 223 фз;общий
импортозамещение и закупка;найти солдата великой отечественной войны по фамилии;412;0;;отечественное по;общий
импортозамещение и закупка;найти солдата отечественной войны по фамилии;412;0;;отечественное по;общий
импортозамещение и закупка;как подключить свой сервер;412;0;;свой сервер;покупка
импортозамещение и закупка;как запустить сервер на своем пк;412;0;;свой сервер;общий
данные и справочники;элемент справочника номенклатуры;412;0;;справочник номенклатуры;общий
конкуренты и бренды;битрикс24 корпоративный;411;0;;битрикс24;общий
язык задач — учёт;учет поступивших товаров;411;0;;учет товаров;общий
язык задач — учёт;продажи счет бухгалтерского учета;411;0;;учет продаж;общий
ии и новое;ии агенты видео;411;0;;ии агент;общий
конкуренты и бренды;отчеты битрикс24;410;0;;битрикс24;общий
язык задач — система/программа;создание систем документооборота;410;0;;система документооборота;общий
импортозамещение и закупка;хостинг создай свой сервер;410;0;;свой сервер;общий
язык задач — учёт;журнал учета товаров;409;0;;учет товаров;общий
язык задач — учёт;учет финансовых рисков;409;0;;финансовый учет;общий
язык задач — система/программа;какие системы управления проектами;409;0;;система управления проектами;общий
язык задач — учёт;налоговый учет договоров лизинга;408;0;;учет договоров;общий
язык задач — учёт;журнал учета заявок;408;0;;учет заявок;общий
язык задач — учёт;финансовые центры учета;408;0;;финансовый учет;общий
язык задач — система/программа;crm систему компании;408;0;;crm система;общий
импортозамещение и закупка;как добавить свой сервер в майнкрафт;408;0;;свой сервер;общий
конкуренты и бренды;робот битрикс24;407;0;;битрикс24;общий
язык задач — учёт;финансовый контроль бухгалтерский учет;407;0;;финансовый учет;общий
язык задач — учёт;здание оборудование учет;407;0;;учет оборудования;общий
язык задач — система/программа;система электронного документооборота медицинской организации;407;0;;система документооборота;общий
язык задач — система/программа;программа для склада бесплатная;407;0;;программа для склада;общий
задачи и боли Excel;формулы сводных таблиц excel;407;0;;сводные таблицы excel;общий
импортозамещение и закупка;как создать свой сервер в 2;407;0;;свой сервер;общий
язык задач — учёт;учет договоров предприятия;406;0;;учет договоров;общий
язык задач — учёт;договор реализации учет;406;0;;учет договоров;общий
язык задач — учёт;система кадрового учета;406;0;;кадровый учет;общий
язык задач — учёт;объекты финансового учета;406;0;;финансовый учет;общий
конкуренты и бренды;телефония битрикс24;405;0;;битрикс24;общий
язык задач — учёт;как поставить товар на учет;405;0;;учет товаров;общий
язык задач — учёт;управленческий учет бюджетирования;405;0;;управленческий учет;общий
язык задач — учёт;ведение учета затрат;405;0;;учет затрат;общий
создание и внедрение;техническое задание на проектирование систем;405;0;;техническое задание на систему;общий
язык задач — учёт;порядок учета товаров;404;0;;учет товаров;общий
язык задач — учёт;бухгалтерский учет производства продукции;404;0;;учет производства;общий
язык задач — учёт;журнал учета оборудования образец;404;0;;учет оборудования;общий
создание и внедрение;технологии автоматизации бизнес процессов;404;0;;автоматизация бизнес процессов;общий
язык задач — учёт;учет товаров на усн;403;0;;учет товаров;общий
язык задач — учёт;счет товары в бухгалтерском учете;403;0;;учет товаров;общий
язык задач — учёт;положения бухгалтерского финансового учета;403;0;;финансовый учет;общий
язык задач — учёт;порядок учета отходов производства;403;0;;учет производства;общий
импортозамещение и закупка;как сделать свой сервер публичным;403;0;;свой сервер;общий
язык задач — система/программа;барс бюджетная отчетность вход в систему;402;0;;система отчетности;навигация
язык задач — система/программа;барс система отчетности вход;402;0;;система отчетности;навигация
язык задач — система/программа;систем управление отчетностью;402;0;;система отчетности;общий
ии и новое;ии агент гермес;402;0;;ии агент;общий
конкуренты и бренды;google таблицы войти;401;0;;google таблицы;навигация
язык задач — учёт;журнал учета сотрудников образец;401;0;;учет сотрудников;общий
импортозамещение и закупка;свой мир на сервер майнкрафт;401;0;;свой сервер;общий
импортозамещение и закупка;запуск своего сервера;401;0;;свой сервер;общий
данные и справочники;параметры качества данных;401;0;;качество данных;общий
конкуренты и бренды;power bi сервер;400;0;;power bi;общий
язык задач — учёт;журнал учета технического оборудования;400;0;;учет оборудования;общий
язык задач — система/программа;цель системы электронного документооборота;400;0;;система документооборота;общий
импортозамещение и закупка;протоколы по закупкам 223 фз;400;0;;закупка по 223 фз;общий
импортозамещение и закупка;сервера майнкрафт джава свой;400;0;;свой сервер;общий
импортозамещение и закупка;скачать свой сервер майнкрафт;400;0;;свой сервер;навигация
язык задач — учёт;программа для учета сотрудников;399;0;;учет сотрудников;общий
язык задач — учёт;субъекты финансового учета;399;0;;финансовый учет;общий
язык задач — учёт;учет затрат на ремонт;399;0;;учет затрат;общий
язык задач — учёт;производство учет сырья;399;0;;учет производства;общий
язык задач — учёт;учет производства вина;399;0;;учет производства;общий
язык задач — система/программа;система электронного документооборота правительства;399;0;;система документооборота;общий
импортозамещение и закупка;как работает свой сервер;399;0;;свой сервер;общий
ии и новое;как работают ии агенты;399;0;;ии агент;общий
конкуренты и бренды;microsoft access 2016;398;0;;microsoft access;общий
язык задач — учёт;система учета заявок;398;0;;учет заявок;общий
язык задач — учёт;учет продаж в 1с 8.3;398;0;;учет продаж;общий
язык задач — система/программа;какая программа для магазина;398;0;;программа для магазина;общий
язык задач — учёт;способ учета товаров;397;0;;учет товаров;общий
язык задач — учёт;журнал учета работы оборудования;397;0;;учет оборудования;общий
язык задач — учёт;учет договора хранения;396;0;;учет договоров;общий
язык задач — учёт;программа учета затрат;396;0;;учет затрат;общий
язык задач — учёт;учетная политика учет затрат;396;0;;учет затрат;общий
язык задач — учёт;учет материалов на производстве;396;0;;учет производства;общий
язык задач — учёт;как принять оборудование к учету;396;0;;учет оборудования;общий
язык задач — учёт;восстановительный ремонт без учета износа;396;0;;учет ремонтов;общий
язык задач — учёт;анализ учета затрат;395;0;;учет затрат;общий
данные и справочники;качество психологических данных;395;0;;качество данных;общий
язык задач — учёт;учет неустойки по договору;394;0;;учет договоров;общий
язык задач — учёт;бухгалтерский учет и отчетность финансовых организаций;394;0;;финансовый учет;общий
ии и новое;что такое вайб кодинг простыми словами;394;0;;вайб кодинг;учебное
данные и справочники;форма справочника номенклатура;394;0;;справочник номенклатуры;общий
язык задач — учёт;учет склада производства;393;0;;учет склада;общий
импортозамещение и закупка;великая отечественная война по порядку;393;0;;отечественное по;общий
данные и справочники;аналитик данных какие качества;393;0;;качество данных;общий
язык задач — учёт;статья учета товаров;392;0;;учет товаров;общий
язык задач — учёт;учет выручки от продаж;392;0;;учет продаж;общий
язык задач — система/программа;система бумажного документооборота;392;0;;система документооборота;общий
создание и внедрение;проектирование и внедрение информационных систем;392;0;;внедрение информационной системы;покупка
импортозамещение и закупка;ограничения закупок по 223 фз;392;0;;закупка по 223 фз;проблема
язык задач — учёт;в учете сторон по договору;391;0;;учет договоров;общий
язык задач — учёт;бухгалтерский финансовый учет 1;391;0;;финансовый учет;общий
язык задач — учёт;квартира ремонт учет;391;0;;учет ремонтов;общий
ии и новое;ии агенты для программирования;391;0;;ии агент;общий
язык задач — учёт;текущий финансовый учет;390;0;;финансовый учет;общий
язык задач — система/программа;система электронного документооборота сфера;390;0;;система документооборота;общий
данные и справочники;качество пространственных данных;390;0;;качество данных;общий
ии и новое;проектирование ии агентов;389;0;;ии агент;общий
язык задач — учёт;продавец при продаже снял с учета;388;0;;учет продаж;общий
язык задач — учёт;финансовый год в бухгалтерском учете;388;0;;финансовый учет;общий
язык задач — система/программа;программа для налоговый учет;388;0;;программа для учета;общий
язык задач — система/программа;программа для учета счетов;388;0;;программа для учета;общий
конкуренты и бренды;https битрикс24;387;0;;битрикс24;общий
конкуренты и бренды;notion текст;387;0;;notion;общий
конкуренты и бренды;1 таблица google таблицы;387;0;;google таблицы;общий
язык задач — учёт;методы учета товара;387;0;;учет товаров;общий
язык задач — учёт;комиссионер учет товара;387;0;;учет товаров;общий
язык задач — учёт;учет договоров 6;387;0;;учет договоров;общий
язык задач — учёт;складской учет программа бесплатная;387;0;;складской учет;общий
импортозамещение и закупка;реестр отечественного по сайт;387;0;;реестр отечественного по;общий
импортозамещение и закупка;аналоги отечественного по;387;0;;отечественное по;выбор
импортозамещение и закупка;закупки по 223 фз инструкции;387;0;;закупка по 223 фз;учебное
данные и справочники;качество мы не давали;387;0;;качество данных;общий
конкуренты и бренды;битрикс24 администратор;386;0;;битрикс24;общий
язык задач — учёт;управленческий учет основное;386;0;;управленческий учет;общий
язык задач — учёт;учет товара на производстве;385;0;;учет товаров;общий
язык задач — учёт;купля продажа авто снятие с учета;385;0;;учет продаж;общий
язык задач — учёт;ведение учета обращений;385;0;;учет обращений;общий
язык задач — учёт;учет возврата товаров покупателям;384;0;;учет товаров;общий
язык задач — учёт;как вести учет склада;384;0;;учет склада;общий
язык задач — учёт;ведение воинского учета сотрудников;384;0;;учет сотрудников;общий
язык задач — учёт;группа финансового учета 1с;384;0;;финансовый учет;общий
язык задач — система/программа;общая система отчетность;384;0;;система отчетности;общий
язык задач — учёт;1с учет клиентов;383;0;;учет клиентов;общий
язык задач — система/программа;виды систем электронного документооборота;383;0;;система документооборота;общий
язык задач — система/программа;системой бухгалтерского учета и отчетности;383;0;;система отчетности;общий
язык задач — учёт;процесс учета товара;382;0;;учет товаров;общий
язык задач — учёт;купля продажа без снятия с учета;382;0;;учет продаж;общий
язык задач — учёт;работа управленческий учет;382;0;;управленческий учет;общий
язык задач — учёт;учет конструкции и оборудования;382;0;;учет оборудования;общий
данные и справочники;данные на мастера спорта;382;0;;мастер данные;общий
конкуренты и бренды;перевод песни notion;381;0;;notion;общий
язык задач — учёт;вопросы по учету товаров;381;0;;учет товаров;общий
язык задач — учёт;договор на бухгалтерский и налоговый учет;381;0;;учет договоров;общий
задачи и боли Excel;excel сводной таблице строки;381;0;;сводные таблицы excel;общий
импортозамещение и закупка;1 с отечественное по;381;0;;отечественное по;общий
конкуренты и бренды;notion скачать на андроид;380;0;;notion;навигация
язык задач — учёт;программа для учета продаж;380;0;;учет продаж;общий
язык задач — учёт;учет затрат 25 счет;380;0;;учет затрат;общий
язык задач — учёт;учет оборудования бухгалтерия;380;0;;учет оборудования;общий
язык задач — учёт;регистрация и учет обращений;380;0;;учет обращений;общий
язык задач — система/программа;информационные системы erp;380;0;;erp система;общий
язык задач — система/программа;система отчетности росстат;380;0;;система отчетности;общий
импортозамещение и закупка;отечественное по егэ;380;0;;отечественное по;учебное
ии и новое;ии агенты в россии;380;0;;ии агент;общий
ии и новое;как настроить ии агента;380;0;;ии агент;общий
конкуренты и бренды;строка заменить 1с;379;0;;заменить 1с;выбор
конкуренты и бренды;битрикс24 на компьютер бесплатно;379;0;;битрикс24;навигация
язык задач — система/программа;проект системы управления организации;379;0;;система управления проектами;общий
язык задач — система/программа;программа для розничного магазина;379;0;;программа для магазина;общий
данные и справочники;фильм давай разведемся в хорошем качестве;379;0;;качество данных;общий
конкуренты и бренды;битрикс24 модули;378;0;;битрикс24;общий
язык задач — учёт;учет затрат в строительстве;378;0;;учет затрат;общий
язык задач — система/программа;система управления заявками;378;0;;система управления заявками;общий
данные и справочники;справочник групп номенклатуры;378;0;;справочник номенклатуры;общий
конкуренты и бренды;визуализации power bi;377;0;;power bi;общий
язык задач — учёт;учет товара инвентаризация;377;0;;учет товаров;общий
язык задач — учёт;управленческий учет это простыми;377;0;;управленческий учет;учебное
данные и справочники;смотреть фильм хорошего качества давай разведемся;377;0;;качество данных;общий
язык задач — учёт;учет получения товара;376;0;;учет товаров;общий
язык задач — учёт;финансовый учет п;376;0;;финансовый учет;общий
язык задач — учёт;скачать журнал учета холодильного оборудования;376;0;;учет оборудования;навигация
язык задач — учёт;капитальный ремонт порядок учета;376;0;;учет ремонтов;общий
конкуренты и бренды;notion download;375;0;;notion;общий
конкуренты и бренды;песня the days notion;375;0;;notion;общий
язык задач — учёт;заказы раздельного учета;375;0;;учет заказов;общий
язык задач — учёт;продажа автомобилей без снятия с учета;375;0;;учет продаж;общий
язык задач — учёт;составляющие финансового учета;375;0;;финансовый учет;общий
язык задач — система/программа;программы для учета задач;375;0;;программа для учета;общий
импортозамещение и закупка;по отечественным исследованиям;375;0;;отечественное по;общий
конкуренты и бренды;установить битрикс24;374;0;;битрикс24;общий
язык задач — учёт;журнал учета ремонта оборудования;374;0;;учет оборудования;общий
конкуренты и бренды;подключение битрикс24;373;0;;битрикс24;общий
язык задач — учёт;ведение учета товаров;373;0;;учет товаров;общий
язык задач — учёт;план счетов бухгалтерского финансового учета;373;0;;финансовый учет;общий
язык задач — учёт;учет нематериальных затрат;373;0;;учет затрат;общий
язык задач — система/программа;система сбора отчетности личный кабинет;373;0;;система отчетности;навигация
конкуренты и бренды;битрикс24 скачать на компьютер;372;0;;битрикс24;навигация
язык задач — учёт;финансовый учет пбу;372;0;;финансовый учет;общий
язык задач — учёт;затраты в бухгалтерском учете отражают как;372;0;;учет затрат;общий
конкуренты и бренды;notion kesre beach hotel spa;371;0;;notion;общий
язык задач — учёт;учет прихода товара;371;0;;учет товаров;общий
язык задач — учёт;выполнение работ по договору учета;371;0;;учет договоров;общий
конкуренты и бренды;битрикс24 скачать для windows;370;0;;битрикс24;навигация
язык задач — учёт;учет товаров 0;370;0;;учет товаров;общий
импортозамещение и закупка;компании отечественного по;370;0;;отечественное по;общий
язык задач — учёт;учет затрат по договору;369;0;;учет договоров;общий
язык задач — учёт;учет договоров приложение;369;0;;учет договоров;общий
язык задач — система/программа;фсгс система сбора отчетности статистика;369;0;;система отчетности;общий
создание и внедрение;автоматизация управления учетом;369;0;;автоматизация учета;общий
создание и внедрение;техническое задание на информационной системы;369;0;;техническое задание на систему;общий
импортозамещение и закупка;извещение о закупке по 223 фз;369;0;;закупка по 223 фз;общий
конкуренты и бренды;альтернатива 1с;368;0;;альтернатива 1с;выбор
конкуренты и бренды;notion slowed;368;0;;notion;общий
язык задач — учёт;продажа ос учет;368;0;;учет продаж;общий
язык задач — учёт;порядок учета отходов производства и потребления;368;0;;учет производства;общий
язык задач — система/программа;1 системы электронного документооборота;368;0;;система документооборота;общий
язык задач — система/программа;crm система управления клиентов;368;0;;crm система;общий
язык задач — система/программа;система сбора отчетности росстата;368;0;;система отчетности;общий
конкуренты и бренды;power bi аналитика;367;0;;power bi;общий
конкуренты и бренды;аналитики power bi;367;0;;power bi;общий
конкуренты и бренды;utm source tableau;367;0;;tableau;общий
язык задач — учёт;продажа авто на учет не поставили;367;0;;учет продаж;общий
язык задач — учёт;учет затрат в 1 с;367;0;;учет затрат;общий
язык задач — учёт;учет государственных закупок;367;0;;учет закупок;общий
ии и новое;ии агенты примеры;367;0;;ии агент;учебное
конкуренты и бренды;сервера битрикс24;366;0;;битрикс24;общий
импортозамещение и закупка;сроки размещения закупки по 223 фз;366;0;;закупка по 223 фз;общий
конкуренты и бренды;конструктор битрикс24;365;0;;битрикс24;общий
язык задач — учёт;учет материалов и товаров;365;0;;учет товаров;общий
язык задач — учёт;операции по учету товаров;365;0;;учет товаров;общий
язык задач — учёт;учет производства и реализации;365;0;;учет производства;общий
язык задач — система/программа;учет информационных систем персональных данных;365;0;;система учета данных;общий
задачи и боли Excel;несколько таблиц в сводной таблице excel;365;0;;сводные таблицы excel;общий
импортозамещение и закупка;по станет отечественным;365;0;;отечественное по;общий
ии и новое;курс нейросети для бизнеса;365;0;;нейросеть для бизнеса;учебное
конкуренты и бренды;notion сайт;364;0;;notion;общий
язык задач — учёт;учет товаров в пути;364;0;;учет товаров;общий
язык задач — учёт;финансовый учет в бюджете;364;0;;финансовый учет;общий
язык задач — система/программа;государственная система управления проектами;364;0;;система управления проектами;общий
язык задач — система/программа;система документооборота министерства;364;0;;система документооборота;общий
язык задач — система/программа;системы отчетности ип;364;0;;система отчетности;общий
задачи и боли Excel;впр excel н;364;0;;впр excel;общий
импортозамещение и закупка;сайт по отечественной войне;364;0;;отечественное по;общий
конкуренты и бренды;битрикс24 курсы;363;0;;битрикс24;учебное
язык задач — учёт;учет договоров в валюте;363;0;;учет договоров;общий
язык задач — учёт;электронный учет сотрудников;362;0;;учет сотрудников;общий
язык задач — учёт;ремонт теплового учета;362;0;;учет ремонтов;общий
импортозамещение и закупка;сайт по великой отечественной войне;362;0;;отечественное по;общий
конкуренты и бренды;notion скачать на пк;361;0;;notion;навигация
язык задач — учёт;лист учета сотрудников;361;0;;учет сотрудников;общий
язык задач — учёт;управленческий учет 2;361;0;;управленческий учет;общий
язык задач — система/программа;crm системы бывают;361;0;;crm система;общий
ии и новое;вайб кодинг бесплатно;361;0;;вайб кодинг;навигация
язык задач — учёт;учет расчетных договоров;360;0;;учет договоров;общий
язык задач — учёт;учет оборудования под давлением в ростехнадзоре;360;0;;учет оборудования;общий
язык задач — система/программа;автоматизированные системы электронного документооборота;360;0;;система документооборота;общий
язык задач — система/программа;системы электронного документооборота автоматизируют;360;0;;система документооборота;общий
данные и справочники;качество данных фото;360;0;;качество данных;общий
язык задач — учёт;учет продажи активов;359;0;;учет продаж;общий
язык задач — учёт;учет затрат нематериальные активы;359;0;;учет затрат;общий
язык задач — учёт;учет производства в 1с бухгалтерия;359;0;;учет производства;общий
язык задач — учёт;учет малых закупок;359;0;;учет закупок;общий
язык задач — учёт;учет температурных режимов холодильного оборудования скачать;359;0;;учет оборудования;навигация
язык задач — учёт;1с учет ремонтов;359;0;;учет ремонтов;общий
язык задач — учёт;учет капитального ремонта в бухгалтерском учете;359;0;;учет ремонтов;общий
импортозамещение и закупка;порядок закупок по 223 фз;359;0;;закупка по 223 фз;общий
конкуренты и бренды;microsoft access базы;358;0;;microsoft access;общий
язык задач — учёт;бухгалтерский и налоговый учет продаж;358;0;;учет продаж;общий
язык задач — учёт;учет себестоимости продаж;358;0;;учет продаж;общий
язык задач — учёт;электронный учет продаж;358;0;;учет продаж;общий
язык задач — учёт;учет тмц склад;358;0;;учет склада;общий
язык задач — учёт;учет графика работы сотрудников;358;0;;учет сотрудников;общий
язык задач — учёт;учетная политика финансового учета;358;0;;финансовый учет;общий
язык задач — учёт;управленческий учет и отчетность;358;0;;управленческий учет;общий
язык задач — учёт;управленческий учет себестоимости;358;0;;управленческий учет;общий
язык задач — учёт;1с учет оборудования 8.3;358;0;;учет оборудования;общий
конкуренты и бренды;облачный битрикс24;357;0;;битрикс24;общий
язык задач — учёт;договор для постановки авто на учет;357;0;;учет договоров;общий
язык задач — учёт;снять авто с учета после продажи 2026;357;0;;учет продаж;общий
язык задач — учёт;книга учета обращений;357;0;;учет обращений;общий
язык задач — система/программа;программа для учета рабочего времени;357;0;;программа для учета;общий
конкуренты и бренды;вебхук битрикс24;356;0;;битрикс24;общий
язык задач — учёт;учет товаров по количеству;356;0;;учет товаров;общий
язык задач — учёт;закон о финансовом учете и отчетности;356;0;;финансовый учет;общий
язык задач — учёт;финансовый учет осуществляет;356;0;;финансовый учет;общий
язык задач — учёт;учет товаров предприятия;355;0;;учет товаров;общий
язык задач — учёт;учет договоров в бюджетном учреждении;355;0;;учет договоров;общий
язык задач — учёт;учет продаж на маркетплейсах;355;0;;учет продаж;общий
язык задач — учёт;финансовый учет материалов;355;0;;финансовый учет;общий
язык задач — учёт;управленческий учет это простыми словами;355;0;;управленческий учет;учебное
язык задач — учёт;расследования и учету на производстве подлежат;355;0;;учет производства;общий
язык задач — учёт;малоценное оборудование счет учета;355;0;;учет оборудования;общий
язык задач — система/программа;система контроля документооборота;355;0;;система документооборота;общий
язык задач — система/программа;системы документооборота в россии;355;0;;система документооборота;общий
данные и справочники;качество статистических данных;355;0;;качество данных;общий
язык задач — учёт;оценка управленческого учета;354;0;;управленческий учет;общий
создание и внедрение;техническое задание на автоматизированную систему;354;0;;техническое задание на систему;общий
создание и внедрение;техническое задание на автоматизируемую систему;354;0;;техническое задание на систему;общий
конкуренты и бренды;power bi server;353;0;;power bi;общий
язык задач — учёт;учет продаж товаров в 1с;353;0;;учет товаров;общий
язык задач — учёт;объекты учета продаж;353;0;;учет продаж;общий
язык задач — учёт;закон о бухгалтерском учете и финансовой отчетности;353;0;;финансовый учет;общий
язык задач — учёт;учет затрат на материалы;353;0;;учет затрат;общий
язык задач — учёт;скачать журнал учета температурного режима холодильного оборудования;353;0;;учет оборудования;навигация
конкуренты и бренды;открытые линии битрикс24;352;0;;битрикс24;общий
язык задач — учёт;финансовый учет представляет;352;0;;финансовый учет;общий
язык задач — учёт;бухгалтерский учет финансово хозяйственной деятельности организации;352;0;;финансовый учет;общий
язык задач — учёт;продажа какой счет учета;351;0;;учет продаж;общий
язык задач — учёт;кадровый учет в зуп;351;0;;кадровый учет;общий
язык задач — учёт;бухгалтерский учет финансового анализа;351;0;;финансовый учет;общий
конкуренты и бренды;chrystal notion;350;0;;notion;общий
конкуренты и бренды;notion calendar;350;0;;notion;общий
язык задач — учёт;стоимость восстановительного ремонта с учетом износа;350;0;;учет ремонтов;покупка
импортозамещение и закупка;обучение закупкам по 44 и 223 фз;350;0;;закупка по 223 фз;учебное
конкуренты и бренды;power tableau;349;0;;tableau;общий
язык задач — учёт;учет клиентов банка;349;0;;учет клиентов;общий
язык задач — учёт;отражение учета затрат;349;0;;учет затрат;общий
язык задач — учёт;бюджетный учет закупок;349;0;;учет закупок;общий
язык задач — система/программа;системы кадрового документооборота;349;0;;система документооборота;общий
задачи и боли Excel;excel сводная таблица со сводных;349;0;;сводные таблицы excel;общий
импортозамещение и закупка;карты отечественных по;349;0;;отечественное по;общий
импортозамещение и закупка;архив великой отечественной по фамилии;349;0;;отечественное по;общий
импортозамещение и закупка;работа с отечественным по;349;0;;отечественное по;общий
импортозамещение и закупка;регистрация отечественного по;349;0;;отечественное по;общий
импортозамещение и закупка;отчет по закупкам 223 фз;349;0;;закупка по 223 фз;общий
конкуренты и бренды;битрикс24 товары;348;0;;битрикс24;общий
конкуренты и бренды;amocrm filter;348;0;;amocrm;общий
язык задач — учёт;1с учет маркированных товаров;348;0;;учет товаров;общий
язык задач — учёт;учет договоров с физическими лицами;348;0;;учет договоров;общий
язык задач — учёт;раздельный учет по договорам;348;0;;учет договоров;общий
язык задач — учёт;финансовый учет образование;348;0;;финансовый учет;общий
язык задач — учёт;учет и хранение обращений;348;0;;учет обращений;общий
язык задач — система/программа;какие бывают crm системы;348;0;;crm система;общий
импортозамещение и закупка;начало великой отечественной войны по радио;348;0;;отечественное по;общий
конкуренты и бренды;битрикс24 bi;347;0;;битрикс24;общий
конкуренты и бренды;почему битрикс24;347;0;;битрикс24;общий
язык задач — учёт;цель бухгалтерского финансового учета;347;0;;финансовый учет;общий
язык задач — учёт;способы учета затрат;347;0;;учет затрат;общий
задачи и боли Excel;простой впр в excel;347;0;;впр excel;общий
язык задач — учёт;правила учета товара;346;0;;учет товаров;общий
язык задач — учёт;учет продажи земельного участка;346;0;;учет продаж;общий
язык задач — учёт;бух учет затрат;346;0;;учет затрат;общий
язык задач — учёт;учет затрат проводки;346;0;;учет затрат;общий
язык задач — система/программа;система учета баз данных;346;0;;система учета данных;общий
язык задач — система/программа;инверторная сплит система ballu bsoi 12hn8 erp;346;0;;erp система;общий
язык задач — учёт;финансовые операции в бухгалтерском учете;345;0;;финансовый учет;общий
язык задач — учёт;основы управленческого учета;345;0;;управленческий учет;общий
язык задач — система/программа;система электронного документооборота дело;345;0;;система документооборота;общий
создание и внедрение;конструктор приложений бесплатно;345;0;;конструктор приложений;навигация
импортозамещение и закупка;создан по отечественным;345;0;;отечественное по;общий
импортозамещение и закупка;архив великой отечественной войны по фамилии;345;0;;отечественное по;общий
импортозамещение и закупка;архив отечественной войны по фамилии;345;0;;отечественное по;общий
импортозамещение и закупка;сроки плана закупок по 223 фз;345;0;;закупка по 223 фз;общий
данные и справочники;день мастер данных;345;0;;мастер данные;общий
конкуренты и бренды;rest битрикс24;344;0;;битрикс24;общий
язык задач — учёт;договор оказания услуг бухгалтерского учета;344;0;;учет договоров;общий
язык задач — учёт;суть управленческого учета;344;0;;управленческий учет;общий
создание и внедрение;заказать разработку сайта;344;0;;заказать разработку;покупка
язык задач — учёт;вести учет клиентов;343;0;;учет клиентов;общий
язык задач — учёт;управленческий учет отражает;343;0;;управленческий учет;общий
импортозамещение и закупка;использование отечественного по;343;0;;отечественное по;общий
язык задач — учёт;учет договора пожертвования;342;0;;учет договоров;общий
язык задач — учёт;склад хранение и учет;342;0;;учет склада;общий
язык задач — учёт;кадровые приказы учет;342;0;;кадровый учет;общий
язык задач — учёт;кадровый учет цель;342;0;;кадровый учет;общий
язык задач — учёт;управленческий учет документы;342;0;;управленческий учет;общий
язык задач — система/программа;российская система электронного документооборота;342;0;;система документооборота;общий
данные и справочники;качество набора данных;342;0;;качество данных;общий
язык задач — учёт;агентский договор учет у принципала;341;0;;учет договоров;общий
язык задач — учёт;вид управленческого учета;341;0;;управленческий учет;общий
язык задач — учёт;данные учета обращения с отходами;341;0;;учет обращений;общий
импортозамещение и закупка;отечественное по требованию;341;0;;отечественное по;общий
конкуренты и бренды;мобильный битрикс24;340;0;;битрикс24;общий
язык задач — учёт;в финансовом учете отражаются;340;0;;финансовый учет;общий
язык задач — учёт;учет оборудования программа;340;0;;учет оборудования;общий
импортозамещение и закупка;разработка отечественного по;340;0;;отечественное по;общий
импортозамещение и закупка;какие есть отечественные по;340;0;;отечественное по;общий
данные и справочники;измерение качества данных;340;0;;качество данных;общий
данные и справочники;мониторинг качества данных;340;0;;качество данных;общий
конкуренты и бренды;amocrm сайт;339;0;;amocrm;общий
конкуренты и бренды;сервер отчетов power bi;339;0;;power bi;общий
язык задач — учёт;учет товаров без цены;339;0;;учет товаров;покупка
язык задач — учёт;дата принятия на учет товаров;339;0;;учет товаров;общий
язык задач — учёт;учет ип с сотрудниками;339;0;;учет сотрудников;общий
язык задач — учёт;учет плана производства;339;0;;учет производства;общий
язык задач — система/программа;системы электронного документооборота 2026;339;0;;система документооборота;общий
данные и справочники;дайте шоу сериал хорошем качестве;339;0;;качество данных;общий
конкуренты и бренды;скачать битрикс24 бесплатно на компьютер;338;0;;битрикс24;навигация
язык задач — учёт;организация учета заказов;338;0;;учет заказов;общий
язык задач — учёт;учет возврата товара поставщику;338;0;;учет товаров;общий
язык задач — учёт;учет продажи реализации;338;0;;учет продаж;общий
язык задач — учёт;система учета продаж;338;0;;учет продаж;общий
язык задач — учёт;специалист по кадровому учету;338;0;;кадровый учет;общий
язык задач — система/программа;erp система для производства;338;0;;erp система;общий
данные и справочники;справочник номенклатура реквизиты;338;0;;справочник номенклатуры;общий
конкуренты и бренды;битрикс24 цены;337;0;;битрикс24;покупка
конкуренты и бренды;notion языки;337;0;;notion;общий
конкуренты и бренды;google таблицы бесплатно;337;0;;google таблицы;навигация
язык задач — учёт;учета гражданско правовых договоров;337;0;;учет договоров;общий
язык задач — учёт;учет смен сотрудников;337;0;;учет сотрудников;общий
импортозамещение и закупка;реестр отечественного по официальный;337;0;;реестр отечественного по;общий
ии и новое;какие есть ии агенты;337;0;;ии агент;общий
язык задач — учёт;питание сотрудников учет;336;0;;учет сотрудников;общий
конкуренты и бренды;dax power bi;335;0;;power bi;общий
конкуренты и бренды;google forms создать;335;0;;google forms;общий
конкуренты и бренды;microsoft access база данных;335;0;;microsoft access;общий
язык задач — учёт;бухгалтерский учет финансовой компании;335;0;;финансовый учет;общий
язык задач — учёт;учет полных затрат;335;0;;учет затрат;общий
язык задач — учёт;учет производства отражает;335;0;;учет производства;общий
задачи и боли Excel;excel впр значение;335;0;;впр excel;общий
импортозамещение и закупка;процедуры закупки по 223 фз;335;0;;закупка по 223 фз;общий
конкуренты и бренды;статус битрикс24;334;0;;битрикс24;общий
конкуренты и бренды;знание битрикс24;334;0;;битрикс24;общий
конкуренты и бренды;amocrm вход в личный;334;0;;amocrm;навигация
конкуренты и бренды;chrystal the days notion;334;0;;notion;общий
конкуренты и бренды;notion что это за программа;334;0;;notion;учебное
язык задач — учёт;учет контроля товаров;334;0;;учет товаров;общий
язык задач — учёт;продажа мотоцикла снятого с учета;334;0;;учет продаж;общий
язык задач — учёт;управленческий учет услуга;334;0;;управленческий учет;общий
язык задач — учёт;бухгалтерский налоговый управленческий учет;334;0;;управленческий учет;общий
язык задач — учёт;учет амортизации оборудования;334;0;;учет оборудования;общий
язык задач — система/программа;автоматизированная система отчетности;334;0;;система отчетности;общий
создание и внедрение;организация внедрения информационных систем;334;0;;внедрение информационной системы;покупка
конкуренты и бренды;битрикс24 диск;333;0;;битрикс24;общий
конкуренты и бренды;формулы в google таблицах;333;0;;google таблицы;общий
язык задач — учёт;склад таблица учета;333;0;;учет склада;общий
язык задач — учёт;образец рабочий сотрудник учет;333;0;;учет сотрудников;общий
язык задач — учёт;управленческий учет принятие управленческих решений;333;0;;управленческий учет;общий
язык задач — учёт;система учета для производств;333;0;;учет производства;общий
язык задач — система/программа;системы управления задачами и проектами;333;0;;система управления проектами;общий
конкуренты и бренды;power bi скачать бесплатно;332;0;;power bi;навигация
конкуренты и бренды;tableau bi;332;0;;tableau;общий
язык задач — учёт;бумажный учет договоров;332;0;;учет договоров;общий
язык задач — учёт;таблица учета продаж;332;0;;учет продаж;общий
язык задач — учёт;финансовый учет зарплаты;332;0;;финансовый учет;учебное
язык задач — учёт;процесс управленческого учета;332;0;;управленческий учет;общий
задачи и боли Excel;excel впр столбец;332;0;;впр excel;общий
импортозамещение и закупка;постановление по закупкам 223 фз;332;0;;закупка по 223 фз;общий
ии и новое;вайб кодинг ии;332;0;;вайб кодинг;общий
ии и новое;ии агент клод;332;0;;ии агент;общий
язык задач — учёт;учет договоров аренды земельных участков;331;0;;учет договоров;общий
язык задач — учёт;задачи управленческого учета;331;0;;управленческий учет;общий
язык задач — учёт;счет производство в бухгалтерском учете;331;0;;учет производства;общий
язык задач — система/программа;программу для учета лиц;331;0;;программа для учета;общий
ии и новое;ии агент для 1с;331;0;;ии агент;общий
данные и справочники;качество данных статья;331;0;;качество данных;общий
язык задач — учёт;учет упаковки товара;330;0;;учет товаров;общий
язык задач — учёт;управленческий учет и бюджетирование;330;0;;управленческий учет;общий
язык задач — система/программа;внедрение систем документооборота;330;0;;система документооборота;покупка
конкуренты и бренды;битрикс24 номер;329;0;;битрикс24;общий
конкуренты и бренды;google таблицы приложения;329;0;;google таблицы;общий
язык задач — учёт;журнал учета трудовых договоров;329;0;;учет договоров;общий
язык задач — учёт;управленческий учет книга;329;0;;управленческий учет;общий
язык задач — учёт;вопрос ответ управленческий учет;329;0;;управленческий учет;общий
язык задач — система/программа;программа для учета основных;329;0;;программа для учета;общий
конкуренты и бренды;amocrm вход в кабинет;328;0;;amocrm;навигация
конкуренты и бренды;amocrm вход в личный кабинет;328;0;;amocrm;навигация
язык задач — учёт;финансовый университет бухгалтерский учет;328;0;;финансовый учет;общий
язык задач — учёт;оценка учета затрат;328;0;;учет затрат;общий
данные и справочники;видео дай мастер;328;0;;мастер данные;общий
данные и справочники;порно в хорошем качестве бесплатно дают;328;0;;качество данных;навигация
язык задач — учёт;продажа машины без снятия учета;327;0;;учет продаж;общий
язык задач — учёт;прибыль управленческий учет;327;0;;управленческий учет;общий
язык задач — учёт;как списать товар в учете;326;0;;учет товаров;общий
язык задач — учёт;как снять автомобиль с учета при продаже;326;0;;учет продаж;общий
язык задач — учёт;бухгалтерский учет финансовых активов;326;0;;финансовый учет;общий
язык задач — система/программа;системы формирования отчетности;326;0;;система отчетности;общий
язык задач — система/программа;программа для магазина бесплатно;326;0;;программа для магазина;навигация
данные и справочники;мастер обработки данных;326;0;;мастер данные;общий
конкуренты и бренды;битрикс24 корпоративный портал;325;0;;битрикс24;общий
язык задач — учёт;договор проверка учета;325;0;;учет договоров;общий
язык задач — учёт;контроль учета затрат;325;0;;учет затрат;общий
язык задач — учёт;учет производство готовой продукции;325;0;;учет производства;общий
данные и справочники;принцип качества данных;325;0;;качество данных;общий
конкуренты и бренды;почта в битрикс24;324;0;;битрикс24;общий
конкуренты и бренды;microsoft office access;324;0;;microsoft access;общий
язык задач — учёт;учет лицензионных договоров;324;0;;учет договоров;общий
язык задач — учёт;показатели бухгалтерского финансового учета;324;0;;финансовый учет;общий
язык задач — система/программа;бюджетная отчетность бюджетов бюджетной системы;324;0;;система отчетности;общий
импортозамещение и закупка;обоснование закупки по 223 фз;324;0;;закупка по 223 фз;общий
данные и справочники;лучшее качество на данный момент;324;0;;качество данных;выбор
язык задач — учёт;учет клиентов договоров;323;0;;учет клиентов;общий
язык задач — учёт;где снять машину с учета после продажи;323;0;;учет продаж;общий
язык задач — учёт;финансовый учет заключение;323;0;;финансовый учет;общий
язык задач — учёт;ведение учета финансовых результатов;323;0;;финансовый учет;общий
язык задач — учёт;учет финансовых результатов деятельности хозяйственных организаций;323;0;;финансовый учет;общий
язык задач — система/программа;программа для учета расчетов;323;0;;программа для учета;общий
задачи и боли Excel;как впр в excel для чайников;323;0;;впр excel;учебное
импортозамещение и закупка;закупки у смп по 223 фз;323;0;;закупка по 223 фз;общий
конкуренты и бренды;время битрикс24;322;0;;битрикс24;общий
конкуренты и бренды;диаграмма power bi;322;0;;power bi;общий
язык задач — учёт;учет военнообязанных сотрудников;322;0;;учет сотрудников;общий
язык задач — учёт;учет доходов финансовых результатов;322;0;;финансовый учет;общий
язык задач — учёт;учет списания затрат;322;0;;учет затрат;общий
язык задач — учёт;особенности учета оборудования;322;0;;учет оборудования;общий
конкуренты и бренды;power bi download;321;0;;power bi;общий
язык задач — учёт;учет товара в рознице;321;0;;учет товаров;общий
язык задач — учёт;учет коммерческих договоров;321;0;;учет договоров;общий
язык задач — учёт;учет внутреннего финансового контроля;321;0;;финансовый учет;общий
язык задач — учёт;учет текущих затрат;321;0;;учет затрат;общий
язык задач — учёт;стоимость восстановительного ремонта без учета износа;321;0;;учет ремонтов;покупка
язык задач — система/программа;система данных бухгалтерского учета;321;0;;система учета данных;общий
конкуренты и бренды;1с коннектор битрикс24;320;0;;битрикс24;общий
конкуренты и бренды;база знаний битрикс24;320;0;;битрикс24;общий
конкуренты и бренды;адрес битрикс24;320;0;;битрикс24;общий
конкуренты и бренды;notion link;320;0;;notion;общий
язык задач — учёт;проверить учет авто после продажи;320;0;;учет продаж;общий
язык задач — система/программа;erp система c;320;0;;erp система;общий
импортозамещение и закупка;выбор отечественного по;320;0;;отечественное по;выбор
конкуренты и бренды;power bi создать;319;0;;power bi;общий
язык задач — учёт;учет оприходования товаров;319;0;;учет товаров;общий
язык задач — учёт;учет реализации товаров работ услуг;319;0;;учет товаров;общий
язык задач — учёт;управленческий учет в erp;319;0;;управленческий учет;общий
язык задач — учёт;форма учета оборудования;319;0;;учет оборудования;общий
язык задач — учёт;порядок учета оборудования;318;0;;учет оборудования;общий
язык задач — учёт;учет финансовой помощи;317;0;;финансовый учет;общий
язык задач — учёт;учет затрат и калькулирование продукции;317;0;;учет затрат;общий
язык задач — учёт;учет промышленного оборудования;317;0;;учет оборудования;общий
язык задач — система/программа;системы электронного документооборота в россии;317;0;;система документооборота;общий
задачи и боли Excel;excel впр перенос;317;0;;впр excel;общий
создание и внедрение;автоматизация бизнес процессов внедрение;317;0;;автоматизация бизнес процессов;покупка
конкуренты и бренды;notion kesre beach 4;316;0;;notion;общий
конкуренты и бренды;power bi sql;316;0;;power bi;общий
язык задач — учёт;автоматизация управленческого учета;316;0;;управленческий учет;общий
язык задач — учёт;журнал учета обращения с отходами;316;0;;учет обращений;общий
импортозамещение и закупка;реестр отечественного по официальный сайт;316;0;;реестр отечественного по;навигация
язык задач — учёт;осуществление учет договоров;315;0;;учет договоров;общий
язык задач — учёт;оборудование подлежащие учету в ростехнадзоре;315;0;;учет оборудования;общий
язык задач — учёт;1с бухгалтерия учет оборудования;315;0;;учет оборудования;общий
язык задач — учёт;учет приобретенного оборудования;315;0;;учет оборудования;общий
язык задач — система/программа;доступ к системе электронного документооборота;315;0;;система документооборота;общий
импортозамещение и закупка;законы по закупкам 44 и 223 фз;315;0;;закупка по 223 фз;общий
конкуренты и бренды;google ru form;314;0;;google forms;общий
язык задач — учёт;суммированный учет рабочего времени в трудовом договоре;314;0;;учет договоров;общий
язык задач — учёт;учет сотрудников скачать;314;0;;учет сотрудников;навигация
язык задач — учёт;учет рабочего времени сотрудников образец;314;0;;учет сотрудников;общий
язык задач — учёт;таблица управленческого учета;314;0;;управленческий учет;общий
создание и внедрение;управление внедрением информационных систем;314;0;;внедрение информационной системы;покупка
конкуренты и бренды;обучение битрикс24;313;0;;битрикс24;учебное
язык задач — учёт;учет исполнения заявок;313;0;;учет заявок;общий
язык задач — учёт;постановка на учет газового оборудования;313;0;;учет оборудования;общий
создание и внедрение;виды внедрения информационной системы;313;0;;внедрение информационной системы;покупка
данные и справочники;справочник вид номенклатуры;313;0;;справочник номенклатуры;общий
данные и справочники;мастер 4 данных;313;0;;мастер данные;общий
язык задач — учёт;складской учет образец;312;0;;складской учет;общий
язык задач — учёт;организация складского учета;312;0;;складской учет;общий
язык задач — учёт;учет зп сотрудников;312;0;;учет сотрудников;общий
язык задач — учёт;финансовый учет в россии;312;0;;финансовый учет;общий
язык задач — учёт;учет затрат времени;312;0;;учет затрат;общий
язык задач — система/программа;система отчетности c;312;0;;система отчетности;общий
создание и внедрение;конструктор мобильных приложений;312;0;;конструктор приложений;общий
импортозамещение и закупка;отечественная по составу;312;0;;отечественное по;общий
импортозамещение и закупка;отечественное по закону;312;0;;отечественное по;общий
импортозамещение и закупка;основание закупки по 223 фз;312;0;;закупка по 223 фз;общий
данные и справочники;влияние качества данных;312;0;;качество данных;общий
конкуренты и бренды;битрикс24 источник;311;0;;битрикс24;общий
язык задач — учёт;учет склада продаж;311;0;;учет продаж;общий
язык задач — учёт;бесплатный учет склад;311;0;;учет склада;общий
язык задач — учёт;правила ведения финансового учета;311;0;;финансовый учет;общий
язык задач — учёт;затраты расходы в налоговом учете;311;0;;учет затрат;общий
язык задач — учёт;учет оборудования проводки;311;0;;учет оборудования;общий
конкуренты и бренды;лицензия 1с битрикс24;310;0;;битрикс24;общий
конкуренты и бренды;google forms ссылка;310;0;;google forms;общий
язык задач — учёт;учет товара в ут;310;0;;учет товаров;общий
язык задач — система/программа;создание системы электронного документооборота;310;0;;система документооборота;общий
создание и внедрение;внедрение корпоративных информационных систем;310;0;;внедрение информационной системы;покупка
ии и новое;написание ии агентов;310;0;;ии агент;общий
ии и новое;топ ии агентов;310;0;;ии агент;выбор
язык задач — учёт;учет реализации товаров в 1с;309;0;;учет товаров;общий
язык задач — учёт;учет финансовой деятельности предприятия;309;0;;финансовый учет;общий
язык задач — учёт;учет расходов и финансовых результатов;309;0;;финансовый учет;общий
импортозамещение и закупка;ветеран великой отечественной по фамилии;309;0;;отечественное по;общий
импортозамещение и закупка;ветерана отечественной войны по фамилии;309;0;;отечественное по;общий
импортозамещение и закупка;ветераны великой отечественной войне по фамилии;309;0;;отечественное по;общий
язык задач — учёт;учет произведенных товаров;308;0;;учет товаров;общий
язык задач — учёт;учет затрат калькулирование себестоимости продукции;308;0;;учет затрат;общий
данные и справочники;данные качества воздуха;308;0;;качество данных;общий
конкуренты и бренды;битрикс24 php;307;0;;битрикс24;общий
язык задач — учёт;учет затрат формирование;307;0;;учет затрат;общий
язык задач — учёт;учет незавершенного производства в бухгалтерском учете;307;0;;учет производства;общий
язык задач — система/программа;система государственной отчетности;307;0;;система отчетности;общий
данные и справочники;давай поженимся 2024 в хорошем качестве;307;0;;качество данных;общий
конкуренты и бренды;google таблицы текст;306;0;;google таблицы;общий
язык задач — учёт;приложение для учета товаров;306;0;;учет товаров;общий
язык задач — учёт;финансовый управляющий учет;306;0;;финансовый учет;общий
язык задач — учёт;бухгалтерский финансовый управленческий учет;306;0;;финансовый учет;общий
язык задач — учёт;оборудование какой счет учета;306;0;;учет оборудования;общий
язык задач — учёт;учет ремонта транспортного средства;306;0;;учет ремонтов;общий
язык задач — учёт;данные учета в области обращения с отходами;306;0;;учет обращений;общий
язык задач — система/программа;программа для учета доходов и расходов;306;0;;программа для учета;общий
импортозамещение и закупка;дробление закупки по 223 фз;306;0;;закупка по 223 фз;общий
данные и справочники;данных службы качества;306;0;;качество данных;общий
язык задач — учёт;учет долгосрочных договоров;305;0;;учет договоров;общий
язык задач — учёт;операции складского учета;305;0;;складской учет;общий
язык задач — система/программа;система автоматизации документооборота;305;0;;система документооборота;общий
конкуренты и бренды;скачать приложение битрикс24;304;0;;битрикс24;навигация
язык задач — учёт;1с учет закупок;304;0;;учет закупок;общий
язык задач — система/программа;автоматизированной erp системы;304;0;;erp система;общий
язык задач — система/программа;система внутренней отчетности;304;0;;система отчетности;общий
язык задач — учёт;снятие договора с регистрационного учета;303;0;;учет договоров;общий
язык задач — учёт;учет продукции на складах;303;0;;учет склада;общий
язык задач — учёт;учет склад карточки;303;0;;учет склада;общий
язык задач — учёт;способы финансового учета;303;0;;финансовый учет;общий
язык задач — учёт;акт учета оборудования;303;0;;учет оборудования;общий
задачи и боли Excel;работа в excel сводные таблицы;303;0;;сводные таблицы excel;общий
данные и справочники;хорошее качество онлайн порно дам;303;0;;качество данных;общий
конкуренты и бренды;функции google таблиц;302;0;;google таблицы;общий
язык задач — учёт;особенности учета товара;302;0;;учет товаров;общий
язык задач — учёт;учет продаж c;302;0;;учет продаж;общий
язык задач — учёт;счетов бухгалтерского учета финансово хозяйственной;302;0;;финансовый учет;общий
язык задач — учёт;учет и отчетность финансовый контроль;302;0;;финансовый учет;общий
импортозамещение и закупка;отечественное по примеры;302;0;;отечественное по;учебное
конкуренты и бренды;битрикс24 войти в личный;301;0;;битрикс24;навигация
конкуренты и бренды;1 google forms;301;0;;google forms;общий
язык задач — учёт;бесплатная программа учета товара;301;0;;учет товаров;общий
язык задач — учёт;учет поступления товаров в 1с;301;0;;учет товаров;общий
язык задач — учёт;1с бухгалтерия учет договоров;301;0;;учет договоров;общий
язык задач — учёт;учет затрат труда;301;0;;учет затрат;общий
язык задач — учёт;учет оборудования в компаниях;301;0;;учет оборудования;общий
язык задач — система/программа;системе статистической отчетности;301;0;;система отчетности;общий
ии и новое;какой ии агент лучше;301;0;;ии агент;выбор
ии и новое;ии агенты купить;301;0;;ии агент;покупка
конкуренты и бренды;битрикс24 войти в личный кабинет;300;0;;битрикс24;навигация
конкуренты и бренды;yandex ru games utm source tableau;300;0;;tableau;общий
язык задач — учёт;учет образцов товара;300;0;;учет товаров;общий
язык задач — учёт;учет товаров на комиссии;300;0;;учет товаров;общий
язык задач — учёт;форма учета заявки;300;0;;учет заявок;общий
язык задач — учёт;группа учета оборудования;300;0;;учет оборудования;общий
язык задач — система/программа;программа для учета здоровья;300;0;;программа для учета;общий
язык задач — система/программа;система 1 с документооборот;300;0;;система документооборота;общий
язык задач — система/программа;система внутреннего документооборота;300;0;;система документооборота;общий
импортозамещение и закупка;план закупок еис по 223 фз;300;0;;закупка по 223 фз;общий
данные и справочники;качество риск данных;300;0;;качество данных;общий
конкуренты и бренды;power bi версии;299;0;;power bi;общий
язык задач — учёт;затраты приняты на учет;299;0;;учет затрат;общий
язык задач — учёт;учет капитальных затрат;299;0;;учет затрат;общий
данные и справочники;система управления качеством данных;299;0;;качество данных;общий
язык задач — учёт;учет товаров касса;298;0;;учет товаров;общий
язык задач — учёт;поступление на склад учет;298;0;;учет склада;общий
язык задач — учёт;ведения бухгалтерского и кадрового учет;298;0;;кадровый учет;общий
язык задач — учёт;учет табельного времени;298;0;;табельный учет;общий
язык задач — система/программа;crm системы варианты;298;0;;crm система;общий
язык задач — система/программа;программа 1с для склада;298;0;;программа для склада;общий
задачи и боли Excel;учет в excel для ип;298;0;;excel для учета;общий
конкуренты и бренды;как заменить сертификат в 1с;297;0;;заменить 1с;выбор
язык задач — учёт;учет оборонного заказа;297;0;;учет заказов;общий
язык задач — учёт;учет заказов доставка;297;0;;учет заказов;общий
язык задач — учёт;бухгалтерский учет товаров и услуг;297;0;;учет товаров;общий
язык задач — учёт;договор с учетом дополнительного соглашения;297;0;;учет договоров;общий
язык задач — учёт;учет продаж в ооо;297;0;;учет продаж;общий
язык задач — учёт;кадровая служба учет;297;0;;кадровый учет;общий
язык задач — учёт;финансовый учет формирования финансового результата;297;0;;финансовый учет;общий
язык задач — учёт;финансовые вложения счет бухгалтерского учета;297;0;;финансовый учет;общий
язык задач — учёт;система бухгалтерского финансового учета;297;0;;финансовый учет;общий
задачи и боли Excel;excel таблица для учета доходов;297;0;;excel для учета;общий
импортозамещение и закупка;название отечественного по;297;0;;отечественное по;общий
данные и справочники;сколько дают за мастера спорта;297;0;;мастер данные;общий
данные и справочники;инструменты качества данных;297;0;;качество данных;общий
конкуренты и бренды;https yandex ru games utm source tableau;296;0;;tableau;общий
язык задач — учёт;учет ндс в стоимости товаров;296;0;;учет товаров;общий
язык задач — учёт;порядок учета договоров найма жилого помещения;296;0;;учет договоров;общий
язык задач — учёт;пбу учет финансовых вложений;296;0;;финансовый учет;общий
язык задач — учёт;ошибки финансового учета;296;0;;финансовый учет;проблема
язык задач — учёт;попередельный учет затрат;296;0;;учет затрат;общий
язык задач — учёт;журнал учета обслуживания оборудования;296;0;;учет оборудования;общий
задачи и боли Excel;как изменить сводную таблицу в excel;296;0;;сводные таблицы excel;общий
язык задач — учёт;система учета заказов;295;0;;учет заказов;общий
язык задач — учёт;учет сиз на складе;295;0;;учет склада;общий
язык задач — учёт;если сотрудник не стоит на учете;295;0;;учет сотрудников;общий
язык задач — учёт;план финансово хозяйственной деятельности бухгалтерский учет;295;0;;финансовый учет;общий
язык задач — система/программа;системы документооборота необходимы;295;0;;система документооборота;общий
импортозамещение и закупка;приказы по закупкам 223 фз;295;0;;закупка по 223 фз;общий
импортозамещение и закупка;закупка по 1875 223 фз;295;0;;закупка по 223 фз;общий
язык задач — учёт;реестр учета заявок;294;0;;учет заявок;общий
язык задач — учёт;материально финансовый учет;294;0;;финансовый учет;общий
язык задач — учёт;принять затраты к учету;294;0;;учет затрат;общий
язык задач — система/программа;новая система управления проектами;294;0;;система управления проектами;общий
язык задач — система/программа;система электронного документооборота мосэдо;294;0;;система документооборота;общий
язык задач — система/программа;процессы erp систем;294;0;;erp система;общий
импортозамещение и закупка;еис положение о закупках по 223 фз;294;0;;закупка по 223 фз;общий
данные и справочники;мастер дай телефон;294;0;;мастер данные;общий
язык задач — учёт;учет запасов на складах;293;0;;учет склада;общий
язык задач — учёт;учет расходов на складе;293;0;;учет склада;общий
язык задач — учёт;журнал учета материалов и оборудования;293;0;;учет оборудования;общий
язык задач — система/программа;система сдачи отчетности фнс;293;0;;система отчетности;общий
задачи и боли Excel;excel таблица для учета доходов и расходов;293;0;;excel для учета;общий
ии и новое;ии агенты для кода;293;0;;ии агент;общий
язык задач — учёт;проведение учета товаров;292;0;;учет товаров;общий
язык задач — учёт;услуги кадрового учета;292;0;;кадровый учет;общий
язык задач — учёт;1с erp финансовый учет;292;0;;финансовый учет;общий
задачи и боли Excel;создание сводной таблицы в excel;292;0;;сводные таблицы excel;общий
импортозамещение и закупка;курсы закупки по 44 223 фз;292;0;;закупка по 223 фз;учебное
данные и справочники;мера качества данных;292;0;;качество данных;общий
конкуренты и бренды;столбцы в power bi;291;0;;power bi;общий
язык задач — учёт;эксель учет товара;291;0;;учет товаров;общий
язык задач — учёт;финансовый учет бюджетного учреждения;291;0;;финансовый учет;общий
язык задач — учёт;финансовый учет международные стандарты;291;0;;финансовый учет;общий
язык задач — учёт;метод управленческого учета;291;0;;управленческий учет;общий
язык задач — учёт;учет по ценам закупки;291;0;;учет закупок;покупка
язык задач — система/программа;программа для учета ос;291;0;;программа для учета;общий
язык задач — система/программа;компания системы документооборота;291;0;;система документооборота;общий
язык задач — система/программа;система документооборота государственных органов;291;0;;система документооборота;общий
задачи и боли Excel;как обновить сводную таблицу в excel;291;0;;сводные таблицы excel;общий
конкуренты и бренды;notion remix chrystal;290;0;;notion;общий
язык задач — учёт;электронный учет товаров;290;0;;учет товаров;общий
язык задач — учёт;учет складского хранения;290;0;;складской учет;общий
язык задач — учёт;карточка складского учета материалов;290;0;;складской учет;общий
язык задач — учёт;настройки кадрового учета;290;0;;кадровый учет;общий
язык задач — учёт;планирование управленческого учета;290;0;;управленческий учет;общий
язык задач — система/программа;информационная система crm;290;0;;crm система;общий
язык задач — система/программа;система учета erp;290;0;;erp система;общий
конкуренты и бренды;аналитик битрикс24;289;0;;битрикс24;общий
конкуренты и бренды;битрикс24 аналитика;289;0;;битрикс24;общий
конкуренты и бренды;google документы таблицы;289;0;;google таблицы;общий
конкуренты и бренды;список google таблицы;289;0;;google таблицы;общий
конкуренты и бренды;google country association form;289;0;;google forms;общий
язык задач — учёт;учет договор бесплатно;289;0;;учет договоров;навигация
язык задач — учёт;учет вознаграждения по договору;289;0;;учет договоров;общий
язык задач — учёт;кадровый учет рабочего времени;289;0;;кадровый учет;общий
язык задач — учёт;личный финансовый учет;289;0;;финансовый учет;общий
язык задач — учёт;финансовый учет личных финансов;289;0;;финансовый учет;общий
язык задач — система/программа;анализ систем управления проектами;289;0;;система управления проектами;общий
задачи и боли Excel;создать сводную таблицу в excel пошаговая;289;0;;сводные таблицы excel;учебное
создание и внедрение;внедрение информационных систем ответы;289;0;;внедрение информационной системы;покупка
импортозамещение и закупка;вопросы по отечественной истории;289;0;;отечественное по;общий
ии и новое;атаки на ии агентов;289;0;;ии агент;общий
конкуренты и бренды;битрикс24 видео;288;0;;битрикс24;общий
конкуренты и бренды;notion купить;288;0;;notion;покупка
язык задач — учёт;программа учета товара 1с;288;0;;учет товаров;общий
язык задач — учёт;учет согласования договора;288;0;;учет договоров;общий
язык задач — учёт;финансовый учет проектов;288;0;;финансовый учет;общий
импортозамещение и закупка;рынок отечественного по;288;0;;отечественное по;общий
данные и справочники;категории качества данных;288;0;;качество данных;общий
конкуренты и бренды;chrystal the days notion remix;287;0;;notion;общий
язык задач — учёт;1с учет договоров аренды;287;0;;учет договоров;общий
язык задач — учёт;журнал учета продажи;287;0;;учет продаж;общий
язык задач — учёт;миграционный учет сотрудников;287;0;;учет сотрудников;общий
язык задач — учёт;план счетов учета финансово хозяйственной деятельности;287;0;;финансовый учет;общий
язык задач — система/программа;программы системы управление проектами;287;0;;система управления проектами;общий
импортозамещение и закупка;мемориал великой отечественной войны по фамилии;287;0;;отечественное по;общий
конкуренты и бренды;https notion com;286;0;;notion;общий
язык задач — учёт;как провести учет товара;286;0;;учет товаров;общий
язык задач — учёт;снять авто с учета без договора;286;0;;учет договоров;общий
язык задач — учёт;учет продаж в производстве;286;0;;учет продаж;общий
язык задач — учёт;производственный управленческий учет;286;0;;управленческий учет;общий
язык задач — учёт;раздельный учет затрат гоз;286;0;;учет затрат;общий
язык задач — учёт;организация производства и производственного учета;286;0;;учет производства;общий
язык задач — учёт;оборудование стоит на учете;286;0;;учет оборудования;общий
задачи и боли Excel;создать сводную таблицу в excel пошаговая инструкция;286;0;;сводные таблицы excel;учебное
ии и новое;вайб кодинг обучение;286;0;;вайб кодинг;учебное
ии и новое;hermes ии агент;286;0;;ии агент;общий
конкуренты и бренды;песня notion remix;285;0;;notion;общий
язык задач — учёт;снять с регистрационного учета договор;285;0;;учет договоров;общий
язык задач — учёт;книга продаж учет ндс;285;0;;учет продаж;общий
язык задач — учёт;учет премии сотруднику;285;0;;учет сотрудников;общий
язык задач — учёт;кадровый учет учет заработной платы;285;0;;кадровый учет;общий
язык задач — учёт;планы счетов финансово бухгалтерского учета организации;285;0;;финансовый учет;общий
язык задач — система/программа;создание программы для учета;285;0;;программа для учета;общий
импортозамещение и закупка;найти участника великой отечественной войны по;285;0;;отечественное по;общий
конкуренты и бренды;битрикс24 онлайн;284;0;;битрикс24;общий
конкуренты и бренды;песня notion the rare;284;0;;notion;общий
конкуренты и бренды;power bi tableau;284;0;;power bi;общий
язык задач — учёт;учет выполненных заказов;284;0;;учет заказов;общий
язык задач — учёт;учет розничных продаж в 1с;284;0;;учет продаж;общий
язык задач — учёт;день сотрудника специального учета;284;0;;учет сотрудников;общий
язык задач — учёт;сотрудник ответственный за воинский учет;284;0;;учет сотрудников;общий
язык задач — учёт;бухгалтерский учет затрат и расходов;284;0;;учет затрат;общий
язык задач — учёт;учет запасов и затрат;284;0;;учет затрат;общий
язык задач — учёт;учет затрат ос;284;0;;учет затрат;общий
язык задач — учёт;учет пожарного оборудования;284;0;;учет оборудования;общий
конкуренты и бренды;группы битрикс24;283;0;;битрикс24;общий
конкуренты и бренды;xlsx google таблицы;283;0;;google таблицы;общий
язык задач — учёт;учет транспортных затрат;283;0;;учет затрат;общий
язык задач — система/программа;программы для системы учета;283;0;;программа для учета;общий
задачи и боли Excel;excel ошибка впр;283;0;;впр excel;проблема
импортозамещение и закупка;создание отечественного по;283;0;;отечественное по;общий
ии и новое;настройка ии агента;283;0;;ии агент;общий
язык задач — учёт;учет сроков годности товара;282;0;;учет товаров;общий
язык задач — учёт;учет затрат в 1с 8.3;282;0;;учет затрат;общий
конкуренты и бренды;app notion com;281;0;;notion;общий
язык задач — учёт;работа учет на складе;281;0;;учет склада;общий
язык задач — учёт;оборудование под давлением подлежащее учету;281;0;;учет оборудования;общий
язык задач — система/программа;программа учета для магазина;281;0;;программа для учета;общий
язык задач — система/программа;crm системы выбрать;281;0;;crm система;выбор
задачи и боли Excel;перенос данных впр excel;281;0;;впр excel;общий
создание и внедрение;техническое задание на создание автоматизированной системы;281;0;;техническое задание на систему;общий
язык задач — учёт;учет затрат бюджетный учет;280;0;;учет затрат;общий
язык задач — система/программа;данные в crm систему;280;0;;crm система;общий
импортозамещение и закупка;правила закупки по 223 фз;280;0;;закупка по 223 фз;общий
импортозамещение и закупка;как провести закупку по 223 фз;280;0;;закупка по 223 фз;общий
конкуренты и бренды;битрикс24 24;279;0;;битрикс24;общий
конкуренты и бренды;интегратор битрикс24;279;0;;битрикс24;общий
язык задач — учёт;счета бухгалтерского учета финансово хозяйственной деятельности;279;0;;финансовый учет;общий
язык задач — учёт;подразделение учета затрат;279;0;;учет затрат;общий
язык задач — система/программа;бесплатная программа для учета скачать;279;0;;программа для учета;навигация
язык задач — система/программа;электронные системы управления проектом;279;0;;система управления проектами;общий
данные и справочники;справочник номенклатура контрагентов номенклатура;279;0;;справочник номенклатуры;общий
данные и справочники;системы мастер данных;279;0;;мастер данные;общий
конкуренты и бренды;коллаба битрикс24;278;0;;битрикс24;общий
язык задач — учёт;скачать учет товаров;278;0;;учет товаров;навигация
язык задач — учёт;1с учет времени сотрудников;278;0;;учет сотрудников;общий
язык задач — учёт;затраты производства счет учета;278;0;;учет затрат;общий
язык задач — учёт;позаказный учет затрат;278;0;;учет затрат;общий
язык задач — учёт;карточка учета производства;278;0;;учет производства;общий
язык задач — учёт;учет ремонта авто;278;0;;учет ремонтов;общий
язык задач — система/программа;новые системы документооборота;278;0;;система документооборота;общий
импортозамещение и закупка;слова по великой отечественной войне;278;0;;отечественное по;общий
импортозамещение и закупка;по 2 в великой отечественной;278;0;;отечественное по;общий
импортозамещение и закупка;государственных закупок по 44 223 фз;278;0;;закупка по 223 фз;общий
импортозамещение и закупка;закупки по 223 фз статьи;278;0;;закупка по 223 фз;общий
ии и новое;управление ии агентом;278;0;;ии агент;общий
конкуренты и бренды;notion kesre beach hotel spa 4;277;0;;notion;общий
язык задач — учёт;учет товаров в россии;277;0;;учет товаров;общий
язык задач — учёт;учет финансовых ресурсов;277;0;;финансовый учет;общий
язык задач — учёт;форма учета обращений;277;0;;учет обращений;общий
язык задач — система/программа;система документооборота программы;277;0;;система документооборота;общий
язык задач — система/программа;erp система управления предприятием;277;0;;erp система;общий
язык задач — система/программа;новая система отчетности;277;0;;система отчетности;общий
создание и внедрение;конструктор приложений для андроид;277;0;;конструктор приложений;общий
данные и справочники;давай поженимся 2025 в хорошем качестве;277;0;;качество данных;общий
конкуренты и бренды;календари битрикс24;276;0;;битрикс24;общий
язык задач — учёт;договор по организации бухгалтерского учета;276;0;;учет договоров;общий
язык задач — учёт;продажа снятого с учета трактора;276;0;;учет продаж;общий
язык задач — учёт;карточка складского учета м 17;276;0;;складской учет;общий
язык задач — учёт;учет рабочих мест сотрудников;276;0;;учет сотрудников;общий
язык задач — учёт;учет расходов доходов финансовых результатов;276;0;;финансовый учет;общий
язык задач — учёт;управленческий учет скачать;276;0;;управленческий учет;навигация
язык задач — учёт;учет запасов производство;276;0;;учет производства;общий
язык задач — система/программа;участники системы электронного документооборота;276;0;;система документооборота;общий
импортозамещение и закупка;отечественная война 1812 года по;276;0;;отечественное по;общий
конкуренты и бренды;ai битрикс24;275;0;;битрикс24;общий
язык задач — учёт;учет прихода сотрудников;275;0;;учет сотрудников;общий
язык задач — учёт;капитальный ремонт налоговый учет;275;0;;учет ремонтов;общий
язык задач — система/программа;об утверждении порядка организации системы документооборота;275;0;;система документооборота;общий
создание и внедрение;разработка по на заказ;275;0;;разработка на заказ;общий
импортозамещение и закупка;купить отечественное по;275;0;;отечественное по;покупка
ии и новое;первый агент ии;275;0;;ии агент;общий
конкуренты и бренды;ваши битрикс24;274;0;;битрикс24;общий
конкуренты и бренды;кэдо битрикс24;274;0;;битрикс24;общий
язык задач — учёт;кадастровый учет договора аренды;274;0;;учет договоров;общий
язык задач — учёт;договор на ведение бухгалтерского учета;274;0;;учет договоров;общий
язык задач — учёт;учет договоров на недвижимость;274;0;;учет договоров;общий
язык задач — учёт;финансовый учет производственный учет;274;0;;финансовый учет;общий
язык задач — учёт;отчет о финансовых результатах бухгалтерский учет;274;0;;финансовый учет;общий
язык задач — учёт;план счетов бухгалтерского учета финансово хозяйственной;274;0;;финансовый учет;общий
язык задач — учёт;валюта финансового учета;274;0;;финансовый учет;общий
язык задач — учёт;учет затрат на приобретение нематериальных активов;274;0;;учет затрат;общий
язык задач — учёт;учет медицинского оборудования;274;0;;учет оборудования;общий
язык задач — учёт;табельный учет рабочего;274;0;;табельный учет;общий
язык задач — система/программа;программы crm систем;274;0;;crm система;общий
создание и внедрение;автоматизация программа учет;274;0;;автоматизация учета;общий
данные и справочники;смотреть фильм хорошего качества давай поженимся;274;0;;качество данных;общий
язык задач — учёт;цена товара с учетом ндс;273;0;;учет товаров;покупка
язык задач — учёт;учет заявок и работ;273;0;;учет заявок;общий
язык задач — учёт;банковский финансовый учет;273;0;;финансовый учет;общий
язык задач — учёт;управленческий учет производства;273;0;;управленческий учет;общий
язык задач — учёт;должность учет на производстве;273;0;;учет производства;общий
язык задач — система/программа;программы для управленческого учета;273;0;;программа для учета;общий
создание и внедрение;процесс внедрения информационных систем;273;0;;внедрение информационной системы;покупка
данные и справочники;лист данных качества;273;0;;качество данных;общий
конкуренты и бренды;битрикс24 управление;272;0;;битрикс24;общий
язык задач — учёт;учет счета 41 товары;272;0;;учет товаров;общий
язык задач — учёт;договор с учетом аванса;272;0;;учет договоров;общий
язык задач — учёт;договор лизинга учет в 1с;272;0;;учет договоров;общий
язык задач — учёт;продажа домов в учете;272;0;;учет продаж;общий
язык задач — учёт;форма складского учета м 17;272;0;;складской учет;общий
язык задач — учёт;план счетов бухгалтерского учета финансовой деятельности;272;0;;финансовый учет;общий
язык задач — система/программа;система электронного документооборота государственных органов;272;0;;система документооборота;общий
импортозамещение и закупка;закупки по 223 фз новое;272;0;;закупка по 223 фз;общий
данные и справочники;сальвадор дали в хорошем качестве;272;0;;качество данных;общий
конкуренты и бренды;битрикс24 страница;271;0;;битрикс24;общий
конкуренты и бренды;песня the occasions notion;271;0;;notion;общий
язык задач — учёт;реализация товара счета учета;271;0;;учет товаров;общий
язык задач — учёт;складского учета материалов м 17;271;0;;складской учет;общий
язык задач — учёт;учет ндфл по сотрудникам;271;0;;учет сотрудников;общий
язык задач — учёт;кадровый и воинский учет;271;0;;кадровый учет;общий
язык задач — учёт;19 02 учет финансовых вложений;271;0;;финансовый учет;общий
язык задач — учёт;бухгалтерский финансовый учет статьи;271;0;;финансовый учет;общий
язык задач — учёт;производство какие счета бухгалтерского учета;271;0;;учет производства;общий
язык задач — система/программа;суть системы управления проектами;271;0;;система управления проектами;общий
язык задач — система/программа;система отчетности контур экстерн;271;0;;система отчетности;общий
язык задач — учёт;договор банковского учета;270;0;;учет договоров;общий
язык задач — учёт;инструкция по учету договоров;270;0;;учет договоров;учебное
язык задач — учёт;книга учета сотрудников;270;0;;учет сотрудников;общий
язык задач — учёт;кадровый учет предприятий;270;0;;кадровый учет;общий
язык задач — учёт;финансовый учет фз;270;0;;финансовый учет;общий
язык задач — учёт;основной счет учета затрат;270;0;;учет затрат;общий
язык задач — учёт;учет производства решения;270;0;;учет производства;общий
язык задач — система/программа;система бухгалтерской финансовой отчетности;270;0;;система отчетности;общий
данные и справочники;открытые данные качество;270;0;;качество данных;общий
конкуренты и бренды;битрикс24 официальный;269;0;;битрикс24;общий
конкуренты и бренды;мобильное приложение битрикс24;269;0;;битрикс24;общий
конкуренты и бренды;power bi report server;269;0;;power bi;общий
язык задач — учёт;учет остатка товаров на складе;269;0;;учет товаров;общий
язык задач — учёт;налоговый учет договора цессии;269;0;;учет договоров;общий
язык задач — учёт;продажа автомобиля без учета в гибдд;269;0;;учет продаж;общий
язык задач — учёт;пбу 19 учет финансовых вложений;269;0;;финансовый учет;общий
язык задач — учёт;настройка групп финансового учета;269;0;;финансовый учет;общий
язык задач — учёт;25 счет бухгалтерского учета это затраты;269;0;;учет затрат;учебное
язык задач — учёт;организация производства бухгалтерский учет;269;0;;учет производства;общий
язык задач — учёт;журнал учета входного оборудования;269;0;;учет оборудования;навигация
язык задач — система/программа;процессы crm системы;269;0;;crm система;общий
задачи и боли Excel;тормозит excel;269;0;;excel тормозит;проблема
создание и внедрение;автоматизация учета данных;269;0;;автоматизация учета;общий
конкуренты и бренды;power bi примеры;268;0;;power bi;учебное
язык задач — учёт;учет заказов клиентов;268;0;;учет клиентов;общий
язык задач — учёт;государственный оборонный заказ учет;268;0;;учет заказов;общий
язык задач — учёт;виды учета на складе;268;0;;учет склада;общий
язык задач — учёт;производство прибора учета;268;0;;учет производства;общий
язык задач — учёт;журнал входного контроля и учета оборудования;268;0;;учет оборудования;навигация
язык задач — система/программа;программа для ведения базы данных;268;0;;программа ведения базы данных;общий
язык задач — система/программа;корпоративная система документооборота;268;0;;система документооборота;общий
создание и внедрение;проект внедрения информационных систем;268;0;;внедрение информационной системы;покупка
импортозамещение и закупка;отечественное программное обеспечение по;268;0;;отечественное по;общий
конкуренты и бренды;notion подписка;267;0;;notion;общий
язык задач — учёт;учет договоров бюджет;267;0;;учет договоров;общий
язык задач — учёт;работа складской учет;267;0;;складской учет;общий
язык задач — учёт;базы учета сотрудников;267;0;;учет сотрудников;общий
язык задач — система/программа;создание системы управления проектами;267;0;;система управления проектами;общий
язык задач — система/программа;интеграции crm систем;267;0;;crm система;общий
импортозамещение и закупка;участник отечественной войны найти по фамилии;267;0;;отечественное по;общий
импортозамещение и закупка;участники великой отечественной найти по фамилии;267;0;;отечественное по;общий
данные и справочники;мастера по данным работам;267;0;;мастер данные;общий
язык задач — учёт;задачи учета товаров;266;0;;учет товаров;общий
язык задач — учёт;учет продаж бух учет;266;0;;учет продаж;общий
язык задач — учёт;табель учета работы сотрудников;266;0;;учет сотрудников;общий
язык задач — учёт;25 счет бухгалтерского учета это какие затраты;266;0;;учет затрат;учебное
импортозамещение и закупка;великая отечественная война найти участника по фамилии;266;0;;отечественное по;общий
конкуренты и бренды;битрикс24 найти;265;0;;битрикс24;общий
конкуренты и бренды;битрикс24 поддержка;265;0;;битрикс24;общий
конкуренты и бренды;policies google com country association form;265;0;;google forms;общий
язык задач — учёт;списание товара налоговый учет;265;0;;учет товаров;общий
язык задач — учёт;ведение учета склада;265;0;;учет склада;общий
язык задач — учёт;учет оборудования к установке;265;0;;учет оборудования;общий
язык задач — система/программа;erp системы бизнеса;265;0;;erp система;общий
конкуренты и бренды;rest api битрикс24;264;0;;битрикс24;общий
конкуренты и бренды;google forms анкета;264;0;;google forms;общий
конкуренты и бренды;ссылка https docs google com forms;264;0;;google forms;общий
язык задач — учёт;учет товаров по проводкам;264;0;;учет товаров;общий
язык задач — учёт;журнал учета технического обслуживания оборудования;264;0;;учет оборудования;общий
конкуренты и бренды;песня notion the rare occasions;263;0;;notion;общий
язык задач — учёт;персональные данные кадровый учет;263;0;;кадровый учет;общий
язык задач — учёт;учет себестоимости затрат на производство;263;0;;учет затрат;общий
язык задач — система/программа;программ учета для ип;263;0;;программа для учета;общий
язык задач — система/программа;система электронного документооборота постановление;263;0;;система документооборота;общий
импортозамещение и закупка;виды отечественного по;263;0;;отечественное по;общий
данные и справочники;качество данных информационных систем;263;0;;качество данных;общий
данные и справочники;порно зрелых дам качество;263;0;;качество данных;общий
данные и справочники;давай познакомимся в хорошем качестве смотреть;263;0;;качество данных;общий
язык задач — учёт;бухгалтерский учет продаж товаров;262;0;;учет товаров;общий
язык задач — учёт;учет хозяйственных договоров;262;0;;учет договоров;общий
язык задач — учёт;постановка на учет сотрудника в военкомате;262;0;;учет сотрудников;общий
язык задач — учёт;определение учета затрат;262;0;;учет затрат;общий
язык задач — учёт;учет оборудования и инвентаря;262;0;;учет оборудования;общий
язык задач — система/программа;crm системы база;262;0;;crm система;общий
язык задач — система/программа;программа для интернет магазина;262;0;;программа для магазина;общий
импортозамещение и закупка;закупка юридических услуг по 223 фз;262;0;;закупка по 223 фз;общий
данные и справочники;мастер спорта дающий мастер классы;262;0;;мастер данные;общий
данные и справочники;в качестве входных данных;262;0;;качество данных;навигация
конкуренты и бренды;notion cream;261;0;;notion;общий
конкуренты и бренды;www notion;261;0;;notion;общий
язык задач — учёт;учет товаров и услуг 1с;261;0;;учет товаров;общий
язык задач — учёт;продажа авто документы снятие с учета;261;0;;учет продаж;общий
язык задач — учёт;учет займа сотруднику;261;0;;учет сотрудников;общий
язык задач — учёт;организация учета производства продукции;261;0;;учет производства;общий
язык задач — система/программа;автоматизированные системы управления проектами;261;0;;система управления проектами;общий
создание и внедрение;автоматизация бизнес процессов решения;261;0;;автоматизация бизнес процессов;общий
импортозамещение и закупка;информация о закупках по 223 фз;261;0;;закупка по 223 фз;общий
язык задач — учёт;товарно складской учет;260;0;;складской учет;общий
язык задач — учёт;автоматизированный учет сотрудников;260;0;;учет сотрудников;общий
язык задач — учёт;правила учета затрат;260;0;;учет затрат;общий
язык задач — учёт;управление и учет затрат;260;0;;учет затрат;общий
язык задач — система/программа;система управления проектами рисками;260;0;;система управления проектами;общий
язык задач — система/программа;1 crm системы;260;0;;crm система;общий
импортозамещение и закупка;поиск по отечественным и;260;0;;отечественное по;общий
язык задач — учёт;учет клиентов 2;259;0;;учет клиентов;общий
язык задач — учёт;учет выручки от реализации товаров;259;0;;учет товаров;общий
язык задач — учёт;учет и контроль договоров;259;0;;учет договоров;общий
язык задач — учёт;скачать учет договоров;259;0;;учет договоров;навигация
язык задач — учёт;система учета сотрудников по карточкам;259;0;;учет сотрудников;общий
язык задач — учёт;табельный учет рабочего времени;259;0;;табельный учет;общий
язык задач — система/программа;система электронного документооборота в российской федерации;259;0;;система документооборота;общий
язык задач — система/программа;crm система битрикс;259;0;;crm система;общий
задачи и боли Excel;как сделать впр в excel понятная;259;0;;впр excel;общий
создание и внедрение;бизнес автоматизации управления процесса;259;0;;автоматизация бизнес процессов;общий
импортозамещение и закупка;нарушение закупок по 223 фз;259;0;;закупка по 223 фз;общий
ии и новое;чем отличаются ии агенты;259;0;;ии агент;общий
данные и справочники;значение справочники номенклатура;259;0;;справочник номенклатуры;общий
конкуренты и бренды;amocrm тарифы;258;0;;amocrm;покупка
конкуренты и бренды;песня the days notion remix;258;0;;notion;общий
язык задач — учёт;сумма договора с учетом ндс;258;0;;учет договоров;общий
язык задач — учёт;1с бухгалтерия учет по складам;258;0;;учет склада;общий
язык задач — учёт;кадровый учет 2026;258;0;;кадровый учет;общий
язык задач — учёт;руководитель управленческого учета;258;0;;управленческий учет;общий
язык задач — учёт;средства управленческого учета;258;0;;управленческий учет;общий
язык задач — учёт;внутренний управленческий учет;258;0;;управленческий учет;общий
задачи и боли Excel;excel впр 2;258;0;;впр excel;общий
конкуренты и бренды;битрикс24 авторизация;257;0;;битрикс24;общий
язык задач — учёт;бухгалтерия кадровый учет;257;0;;кадровый учет;общий
язык задач — учёт;отличия управленческого учета;257;0;;управленческий учет;общий
язык задач — учёт;статьи затрат налогового учета;257;0;;учет затрат;общий
язык задач — учёт;образец учета производства;257;0;;учет производства;общий
язык задач — учёт;оборудование подлежащее учету в органах ростехнадзора;257;0;;учет оборудования;общий
язык задач — система/программа;программа для магазина продуктов;257;0;;программа для магазина;общий
ии и новое;ии агенты и автоматизация;257;0;;ии агент;общий
ии и новое;как подключить ии агента;257;0;;ии агент;покупка
данные и справочники;мастер дает задание;257;0;;мастер данные;общий
данные и справочники;гост качества данных;257;0;;качество данных;общий
данные и справочники;качество данных эксперты;257;0;;качество данных;общий
конкуренты и бренды;google таблицы выбрать;256;0;;google таблицы;выбор
язык задач — учёт;маркированный товар объемно сортовой учет;256;0;;учет товаров;общий
язык задач — учёт;пример учета товара;256;0;;учет товаров;учебное
язык задач — учёт;заявка на ввод приборов учета;256;0;;учет заявок;общий
язык задач — система/программа;внедрение систем электронного документооборота;256;0;;система документооборота;покупка
язык задач — система/программа;crm система задачи;256;0;;crm система;общий
язык задач — система/программа;анализ системы отчетности;256;0;;система отчетности;общий
создание и внедрение;внедрение системы информационной безопасности;256;0;;внедрение информационной системы;покупка
импортозамещение и закупка;перечень закупок по 223 фз;256;0;;закупка по 223 фз;общий
язык задач — учёт;учет закупок товаров и услуг;255;0;;учет товаров;общий
язык задач — учёт;система учета трудовых договоров;255;0;;учет договоров;общий
язык задач — учёт;счета учета агентского договора;255;0;;учет договоров;общий
язык задач — учёт;учет инструментов и оборудования;255;0;;учет оборудования;общий
язык задач — учёт;журнал учета ремонт форма;255;0;;учет ремонтов;общий
импортозамещение и закупка;данные по великой отечественной войне;255;0;;отечественное по;общий
импортозамещение и закупка;специалист по закупкам фз 44 223;255;0;;закупка по 223 фз;общий
ии и новое;личный ии агент;255;0;;ии агент;общий
конкуренты и бренды;microsoft access 2010;254;0;;microsoft access;общий
язык задач — система/программа;мосэдо электронный документооборот вход в систему;254;0;;система документооборота;навигация
язык задач — система/программа;12 erp системы;254;0;;erp система;общий
создание и внедрение;автоматизация финансов учет;254;0;;автоматизация учета;общий
импортозамещение и закупка;работы по великой отечественной войне;254;0;;отечественное по;общий
конкуренты и бренды;google looker studio;253;0;;looker studio;общий
язык задач — учёт;налоговый учет реализации товаров;253;0;;учет товаров;общий
язык задач — учёт;учет затрат и доходов;253;0;;учет затрат;общий
язык задач — учёт;журнал учета регистрации обращений;253;0;;учет обращений;общий
язык задач — система/программа;лучшие программы для учета;253;0;;программа для учета;выбор
язык задач — система/программа;программа для учета проверок;253;0;;программа для учета;общий
язык задач — система/программа;система электронного документооборота войти;253;0;;система документооборота;навигация
задачи и боли Excel;как использовать впр в excel;253;0;;впр excel;общий
импортозамещение и закупка;поддержка отечественного по;253;0;;отечественное по;общий
конкуренты и бренды;подписка битрикс24;252;0;;битрикс24;общий
конкуренты и бренды;открой google таблицы;252;0;;google таблицы;общий
язык задач — учёт;учет работы с клиентами;252;0;;учет клиентов;общий
язык задач — учёт;учет товаров осно;252;0;;учет товаров;общий
язык задач — учёт;учет оборудования сети;252;0;;учет оборудования;общий
импортозамещение и закупка;план закупок размещение по 223 фз;252;0;;закупка по 223 фз;общий
ии и новое;ии агенты решение;252;0;;ии агент;общий
конкуренты и бренды;tableau de;251;0;;tableau;общий
язык задач — учёт;объект учет товаров;251;0;;учет товаров;общий
язык задач — учёт;попередельный метод учета затрат;251;0;;учет затрат;общий
язык задач — учёт;учет в сфере закупок;251;0;;учет закупок;общий
язык задач — система/программа;система управления бизнес проектами;251;0;;система управления проектами;общий
язык задач — система/программа;тип crm систем;251;0;;crm система;общий
импортозамещение и закупка;закупки по 223 фз для поставщика;251;0;;закупка по 223 фз;общий
данные и справочники;богом данная в хорошем качестве;251;0;;качество данных;общий
данные и справочники;доступность качества данных;251;0;;качество данных;общий
конкуренты и бренды;notion windows;250;0;;notion;общий
конкуренты и бренды;notion templates;250;0;;notion;общий
конкуренты и бренды;открытый google таблица;250;0;;google таблицы;общий
язык задач — учёт;ведение учета клиентов;250;0;;учет клиентов;общий
язык задач — учёт;товар деньги учет;250;0;;учет товаров;общий
язык задач — учёт;учет товаров в 1с склад;250;0;;учет товаров;общий
язык задач — учёт;надо снимать машину с учета при продаже;250;0;;учет продаж;общий
задачи и боли Excel;как сделать впр в excel понятная инструкция;250;0;;впр excel;учебное
импортозамещение и закупка;регистрация в реестре отечественного по;250;0;;реестр отечественного по;общий
конкуренты и бренды;битрикс24 информация;249;0;;битрикс24;общий
язык задач — учёт;1с как вести учет товаров;249;0;;учет товаров;общий
язык задач — учёт;договор установки приборов учета;249;0;;учет договоров;общий
язык задач — учёт;учет движения на складах;249;0;;учет склада;общий
язык задач — учёт;складской учет предприятия;249;0;;складской учет;общий
язык задач — учёт;1 с кадровый учет;249;0;;кадровый учет;общий
язык задач — система/программа;программы для учета производства;249;0;;программа для учета;общий
данные и справочники;управление мастер данными;249;0;;мастер данные;общий
конкуренты и бренды;синхронизация битрикс24;248;0;;битрикс24;общий
конкуренты и бренды;tableau public;248;0;;tableau;общий
язык задач — учёт;государственный заказ раздельный учет;248;0;;учет заказов;общий
язык задач — учёт;поступление товаров счет учета;248;0;;учет товаров;общий
язык задач — учёт;учет товаров в бухгалтерском учете документы;248;0;;учет товаров;общий
язык задач — учёт;табель учета договоров;248;0;;учет договоров;общий
язык задач — учёт;учет лизинговых договоров;248;0;;учет договоров;общий
язык задач — учёт;учет складских остатков;248;0;;складской учет;общий
язык задач — учёт;управленческий учет обучение;248;0;;управленческий учет;учебное
язык задач — учёт;учета прочих затрат;248;0;;учет затрат;общий
язык задач — система/программа;erp 2 система;248;0;;erp система;общий
язык задач — система/программа;система сбора отчетности статистика личный кабинет;248;0;;система отчетности;навигация
ии и новое;ии для автоматизации процессов;248;0;;ии для автоматизации;общий
данные и справочники;качество данных алгоритм;248;0;;качество данных;общий
язык задач — учёт;перепродажа товара учет;247;0;;учет товаров;общий
язык задач — учёт;оператор складского учета;247;0;;складской учет;общий
язык задач — учёт;центр кадрового учета;247;0;;кадровый учет;общий
язык задач — учёт;мероприятия кадрового учета;247;0;;кадровый учет;общий
язык задач — учёт;управленческий учет экономика;247;0;;управленческий учет;общий
язык задач — учёт;управленческий учет ерп;247;0;;управленческий учет;общий
язык задач — учёт;учет рабочего времени оборудование;247;0;;учет оборудования;общий
конкуренты и бренды;power bi графики;246;0;;power bi;общий
язык задач — учёт;процесс учета затрат;246;0;;учет затрат;общий
язык задач — система/программа;проект системы электронного документооборота;246;0;;система документооборота;общий
язык задач — система/программа;фсгс система сбора отчетности статистика личный кабинет;246;0;;система отчетности;навигация
язык задач — система/программа;фсгс система сбора отчетности личный кабинет;246;0;;система отчетности;навигация
импортозамещение и закупка;типовое положение о закупках по 223 фз;246;0;;закупка по 223 фз;общий
данные и справочники;дайте определение понятие качество;246;0;;качество данных;общий
конкуренты и бренды;яндекс битрикс24;245;0;;битрикс24;общий
конкуренты и бренды;google сводная таблица;245;0;;google таблицы;общий
язык задач — учёт;анализ учета товаров;245;0;;учет товаров;общий
язык задач — учёт;учет продажи запасов;245;0;;учет продаж;общий
язык задач — учёт;учет продажи валюты;245;0;;учет продаж;общий
язык задач — учёт;материальный учет на складе;245;0;;учет склада;общий
язык задач — система/программа;2 системы управления проектами;245;0;;система управления проектами;общий
импортозамещение и закупка;видео отечественное по;245;0;;отечественное по;общий
импортозамещение и закупка;база отечественного по;245;0;;отечественное по;общий
конкуренты и бренды;1 битрикс24;244;0;;битрикс24;общий
язык задач — учёт;учет агентских договоров в 1с 8.3;244;0;;учет договоров;общий
язык задач — учёт;бухгалтерский учет складского;244;0;;складской учет;общий
язык задач — учёт;чем управленческий учет отличается от бухгалтерского учета;244;0;;управленческий учет;общий
язык задач — учёт;методы учета затрат калькулирования;244;0;;учет затрат;общий
ии и новое;разработчик ии агентов;244;0;;ии агент;общий
ии и новое;как использовать ии агента;244;0;;ии агент;общий
данные и справочники;таможня дает добро хорошее качество;244;0;;качество данных;общий
конкуренты и бренды;notion free;243;0;;notion;общий
конкуренты и бренды;microsoft access database 2016;243;0;;microsoft access;общий
конкуренты и бренды;microsoft access engine 2016;243;0;;microsoft access;общий
конкуренты и бренды;microsoft access database engine 2016;243;0;;microsoft access;общий
язык задач — учёт;для учета товаров используется счет;243;0;;учет товаров;общий
язык задач — учёт;электронный учет заявок;243;0;;учет заявок;общий
язык задач — учёт;ведение учета продаж;243;0;;учет продаж;общий
язык задач — учёт;управленческий учет регламентирован;243;0;;управленческий учет;общий
язык задач — учёт;учет компенсации затрат;243;0;;учет затрат;общий
язык задач — учёт;учет замены оборудования;243;0;;учет оборудования;общий
язык задач — система/программа;типы систем управления проектами;243;0;;система управления проектами;общий
язык задач — система/программа;систему управления реализацией проекта;243;0;;система управления проектами;общий
язык задач — система/программа;crm система взаимоотношений клиентами;243;0;;crm система;общий
создание и внедрение;автоматизация учета документов;243;0;;автоматизация учета;общий
импортозамещение и закупка;закупки по 223 фз аукцион;243;0;;закупка по 223 фз;общий
ии и новое;вайб кодинг что это такое простыми;243;0;;вайб кодинг;учебное
ии и новое;ии агент gpt;243;0;;ии агент;общий
ии и новое;ии агент помощник;243;0;;ии агент;общий
конкуренты и бренды;доступы google таблицы;242;0;;google таблицы;общий
конкуренты и бренды;файл power bi;242;0;;power bi;общий
язык задач — учёт;программа учета продаж товара;242;0;;учет товаров;общий
язык задач — учёт;правильный складской учет;242;0;;складской учет;общий
язык задач — учёт;учет кадрового обеспечения;242;0;;кадровый учет;общий
язык задач — система/программа;программы учета для торговли;242;0;;программа для учета;общий
язык задач — система/программа;crm система c;242;0;;crm система;общий
импортозамещение и закупка;электронная форма закупки по 223 фз;242;0;;закупка по 223 фз;общий
импортозамещение и закупка;закупка российских товаров по 223 фз;242;0;;закупка по 223 фз;общий
ии и новое;n8n ии агент;242;0;;ии агент;общий
язык задач — учёт;учет заказов производства;241;0;;учет заказов;общий
язык задач — учёт;настройка учета товаров;241;0;;учет товаров;общий
язык задач — учёт;отчеты складского учета;241;0;;складской учет;общий
язык задач — учёт;учет кадровых изменений;241;0;;кадровый учет;общий
язык задач — учёт;внедрение управленческого учета;241;0;;управленческий учет;покупка
язык задач — система/программа;программы для ведения учета бесплатно;241;0;;программа для учета;навигация
язык задач — система/программа;цифровая система документооборота;241;0;;система документооборота;общий
язык задач — система/программа;программа для торговли склад;241;0;;программа для склада;общий
конкуренты и бренды;1с запрос заменить;240;0;;заменить 1с;выбор
конкуренты и бренды;notion как пользоваться;240;0;;notion;общий
конкуренты и бренды;курс google таблицы;240;0;;google таблицы;учебное
конкуренты и бренды;форма google forms;240;0;;google forms;общий
язык задач — учёт;учетная политика учет товаров;240;0;;учет товаров;общий
язык задач — учёт;заявка на постановку на государственный учет;240;0;;учет заявок;общий
язык задач — учёт;учет продаж яндекс;240;0;;учет продаж;общий
язык задач — учёт;кадровый учет ип;240;0;;кадровый учет;общий
язык задач — учёт;учет затрат ооо;240;0;;учет затрат;общий
задачи и боли Excel;сравнение впр в excel;240;0;;впр excel;выбор
импортозамещение и закупка;сборники по великой отечественной войне;240;0;;отечественное по;общий
ии и новое;новый ии агент;240;0;;ии агент;общий
данные и справочники;erp справочник номенклатуры;240;0;;справочник номенклатуры;общий
язык задач — учёт;декларация на товары учет;239;0;;учет товаров;общий
язык задач — учёт;учет по агентским договорам услуг;239;0;;учет договоров;общий
язык задач — учёт;правильный учет на складе;239;0;;учет склада;общий
язык задач — учёт;персональный учет сотрудников;239;0;;учет сотрудников;общий
язык задач — учёт;контроль учета времени сотрудников;239;0;;учет сотрудников;общий
язык задач — учёт;учет брака в производстве;239;0;;учет производства;общий
язык задач — учёт;организация учета работы оборудования;239;0;;учет оборудования;общий
язык задач — система/программа;система управления проектами компании;239;0;;система управления проектами;общий
импортозамещение и закупка;объект закупки по 223 фз;239;0;;закупка по 223 фз;общий
импортозамещение и закупка;закупки по закону n 223 фз;239;0;;закупка по 223 фз;общий
данные и справочники;методика качество данных;239;0;;качество данных;общий
конкуренты и бренды;битрикс 24 битрикс24;238;0;;битрикс24;общий
конкуренты и бренды;crm amocrm;238;0;;amocrm;общий
язык задач — учёт;статистическая форма учета перемещения товаров таможенного;238;0;;учет товаров;общий
язык задач — учёт;учет товара решения;238;0;;учет товаров;общий
язык задач — учёт;управленческий учет консультант;238;0;;управленческий учет;общий
язык задач — система/программа;в электронном документообороте используют системы;238;0;;система документооборота;общий
язык задач — система/программа;система документооборота и хранения;238;0;;система документооборота;общий
язык задач — система/программа;лучшие crm системы;238;0;;crm система;выбор
создание и внедрение;автоматизация финансового учета;238;0;;автоматизация учета;общий
конкуренты и бренды;таблица гугл google;237;0;;google таблицы;общий
язык задач — учёт;учет розничной продажи товаров;237;0;;учет товаров;общий
язык задач — учёт;организация учета заявок;237;0;;учет заявок;общий
язык задач — учёт;учет ремонта техники;237;0;;учет ремонтов;общий
язык задач — система/программа;программа для учета сроков;237;0;;программа для учета;общий
язык задач — система/программа;отчетности упрощенной системы налогообложения;237;0;;система отчетности;общий
создание и внедрение;гост на техническое задание автоматизированной системы;237;0;;техническое задание на систему;общий
язык задач — учёт;договор кадрового учета;236;0;;учет договоров;общий
язык задач — учёт;позаказный метод учета затрат;236;0;;учет затрат;общий
язык задач — система/программа;база данных для бизнеса;236;0;;база данных для бизнеса;общий
язык задач — система/программа;сфера система управления проектами;236;0;;система управления проектами;общий
данные и справочники;поддержка качества данных;236;0;;качество данных;общий
язык задач — учёт;возврат товара налоговый учет;235;0;;учет товаров;общий
язык задач — учёт;унф учет товаров;235;0;;учет товаров;общий
язык задач — учёт;учет расходов по договорам аренды;235;0;;учет договоров;общий
язык задач — учёт;продажа автомобилей без постановки на учет;235;0;;учет продаж;общий
язык задач — учёт;продажа машины не стоящую на учете;235;0;;учет продаж;общий
язык задач — учёт;основы учета затрат;235;0;;учет затрат;общий
язык задач — система/программа;учет права использования программ для эвм;235;0;;программа для учета;общий
язык задач — система/программа;программа для учета кадров;235;0;;программа для учета;общий
задачи и боли Excel;формула впр в excel для чайников пошагово;235;0;;впр excel;учебное
импортозамещение и закупка;требования к участникам закупки по 223 фз;235;0;;закупка по 223 фз;общий
данные и справочники;тип справочники номенклатура;235;0;;справочник номенклатуры;общий
данные и справочники;люби дан качество;235;0;;качество данных;общий
конкуренты и бренды;битрикс24 мессенджер;234;0;;битрикс24;общий
язык задач — учёт;учет клиентов 3;234;0;;учет клиентов;общий
язык задач — учёт;ведение учета заказов;234;0;;учет заказов;общий
язык задач — учёт;товар какой счет бухгалтерского учета;234;0;;учет товаров;общий
язык задач — учёт;учет договор подрядчиков по;234;0;;учет договоров;общий
язык задач — учёт;учет занятости сотрудников;234;0;;учет сотрудников;общий
язык задач — учёт;задачи учета производства;234;0;;учет производства;общий
язык задач — система/программа;ведение системы отчетности;234;0;;система отчетности;общий
импортозамещение и закупка;разместить план закупок по 223 фз;234;0;;закупка по 223 фз;общий
ии и новое;ии агенты инструкция;234;0;;ии агент;учебное
данные и справочники;качество данных в отчетах;234;0;;качество данных;общий
данные и справочники;системы контроля качества данных;234;0;;качество данных;общий
конкуренты и бренды;google play таблицы;233;0;;google таблицы;общий
язык задач — учёт;заявка на ввод в эксплуатацию прибора учета;233;0;;учет заявок;общий
язык задач — учёт;учет оптовых продаж;233;0;;учет продаж;общий
язык задач — учёт;сотрудник не стоит на воинском учете;233;0;;учет сотрудников;общий
язык задач — учёт;кадровый учет обучение;233;0;;кадровый учет;учебное
язык задач — учёт;управленческий учет в 1с erp;233;0;;управленческий учет;общий
язык задач — учёт;учет дополнительных затрат;233;0;;учет затрат;общий
язык задач — учёт;методы учета затрат себестоимости;233;0;;учет затрат;общий
язык задач — учёт;учет и отчетность производства;233;0;;учет производства;общий
язык задач — система/программа;erp системы клиента;233;0;;erp система;общий
импортозамещение и закупка;сайт закупок по 223 фз;233;0;;закупка по 223 фз;общий
импортозамещение и закупка;закупка в электронном магазине по 223 фз;233;0;;закупка по 223 фз;общий
данные и справочники;качество данных 2021;233;0;;качество данных;общий
конкуренты и бренды;эвм 1с битрикс24;232;0;;битрикс24;общий
конкуренты и бренды;the days notion slow;232;0;;notion;общий
язык задач — учёт;внутренний учет товаров;232;0;;учет товаров;общий
язык задач — учёт;договор стоимость с учетом ндс;232;0;;учет договоров;покупка
язык задач — учёт;учет процесса продаж;232;0;;учет продаж;общий
язык задач — учёт;учет сотрудников в 1с 8.3;232;0;;учет сотрудников;общий
язык задач — учёт;с учетом специфики производства;232;0;;учет производства;общий
язык задач — учёт;оборудование учета тепловой энергии;232;0;;учет оборудования;общий
язык задач — система/программа;программы для постановки на учет;232;0;;программа для учета;общий
язык задач — система/программа;система сбора учета данных;232;0;;система учета данных;общий
язык задач — система/программа;методы управления проектами системы управления проектами;232;0;;система управления проектами;общий
создание и внедрение;техническое задание на систему защиты;232;0;;техническое задание на систему;общий
ии и новое;создание ии агентов обучение;232;0;;ии агент;учебное
ии и новое;ии агент для поиска;232;0;;ии агент;общий
конкуренты и бренды;битрикс24 счет;231;0;;битрикс24;общий
конкуренты и бренды;bi конструктор битрикс24;231;0;;битрикс24;общий
конкуренты и бренды;notion notes;231;0;;notion;общий
конкуренты и бренды;power bi фильтр;231;0;;power bi;общий
конкуренты и бренды;google forms опрос;231;0;;google forms;общий
язык задач — учёт;методы учета затрат продукции;231;0;;учет затрат;общий
язык задач — учёт;учет цен производства;231;0;;учет производства;общий
язык задач — система/программа;система менеджмента управления проектами;231;0;;система управления проектами;общий
язык задач — система/программа;электронные системы обеспечения документооборота;231;0;;система документооборота;общий
создание и внедрение;гост техническое задание на создание автоматизированной системы;231;0;;техническое задание на систему;общий
импортозамещение и закупка;российского по для бизнеса;231;0;;российское по для бизнеса;общий
конкуренты и бренды;битрикс24 запись;230;0;;битрикс24;общий
конкуренты и бренды;скачать notion ai;230;0;;notion;навигация
конкуренты и бренды;1 notion;230;0;;notion;общий
конкуренты и бренды;новая таблица google таблицы;230;0;;google таблицы;общий
конкуренты и бренды;google таблицы войти в личный кабинет;230;0;;google таблицы;навигация
язык задач — учёт;учет товара из китая;230;0;;учет товаров;общий
язык задач — учёт;учет затрат и результатов;230;0;;учет затрат;общий
язык задач — учёт;учет производства и себестоимость продукции;230;0;;учет производства;общий
язык задач — система/программа;программа для учебного учета;230;0;;программа для учета;общий
язык задач — система/программа;система сбис документооборот;230;0;;система документооборота;общий
ии и новое;ии агент про;230;0;;ии агент;общий
ии и новое;ии агент искусственный интеллект;230;0;;ии агент;общий
конкуренты и бренды;битрикс24 ошибки;229;0;;битрикс24;проблема
конкуренты и бренды;google forms тесты;229;0;;google forms;учебное
язык задач — учёт;учет в разрезе договора;229;0;;учет договоров;общий
язык задач — учёт;объектом управленческого учета;229;0;;управленческий учет;общий
язык задач — учёт;учет в производстве проводки;229;0;;учет производства;общий
язык задач — учёт;учет объектов обращения;229;0;;учет обращений;общий
язык задач — учёт;порядок обращения к учетам;229;0;;учет обращений;общий
задачи и боли Excel;формула впр в excel для переноса;229;0;;впр excel;общий
задачи и боли Excel;как обновить данные в сводной таблице excel;229;0;;сводные таблицы excel;общий
создание и внедрение;разработка автоматизации бизнес процессов;229;0;;автоматизация бизнес процессов;общий
импортозамещение и закупка;закупки по 223 фз пошаговая;229;0;;закупка по 223 фз;учебное
импортозамещение и закупка;закупка по 223 фз котировка;229;0;;закупка по 223 фз;общий
данные и справочники;справочник номенклатуры в 1;229;0;;справочник номенклатуры;общий
данные и справочники;порно видео дам в хорошем качестве;229;0;;качество данных;общий
конкуренты и бренды;инструкция битрикс24;228;0;;битрикс24;учебное
конкуренты и бренды;google таблицы дата;228;0;;google таблицы;общий
конкуренты и бренды;ms power bi;228;0;;power bi;общий
язык задач — учёт;как сделать учет товара;228;0;;учет товаров;общий
язык задач — учёт;валютный контроль учет договоров;228;0;;учет договоров;общий
язык задач — учёт;зарплата и кадровый учет;228;0;;кадровый учет;учебное
язык задач — учёт;1с специалист управленческий учет;228;0;;управленческий учет;общий
язык задач — учёт;1 с управленческий учет;228;0;;управленческий учет;общий
язык задач — учёт;учет затрат проекта;228;0;;учет затрат;общий
язык задач — учёт;учет и планирование производства;228;0;;учет производства;общий
язык задач — учёт;учет закупок по 223 фз;228;0;;учет закупок;общий
язык задач — учёт;учет и хранение оборудования;228;0;;учет оборудования;общий
язык задач — учёт;учет списанного оборудования;228;0;;учет оборудования;общий
язык задач — система/программа;системы учета crm;228;0;;crm система;общий
задачи и боли Excel;формула впр в excel для переноса данных;228;0;;впр excel;общий
импортозамещение и закупка;закупки у мсп по 223 фз;228;0;;закупка по 223 фз;общий
конкуренты и бренды;настройка amocrm;227;0;;amocrm;общий
конкуренты и бренды;pipeline amocrm;227;0;;amocrm;общий
конкуренты и бренды;access аналог;227;0;;аналог access;выбор
язык задач — учёт;учет заказов программа;227;0;;учет заказов;общий
язык задач — учёт;учет рабочего времени по договорам;227;0;;учет договоров;общий
язык задач — учёт;пример управленческого учета;227;0;;управленческий учет;учебное
язык задач — система/программа;2 система электронного документооборота;227;0;;система документооборота;общий
импортозамещение и закупка;советский союз по великой отечественной войне;227;0;;отечественное по;общий
импортозамещение и закупка;российское по импортозамещение;227;0;;импортозамещение по;общий
язык задач — учёт;регистр учета продажи;226;0;;учет продаж;общий
язык задач — учёт;вопросы по учету затрат;226;0;;учет затрат;общий
язык задач — учёт;аналитика учета затрат;226;0;;учет затрат;общий
язык задач — система/программа;простая программа для учета;226;0;;программа для учета;общий
язык задач — система/программа;система документооборота контур;226;0;;система документооборота;общий
язык задач — система/программа;система отчетности сотрудников;226;0;;система отчетности;общий
язык задач — система/программа;программа для склада товара;226;0;;программа для склада;общий
конкуренты и бренды;программа для эвм 1с битрикс24;225;0;;битрикс24;общий
язык задач — учёт;база учета товара;225;0;;учет товаров;общий
язык задач — учёт;учет продаж ведется;225;0;;учет продаж;общий
язык задач — учёт;учет финансовых результатов от продажи товаров;225;0;;учет продаж;общий
язык задач — учёт;кадровый учет отчетность;225;0;;кадровый учет;общий
язык задач — учёт;учета производства в 1с 8.3 бухгалтерия;225;0;;учет производства;общий
язык задач — система/программа;программы для ведения бухгалтерского учета;225;0;;программа для учета;общий
конкуренты и бренды;автоматизация битрикс24;224;0;;битрикс24;общий
конкуренты и бренды;стоимость битрикс24;224;0;;битрикс24;покупка
конкуренты и бренды;utm битрикс24;224;0;;битрикс24;общий
язык задач — учёт;продажа товара учет ндс;224;0;;учет продаж;общий
язык задач — учёт;организация учета товаров на складе;224;0;;учет склада;общий
язык задач — учёт;воинский учет новый сотрудник;224;0;;учет сотрудников;общий
язык задач — система/программа;программа учета для дома;224;0;;программа для учета;общий
язык задач — система/программа;управление проектами система контроля проекта;224;0;;система управления проектами;общий
язык задач — система/программа;развитие системы управления проектами;224;0;;система управления проектами;общий
язык задач — система/программа;системы управления crm взаимоотношений;224;0;;crm система;общий
язык задач — система/программа;crm системы обучение;224;0;;crm система;учебное
язык задач — система/программа;афк система отчетность;224;0;;система отчетности;общий
создание и внедрение;анализ автоматизации бизнес процессов;224;0;;автоматизация бизнес процессов;общий
импортозамещение и закупка;егэ по отечественной истории;224;0;;отечественное по;учебное
данные и справочники;справочники номенклатура выбрать;224;0;;справочник номенклатуры;выбор
язык задач — учёт;учет процентов по договору займов;223;0;;учет договоров;общий
язык задач — учёт;заявка постановки на учет нвос;223;0;;учет заявок;общий
язык задач — учёт;как снять машину с учета для продажи;223;0;;учет продаж;общий
язык задач — учёт;бухгалтерия складского учета;223;0;;складской учет;общий
язык задач — учёт;кадровый учет c;223;0;;кадровый учет;общий
язык задач — учёт;правильный кадровый учет;223;0;;кадровый учет;общий
язык задач — учёт;аналитика управленческого учета;223;0;;управленческий учет;общий
язык задач — учёт;аналитики управленческого учета;223;0;;управленческий учет;общий
язык задач — система/программа;система управления проектами строительство;223;0;;система управления проектами;общий
язык задач — система/программа;планирование erp систем;223;0;;erp система;общий
импортозамещение и закупка;отечественная война по какой год;223;0;;отечественное по;общий
ии и новое;ии агент взломал;223;0;;ии агент;общий
данные и справочники;сколько баллов дают за мастера спорта;223;0;;мастер данные;общий
конкуренты и бренды;битрикс24 двухфакторная аутентификация;222;0;;битрикс24;общий
язык задач — учёт;заявка на учет объектов нвос;222;0;;учет заявок;общий
язык задач — учёт;управленческий учет главное;222;0;;управленческий учет;общий
язык задач — учёт;специалист по управленческому учету;222;0;;управленческий учет;общий
язык задач — учёт;центр учета закупок;222;0;;учет закупок;общий
язык задач — учёт;гарантийный ремонт бухгалтерский учет;222;0;;учет ремонтов;общий
язык задач — учёт;ремонт основных средств в бухгалтерском учете;222;0;;учет ремонтов;общий
язык задач — система/программа;система социального документооборота;222;0;;система документооборота;общий
язык задач — система/программа;система bi rads;222;0;;bi система;общий
задачи и боли Excel;что такое впр в excel простыми словами;222;0;;впр excel;учебное
задачи и боли Excel;как изменить данные сводной таблицы excel;222;0;;сводные таблицы excel;общий
создание и внедрение;специалист по внедрению информационных систем;222;0;;внедрение информационной системы;покупка
импортозамещение и закупка;проекты импортозамещения по;222;0;;импортозамещение по;общий
данные и справочники;справочник номенклатуры услуг;222;0;;справочник номенклатуры;общий
данные и справочники;данные по качеству воды;222;0;;качество данных;общий
конкуренты и бренды;примеры битрикс24;221;0;;битрикс24;учебное
конкуренты и бренды;notion apk;221;0;;notion;общий
язык задач — учёт;учет расчетов с клиентами;221;0;;учет клиентов;общий
язык задач — учёт;показания приборов учета в договоре;221;0;;учет договоров;общий
язык задач — учёт;принятие затрат к учету;221;0;;учет затрат;общий
язык задач — учёт;учет профзаболеваний на производстве;221;0;;учет производства;общий
язык задач — система/программа;цифровые системы управления проектами;221;0;;система управления проектами;общий
импортозамещение и закупка;экзамен по отечественной истории;221;0;;отечественное по;учебное
ии и новое;агент 1 ии;221;0;;ии агент;общий
ии и новое;ии агент и ии ассистент;221;0;;ии агент;общий
конкуренты и бренды;битрикс24 права доступа;220;0;;битрикс24;общий
конкуренты и бренды;название google таблицы;220;0;;google таблицы;общий
язык задач — учёт;учет договора лизинга у лизингополучателя;220;0;;учет договоров;общий
язык задач — учёт;книга учета договоров;220;0;;учет договоров;общий
язык задач — учёт;управление складским учетом;220;0;;складской учет;общий
язык задач — учёт;учет оборудования по документами;220;0;;учет оборудования;общий
язык задач — учёт;учет и обработка обращений;220;0;;учет обращений;общий
язык задач — система/программа;программа для учета средств;220;0;;программа для учета;общий
язык задач — система/программа;в министерстве система электронного документооборота;220;0;;система документооборота;общий
язык задач — система/программа;система управления взаимоотношения с клиентами crm;220;0;;crm система;общий
язык задач — система/программа;система управления взаимоотношениями с клиентами crm;220;0;;crm система;общий
задачи и боли Excel;впр excel сравнение двух;220;0;;впр excel;выбор
импортозамещение и закупка;бфт закупки по 223 фз;220;0;;закупка по 223 фз;общий
импортозамещение и закупка;российские crm;220;0;;российская crm;общий
ии и новое;вайб кодинг 1с;220;0;;вайб кодинг;общий
ии и новое;ии агент для кодинга;220;0;;ии агент;общий
данные и справочники;дала мастеру смотреть;220;0;;мастер данные;общий
данные и справочники;генная база данных мастера;220;0;;мастер данные;общий
конкуренты и бренды;битрикс24 оплаты;219;0;;битрикс24;общий
конкуренты и бренды;microsoft access runtime;219;0;;microsoft access;общий
язык задач — учёт;унф учет затрат;219;0;;учет затрат;общий
язык задач — учёт;аренда учет затрат;219;0;;учет затрат;общий
язык задач — система/программа;посредством системы электронного документооборота;219;0;;система документооборота;общий
язык задач — система/программа;выбор системы документооборота;219;0;;система документооборота;выбор
язык задач — система/программа;разработка crm системы;219;0;;crm система;общий
язык задач — система/программа;1 erp системы;219;0;;erp система;общий
язык задач — система/программа;системы аналитической отчетности;219;0;;система отчетности;общий
создание и внедрение;конструкторы приложений скачать;219;0;;конструктор приложений;навигация
импортозамещение и закупка;отечественные по рейтингу;219;0;;отечественное по;выбор
ии и новое;ии агенты сервис;219;0;;ии агент;общий
данные и справочники;качество данных в банке;219;0;;качество данных;общий
конкуренты и бренды;docs google com forms d 1;218;0;;google forms;общий
язык задач — учёт;функциям управленческого учета;218;0;;управленческий учет;общий
язык задач — система/программа;программы для учета услуг;218;0;;программа для учета;общий
язык задач — система/программа;интеграция erp систем;218;0;;erp система;общий
задачи и боли Excel;работа со сводными таблицами в excel;218;0;;сводные таблицы excel;общий
импортозамещение и закупка;орден отечественной войны по номеру;218;0;;отечественное по;общий
импортозамещение и закупка;победитель закупки по 223 фз;218;0;;закупка по 223 фз;общий
конкуренты и бренды;notion 2026;217;0;;notion;общий
конкуренты и бренды;notion ссылки;217;0;;notion;общий
конкуренты и бренды;notion s;217;0;;notion;общий
язык задач — учёт;складской учет скачать бесплатно;217;0;;складской учет;навигация
язык задач — учёт;учет затрат в компании;217;0;;учет затрат;общий
язык задач — система/программа;автоматизированная система учета данных;217;0;;система учета данных;общий
язык задач — система/программа;ооо система отчетность;217;0;;система отчетности;общий
конкуренты и бренды;notion trial;216;0;;notion;общий
язык задач — учёт;контроль учета рабочего времени сотрудников;216;0;;учет сотрудников;общий
язык задач — учёт;управленческие расходы счет учета;216;0;;управленческий учет;общий
язык задач — учёт;учет затрат таблица;216;0;;учет затрат;общий
язык задач — система/программа;корпоративная система управления проектами;216;0;;система управления проектами;общий
язык задач — система/программа;контур экстерн отчетность вход в систему;216;0;;система отчетности;навигация
импортозамещение и закупка;продажа отечественного по;216;0;;отечественное по;общий
импортозамещение и закупка;произведения по отечественной войне;216;0;;отечественное по;общий
ии и новое;готовые ии агенты;216;0;;ии агент;общий
данные и справочники;тесты на качество данных;216;0;;качество данных;учебное
конкуренты и бренды;docs google com forms анкета;215;0;;google forms;общий
язык задач — учёт;бланк учета сотрудников;215;0;;учет сотрудников;общий
язык задач — учёт;учет нарушений сотрудников;215;0;;учет сотрудников;общий
язык задач — учёт;бухгалтерские счета управленческого учета;215;0;;управленческий учет;общий
язык задач — учёт;управленческий учет учебник;215;0;;управленческий учет;учебное
язык задач — учёт;методы учета затрат на производство;215;0;;учет затрат;общий
язык задач — учёт;учет затрат на оборудование;215;0;;учет затрат;общий
язык задач — учёт;оборудования учета электроэнергии;215;0;;учет оборудования;общий
язык задач — учёт;ведение учета оборудования;215;0;;учет оборудования;общий
язык задач — учёт;ремонт тепловых узлов учета;215;0;;учет ремонтов;общий
язык задач — система/программа;программа системы электронного документооборота;215;0;;система документооборота;общий
язык задач — система/программа;система автоматизации crm;215;0;;crm система;общий
язык задач — система/программа;bi система аналитика;215;0;;bi система;общий
импортозамещение и закупка;тесты по отечественной войне;215;0;;отечественное по;учебное
импортозамещение и закупка;план по импортозамещению;215;0;;импортозамещение по;общий
данные и справочники;порно дам русских хорошего качества;215;0;;качество данных;общий
язык задач — учёт;бухгалтер кадровый учет;214;0;;кадровый учет;общий
язык задач — учёт;учет затрат здания;214;0;;учет затрат;общий
язык задач — учёт;erp учет производства;214;0;;учет производства;общий
язык задач — система/программа;система обмена электронного документооборота;214;0;;система документооборота;общий
язык задач — система/программа;регистрация в системе электронного документооборота;214;0;;система документооборота;общий
задачи и боли Excel;сводная таблица в excel из нескольких таблиц;214;0;;сводные таблицы excel;общий
импортозамещение и закупка;закупка по 223 фз пошаговая инструкция;214;0;;закупка по 223 фз;учебное
конкуренты и бренды;битрикс24 официальный сайт;213;0;;битрикс24;навигация
конкуренты и бренды;1с битрикс24 корпоративный портал;213;0;;битрикс24;общий
конкуренты и бренды;отчет google таблицы;213;0;;google таблицы;общий
конкуренты и бренды;график google таблицы;213;0;;google таблицы;общий
язык задач — учёт;1 с учет заявок;213;0;;учет заявок;общий
язык задач — учёт;учет продажи сайта;213;0;;учет продаж;общий
язык задач — учёт;приложение учета сотрудников;213;0;;учет сотрудников;общий
язык задач — учёт;управленческий учет товара;213;0;;управленческий учет;общий
язык задач — учёт;c учет оборудования;213;0;;учет оборудования;общий
язык задач — учёт;учет ремонт ос;213;0;;учет ремонтов;общий
импортозамещение и закупка;отмена закупки по 223 фз;213;0;;закупка по 223 фз;общий
ии и новое;manus ии агент;213;0;;ии агент;общий
данные и справочники;унф справочник номенклатура;213;0;;справочник номенклатуры;общий
данные и справочники;в данном исследовании в качестве;213;0;;качество данных;общий
конкуренты и бренды;сертификат битрикс24;212;0;;битрикс24;общий
конкуренты и бренды;битрикс24 даты;212;0;;битрикс24;общий
конкуренты и бренды;битрикс24 шаблоны документов;212;0;;битрикс24;общий
конкуренты и бренды;power bi элементы;212;0;;power bi;общий
язык задач — учёт;учет продажи товаров определение финансового результата;212;0;;учет продаж;общий
язык задач — учёт;учет служебного времени сотрудников;212;0;;учет сотрудников;общий
язык задач — учёт;какие затраты в бухгалтерском учете;212;0;;учет затрат;общий
язык задач — система/программа;система электронного документооборота позволяет;212;0;;система документооборота;общий
язык задач — система/программа;корпоративная crm система;212;0;;crm система;общий
создание и внедрение;автоматизация учета бизнеса;212;0;;автоматизация учета;общий
импортозамещение и закупка;включение в реестр отечественного по;212;0;;реестр отечественного по;общий
импортозамещение и закупка;смотреть фильмы по отечественную войну;212;0;;отечественное по;общий
импортозамещение и закупка;вакансии по закупкам 223 фз;212;0;;закупка по 223 фз;общий
язык задач — учёт;продажа авто не ставя на учет;211;0;;учет продаж;общий
язык задач — учёт;учет иностранных сотрудников;211;0;;учет сотрудников;общий
язык задач — учёт;учет операций управленческого учета;211;0;;управленческий учет;общий
язык задач — учёт;счет затрат налогового учета;211;0;;учет затрат;общий
язык задач — учёт;регистр учет затрат;211;0;;учет затрат;общий
язык задач — система/программа;ооо системы документооборота;211;0;;система документооборота;общий
язык задач — система/программа;erp системы компании;211;0;;erp система;общий
импортозамещение и закупка;памятники по отечественной войне;211;0;;отечественное по;общий
импортозамещение и закупка;код закупки по 223 фз;211;0;;закупка по 223 фз;общий
конкуренты и бренды;docs google com forms d анкета;210;0;;google forms;общий
конкуренты и бренды;https docs google com forms анкета;210;0;;google forms;общий
язык задач — учёт;внутренний учет клиентов;210;0;;учет клиентов;общий
язык задач — учёт;формирования управленческого учета;210;0;;управленческий учет;общий
язык задач — учёт;финансовый учет управленческий учет финансовый анализ;210;0;;управленческий учет;общий
язык задач — учёт;учет продуктов производства;210;0;;учет производства;общий
язык задач — система/программа;система управления социальным проектом;210;0;;система управления проектами;общий
задачи и боли Excel;вычисляемое поле в сводной таблице excel;210;0;;сводные таблицы excel;общий
импортозамещение и закупка;великая отечественная война сражение по;210;0;;отечественное по;общий
данные и справочники;полнота качества данных;210;0;;качество данных;общий
конкуренты и бренды;битрикс24 облако;209;0;;битрикс24;общий
конкуренты и бренды;google таблица дней день;209;0;;google таблицы;общий
конкуренты и бренды;power bi на русском;209;0;;power bi;общий
конкуренты и бренды;https docs google com forms 1;209;0;;google forms;общий
конкуренты и бренды;https docs google forms d 1;209;0;;google forms;общий
язык задач — учёт;программа учета времени сотрудников;209;0;;учет сотрудников;общий
язык задач — учёт;котловой учет затрат;209;0;;учет затрат;общий
язык задач — учёт;учет лизинга оборудования;209;0;;учет оборудования;общий
язык задач — система/программа;мониторинг системы управления проектом;209;0;;система управления проектами;общий
язык задач — система/программа;основные системы документооборота;209;0;;система документооборота;общий
язык задач — система/программа;crm системы в россии;209;0;;crm система;общий
создание и внедрение;техническое задание на систему оповещения;209;0;;техническое задание на систему;общий
импортозамещение и закупка;ответы по великой отечественной войне;209;0;;отечественное по;общий
импортозамещение и закупка;великая отечественная война по битвам;209;0;;отечественное по;общий
конкуренты и бренды;приложение битрикс24 для windows;208;0;;битрикс24;общий
конкуренты и бренды;анализ power bi;208;0;;power bi;общий
конкуренты и бренды;microsoft access database engine redistributable;208;0;;microsoft access;общий
язык задач — учёт;книга продаж счета учета;208;0;;учет продаж;общий
язык задач — учёт;подготовка управленческого учета;208;0;;управленческий учет;общий
язык задач — учёт;форма учета затрат;208;0;;учет затрат;общий
язык задач — система/программа;система социального электронного документооборота;208;0;;система документооборота;общий
язык задач — система/программа;работа в crm системе что это;208;0;;crm система;учебное
задачи и боли Excel;excel две сводные таблицы;208;0;;сводные таблицы excel;общий
создание и внедрение;технических заданий на создание информационной системы;208;0;;техническое задание на систему;общий
импортозамещение и закупка;закупки по 223 фз запрос котировок;208;0;;закупка по 223 фз;общий
данные и справочники;что дает международный мастер спорта;208;0;;мастер данные;общий
данные и справочники;я не дам бесплатно в хорошем качестве;208;0;;качество данных;навигация
конкуренты и бренды;сервиса битрикс24;207;0;;битрикс24;общий
конкуренты и бренды;интеграция битрикс24 и 1с;207;0;;битрикс24;общий
конкуренты и бренды;amocrm официальный;207;0;;amocrm;общий
язык задач — учёт;учет продажи товаров документы;207;0;;учет продаж;общий
язык задач — учёт;снятие сотрудников с воинского учета;207;0;;учет сотрудников;общий
язык задач — учёт;кадровый учет в 1с зуп;207;0;;кадровый учет;общий
язык задач — учёт;отдел кадрового учета;207;0;;кадровый учет;общий
язык задач — учёт;управленческий экономический учет;207;0;;управленческий учет;общий
язык задач — система/программа;erp система купить;207;0;;erp система;покупка
язык задач — система/программа;1с система отчетности;207;0;;система отчетности;общий
создание и внедрение;создание и внедрение информационной системы;207;0;;внедрение информационной системы;покупка
импортозамещение и закупка;смотреть фильм по великую отечественную войну;207;0;;отечественное по;общий
импортозамещение и закупка;великая отечественная война фильм по сериям;207;0;;отечественное по;общий
ии и новое;ии агент на компьютер;207;0;;ии агент;общий
конкуренты и бренды;обновление битрикс24;206;0;;битрикс24;общий
конкуренты и бренды;битрикс24 пользовательские поля;206;0;;битрикс24;общий
конкуренты и бренды;битрикс24 не работает;206;0;;битрикс24;проблема
конкуренты и бренды;https app notion com;206;0;;notion;общий
язык задач — учёт;заявка на постановку на учет объекта нвос;206;0;;учет заявок;общий
язык задач — учёт;кадровый учет отдел кадров;206;0;;кадровый учет;общий
язык задач — учёт;учета затрат рекомендации;206;0;;учет затрат;общий
язык задач — учёт;учет затрат на реализацию;206;0;;учет затрат;общий
язык задач — учёт;планирование учета затрат;206;0;;учет затрат;общий
язык задач — система/программа;crm системы самому;206;0;;crm система;общий
язык задач — система/программа;erp система примеры;206;0;;erp система;учебное
импортозамещение и закупка;произведения по великой отечественной;206;0;;отечественное по;общий
импортозамещение и закупка;вопросы по истории отечественной войны;206;0;;отечественное по;общий
импортозамещение и закупка;отечественные фильмы по годам;206;0;;отечественное по;общий
импортозамещение и закупка;обучение по 223 фз закупки с нуля;206;0;;закупка по 223 фз;учебное
конкуренты и бренды;2 google таблицы;205;0;;google таблицы;общий
конкуренты и бренды;microsoft access c;205;0;;microsoft access;общий
язык задач — учёт;сотрудники ип воинский учет;205;0;;учет сотрудников;общий
язык задач — учёт;кадровый учет отпусков;205;0;;кадровый учет;общий
язык задач — учёт;особенность учета затрат;205;0;;учет затрат;общий
язык задач — система/программа;программа для бухгалтерского учета 1с;205;0;;программа для учета;общий
язык задач — система/программа;единая государственная система документооборота;205;0;;система документооборота;общий
язык задач — система/программа;crm система сайт;205;0;;crm система;общий
язык задач — система/программа;общая система налогообложения отчетность;205;0;;система отчетности;общий
задачи и боли Excel;впр поискпоз excel;205;0;;впр excel;общий
создание и внедрение;внедрение и развитие информационных систем;205;0;;внедрение информационной системы;покупка
импортозамещение и закупка;фильм про великую отечественную войну по;205;0;;отечественное по;общий
импортозамещение и закупка;закупки иностранного по по 223 фз;205;0;;закупка по 223 фз;общий
импортозамещение и закупка;какие закупки проводят по 223 фз;205;0;;закупка по 223 фз;общий
конкуренты и бренды;1с заменить символы;204;0;;заменить 1с;выбор
конкуренты и бренды;power bi даты;204;0;;power bi;общий
язык задач — учёт;учет продажи предприятия;204;0;;учет продаж;общий
язык задач — учёт;26 счет бухгалтерского учета это какие затраты;204;0;;учет затрат;учебное
язык задач — учёт;технология учета производства;204;0;;учет производства;общий
импортозамещение и закупка;перечень отечественного по;204;0;;отечественное по;общий
ии и новое;ии агент инструмент;204;0;;ии агент;общий
ии и новое;ии агент аналитик;204;0;;ии агент;общий
данные и справочники;дала тату мастеру;204;0;;мастер данные;общий
данные и справочники;мастер тату дали;204;0;;мастер данные;общий
конкуренты и бренды;помощью битрикс24;203;0;;битрикс24;общий
язык задач — учёт;учет прихода и ухода сотрудников;203;0;;учет сотрудников;общий
язык задач — учёт;таблица учета времени сотрудников;203;0;;учет сотрудников;общий
язык задач — учёт;принципы управленческого учета;203;0;;управленческий учет;общий
язык задач — учёт;финансовый учет производства;203;0;;учет производства;общий
язык задач — система/программа;новые системы электронного документооборота;203;0;;система документооборота;общий
язык задач — система/программа;систему кадрового электронного документооборота;203;0;;система документооборота;общий
задачи и боли Excel;excel диапазон сводной таблицы;203;0;;сводные таблицы excel;общий
импортозамещение и закупка;вопрос по истории великой отечественной;203;0;;отечественное по;общий
импортозамещение и закупка;по местам великой отечественной войны;203;0;;отечественное по;общий
конкуренты и бренды;1с заменить эцп;202;0;;заменить 1с;выбор
конкуренты и бренды;скачать песню the days notion;202;0;;notion;навигация
конкуренты и бренды;power bi https;202;0;;power bi;общий
язык задач — учёт;учет оплат клиентов;202;0;;учет клиентов;общий
язык задач — учёт;учет купли продажи недвижимости;202;0;;учет продаж;общий
язык задач — учёт;автоматизированный учет рабочего времени сотрудников;202;0;;учет сотрудников;общий
язык задач — учёт;сотрудник не встал на воинский учет;202;0;;учет сотрудников;общий
язык задач — учёт;аналитический учет сотрудников;202;0;;учет сотрудников;общий
язык задач — учёт;учет приобретения оборудования;202;0;;учет оборудования;общий
язык задач — учёт;учет малоценного оборудования в 1с 8.3;202;0;;учет оборудования;общий
язык задач — система/программа;контур система электронного документооборота;202;0;;система документооборота;общий
язык задач — система/программа;суть erp системы;202;0;;erp система;общий
задачи и боли Excel;впр таблица в excel как сделать;202;0;;впр excel;общий
импортозамещение и закупка;закрытые закупки по 223 фз;202;0;;закупка по 223 фз;общий
конкуренты и бренды;битрикс24 агенты;201;0;;битрикс24;общий
язык задач — учёт;учет продаж при усн;201;0;;учет продаж;общий
язык задач — учёт;учет продаж 90;201;0;;учет продаж;общий
язык задач — учёт;журнал учета рабочего времени сотрудников образец;201;0;;учет сотрудников;общий
язык задач — учёт;с учетом затрат и цен;201;0;;учет затрат;общий
язык задач — учёт;учет затрат основного производства;201;0;;учет затрат;общий
язык задач — учёт;учет технического обслуживания и ремонта оборудования;201;0;;учет оборудования;общий
задачи и боли Excel;функции впр в excel для чайников;201;0;;впр excel;учебное
импортозамещение и закупка;описание закупки по 223 фз;201;0;;закупка по 223 фз;общий
данные и справочники;что дает звание мастер спорта россии;201;0;;мастер данные;общий
конкуренты и бренды;боты битрикс24;200;0;;битрикс24;общий
конкуренты и бренды;amocrm войти;200;0;;amocrm;навигация
язык задач — учёт;учет продаж скачать;200;0;;учет продаж;навигация
язык задач — учёт;аналитический учет затрат;200;0;;учет затрат;общий
язык задач — учёт;учет затрат в производстве 1с;200;0;;учет затрат;общий
язык задач — учёт;журнал учета несчастных случаев на производстве;200;0;;учет производства;общий
язык задач — учёт;книга учета ремонта;200;0;;учет ремонтов;общий
язык задач — система/программа;программа для учета бизнеса;200;0;;программа для учета;общий
язык задач — система/программа;программа для учета клиентов;200;0;;программа для учета;общий
импортозамещение и закупка;великая отечественная война по событиям;200;0;;отечественное по;общий
импортозамещение и закупка;предмет закупки по 223 фз;200;0;;закупка по 223 фз;общий
ии и новое;агент 5 ии;200;0;;ии агент;общий
ии и новое;ии агент манус;200;0;;ии агент;общий
данные и справочники;данные по качеству пример;200;0;;качество данных;учебное
данные и справочники;что дает система качества;200;0;;качество данных;общий
данные и справочники;качество данных зарегистрированных;200;0;;качество данных;общий
конкуренты и бренды;power query и power bi;199;0;;power bi;общий
конкуренты и бренды;tableau desktop;199;0;;tableau;общий
язык задач — учёт;учет продаж и остатков;199;0;;учет продаж;общий
язык задач — учёт;воинский учет прием на работу сотрудника;199;0;;учет сотрудников;общий
язык задач — учёт;управленческий учет в бухгалтерии;199;0;;управленческий учет;общий
язык задач — учёт;управленческого учет доходов;199;0;;управленческий учет;общий
язык задач — учёт;управленческий учет относится;199;0;;управленческий учет;общий
язык задач — учёт;учет принятого в ремонт;199;0;;учет ремонтов;общий
язык задач — система/программа;программа для учет зарплаты;199;0;;программа для учета;учебное
язык задач — система/программа;корпоративные системы erp;199;0;;erp система;общий
язык задач — система/программа;система отчетности в компании;199;0;;система отчетности;общий
импортозамещение и закупка;произведения по великой отечественной войне;199;0;;отечественное по;общий
конкуренты и бренды;notion tasks;198;0;;notion;общий
язык задач — учёт;учет выполнения заказов;198;0;;учет заказов;общий
язык задач — учёт;заявка на замену приборов учета;198;0;;учет заявок;общий
язык задач — учёт;автоматизация складского учета;198;0;;складской учет;общий
язык задач — учёт;1 с складской учет;198;0;;складской учет;общий
язык задач — учёт;erp учет затрат;198;0;;учет затрат;общий
язык задач — учёт;учет сварочного оборудования;198;0;;учет оборудования;общий
язык задач — учёт;узел учета тепловой энергии ремонт;198;0;;учет ремонтов;общий
импортозамещение и закупка;памятники по великой отечественной войне;198;0;;отечественное по;общий
импортозамещение и закупка;отменили закупку по 223 фз;198;0;;закупка по 223 фз;общий
конкуренты и бренды;журнал битрикс24;197;0;;битрикс24;общий
конкуренты и бренды;программа для эвм 1с битрикс24 лицензия;197;0;;битрикс24;общий
конкуренты и бренды;разделы битрикс24;197;0;;битрикс24;общий
конкуренты и бренды;битрикс24 срм;197;0;;битрикс24;общий
конкуренты и бренды;битрикс24 amocrm;197;0;;битрикс24;общий
конкуренты и бренды;power bi desktop download;197;0;;power bi;общий
язык задач — учёт;учет материалов сотрудников;197;0;;учет сотрудников;общий
язык задач — учёт;учет температурного режима холодильного оборудования образец;197;0;;учет оборудования;общий
язык задач — учёт;учет фонда капитального ремонта;197;0;;учет ремонтов;общий
язык задач — учёт;психиатр обращение учет;197;0;;учет обращений;общий
язык задач — система/программа;кассовая программа для магазина;197;0;;программа для магазина;общий
данные и справочники;мастер не дает работу;197;0;;мастер данные;общий
конкуренты и бренды;установка битрикс24;196;0;;битрикс24;общий
конкуренты и бренды;notion rare перевод;196;0;;notion;общий
язык задач — учёт;вести учет заказов;196;0;;учет заказов;общий
язык задач — учёт;дмс сотруднику учет;196;0;;учет сотрудников;общий
язык задач — учёт;варианты управленческого учета;196;0;;управленческий учет;общий
язык задач — учёт;учет и анализ производства;196;0;;учет производства;общий
язык задач — система/программа;программа для товаров в магазине;196;0;;программа для магазина;общий
язык задач — система/программа;программа для кассы магазина;196;0;;программа для магазина;общий
задачи и боли Excel;срез в сводной таблице excel;196;0;;сводные таблицы excel;общий
импортозамещение и закупка;история вопросы по великой отечественной войне;196;0;;отечественное по;общий
импортозамещение и закупка;несостоявшаяся закупка по 223 фз;196;0;;закупка по 223 фз;общий
ии и новое;вайб кодинг сайты;196;0;;вайб кодинг;общий
конкуренты и бренды;битрикс24 регистрация;195;0;;битрикс24;общий
конкуренты и бренды;notion русский язык;195;0;;notion;общий
конкуренты и бренды;power bi аналоги;195;0;;power bi;выбор
конкуренты и бренды;microsoft access com;195;0;;microsoft access;общий
язык задач — учёт;учет продаж и расчетов;195;0;;учет продаж;общий
язык задач — учёт;сотрудник подлежащий воинскому учету;195;0;;учет сотрудников;общий
язык задач — учёт;управленческий учет в университете;195;0;;управленческий учет;общий
язык задач — учёт;журнал учета холодильного оборудования образец;195;0;;учет оборудования;общий
язык задач — система/программа;управление системами проекта этапы;195;0;;система управления проектами;общий
язык задач — система/программа;организация системы управления документооборота;195;0;;система документооборота;общий
язык задач — система/программа;erp система отзывы;195;0;;erp система;общий
язык задач — система/программа;erp система модули;195;0;;erp система;общий
язык задач — система/программа;системы управленческой отчетности;195;0;;система отчетности;общий
задачи и боли Excel;впр сравнение таблиц excel;195;0;;впр excel;выбор
ии и новое;ии агенты для анализа;195;0;;ии агент;общий
данные и справочники;специалист по качеству данных;195;0;;качество данных;общий
конкуренты и бренды;notion нейросеть;194;0;;notion;общий
язык задач — учёт;1с продажа маркетплейс учет;194;0;;учет продаж;общий
язык задач — учёт;система учета товара на складе;194;0;;учет склада;общий
язык задач — учёт;складского учета материалов форма м 17;194;0;;складской учет;общий
язык задач — учёт;учет расходов по статьям затрат;194;0;;учет затрат;общий
язык задач — учёт;приложение учета обращений;194;0;;учет обращений;общий
язык задач — система/программа;учет права на программы для эвм;194;0;;программа для учета;общий
язык задач — система/программа;выбор crm систем;194;0;;crm система;выбор
задачи и боли Excel;впр excel для чайников примеры;194;0;;впр excel;учебное
импортозамещение и закупка;c отечественное по;194;0;;отечественное по;общий
импортозамещение и закупка;вакансия специалист по закупкам 223 фз;194;0;;закупка по 223 фз;общий
ии и новое;ии агенты презентация;194;0;;ии агент;общий
язык задач — учёт;продажа учет готовой продукции;193;0;;учет продаж;общий
язык задач — учёт;учет склада в 1 с;193;0;;учет склада;общий
язык задач — учёт;кадровый учет табель учета рабочего времени;193;0;;кадровый учет;общий
язык задач — учёт;1с специалист консультант управленческий учет;193;0;;управленческий учет;общий
язык задач — учёт;управленческий учет 2026;193;0;;управленческий учет;общий
язык задач — учёт;учет производства и финансов;193;0;;учет производства;общий
язык задач — учёт;инвентарный учет оборудования;193;0;;учет оборудования;общий
импортозамещение и закупка;отечественное по включенное в реестр;193;0;;реестр отечественного по;общий
импортозамещение и закупка;женщины в великой отечественной войне по;193;0;;отечественное по;общий
импортозамещение и закупка;сведения о закупках по 223 фз;193;0;;закупка по 223 фз;общий
данные и справочники;данного проекта в качестве;193;0;;качество данных;общий
конкуренты и бренды;скачать amocrm;192;0;;amocrm;навигация
конкуренты и бренды;notion google;192;0;;notion;общий
язык задач — учёт;управленческий учет результатов деятельности;192;0;;управленческий учет;общий
язык задач — учёт;учет затрат примеры;192;0;;учет затрат;учебное
язык задач — система/программа;управление техническими системами проект;192;0;;система управления проектами;общий
язык задач — система/программа;система удаленного документооборота;192;0;;система документооборота;общий
язык задач — система/программа;система электронного документооборота сбис;192;0;;система документооборота;общий
язык задач — система/программа;система электронного документооборота 1с;192;0;;система документооборота;общий
язык задач — система/программа;требования системе электронного документооборота;192;0;;система документооборота;общий
язык задач — система/программа;erp система 1с предприятие;192;0;;erp система;общий
создание и внедрение;автоматизации учета товаров;192;0;;автоматизация учета;общий
создание и внедрение;внедрение и сопровождение информационной системы;192;0;;внедрение информационной системы;покупка
импортозамещение и закупка;темы по отечественной истории;192;0;;отечественное по;общий
импортозамещение и закупка;материал по великой отечественной войне;192;0;;отечественное по;общий
язык задач — учёт;учет книги покупок и книги продаж;191;0;;учет продаж;общий
язык задач — учёт;приложение для учета склада;191;0;;учет склада;общий
язык задач — учёт;управленческий учет менеджмент;191;0;;управленческий учет;общий
язык задач — учёт;учет затрат заказчиком;191;0;;учет затрат;общий
язык задач — учёт;учет вспомогательного производства;191;0;;учет производства;общий
язык задач — система/программа;система учета данных федерации;191;0;;система учета данных;общий
язык задач — система/программа;система электронного документооборота перечень;191;0;;система документооборота;общий
язык задач — система/программа;основные crm системы;191;0;;crm система;общий
задачи и боли Excel;впр excel сравнение двух таблиц;191;0;;впр excel;выбор
импортозамещение и закупка;операции по великой отечественной войне;191;0;;отечественное по;общий
ии и новое;ии агент на python;191;0;;ии агент;общий
данные и справочники;создать справочник номенклатуры;191;0;;справочник номенклатуры;общий
данные и справочники;качество обучающих данных;191;0;;качество данных;общий
конкуренты и бренды;amocrm официальный сайт;190;0;;amocrm;навигация
язык задач — учёт;учет сотрудников банка;190;0;;учет сотрудников;общий
язык задач — учёт;сотрудник специального учета фсин;190;0;;учет сотрудников;общий
язык задач — учёт;организация управленческого учета и контроля;190;0;;управленческий учет;общий
язык задач — учёт;учет промышленного производства;190;0;;учет производства;общий
язык задач — учёт;учет производства продукции счет;190;0;;учет производства;общий
язык задач — учёт;учет технического состояния оборудования;190;0;;учет оборудования;общий
язык задач — учёт;программа учета ремонта;190;0;;учет ремонтов;общий
язык задач — система/программа;выбор системы управления проектами;190;0;;система управления проектами;выбор
язык задач — система/программа;информационные системы управления erp;190;0;;erp система;общий
импортозамещение и закупка;отечественное по скачать;190;0;;отечественное по;навигация
данные и справочники;справочник номенклатура 1с бухгалтерия;190;0;;справочник номенклатуры;общий
конкуренты и бренды;битрикс24 меню;189;0;;битрикс24;общий
язык задач — учёт;продажи с учетом возврата;189;0;;учет продаж;общий
язык задач — учёт;капитальный ремонт учет расходов;189;0;;учет ремонтов;общий
язык задач — система/программа;системы документации и документооборот;189;0;;система документооборота;общий
задачи и боли Excel;сводная таблица excel даты;189;0;;сводные таблицы excel;общий
импортозамещение и закупка;мероприятия по импортозамещению;189;0;;импортозамещение по;общий
данные и справочники;даем гарантию качества;189;0;;качество данных;общий
данные и справочники;дает гарантию качества данной;189;0;;качество данных;общий
данные и справочники;оплата качество данные;189;0;;качество данных;общий
конкуренты и бренды;microsoft access бесплатный;188;0;;microsoft access;общий
язык задач — учёт;учет воды для сотрудников;188;0;;учет сотрудников;общий
язык задач — учёт;учет поступления затрат;188;0;;учет затрат;общий
язык задач — учёт;отдел учет производства;188;0;;учет производства;общий
язык задач — учёт;бухгалтерский и налоговый учет производства;188;0;;учет производства;общий
язык задач — система/программа;программы для учета предприятия;188;0;;программа для учета;общий
язык задач — система/программа;система управления проектами предприятия;188;0;;система управления проектами;общий
создание и внедрение;внедрение информационной системы предприятия;188;0;;внедрение информационной системы;покупка
импортозамещение и закупка;примеры закупок по 223 фз;188;0;;закупка по 223 фз;учебное
ии и новое;ии агент на сайт;188;0;;ии агент;общий
ии и новое;курсы по созданию ии агентов;188;0;;ии агент;учебное
конкуренты и бренды;битрикс24 энтерпрайз;187;0;;битрикс24;общий
конкуренты и бренды;таблица цветов google;187;0;;google таблицы;общий
конкуренты и бренды;microsoft access excel;187;0;;microsoft access;общий
язык задач — учёт;продажа проводки в бухгалтерском учете;187;0;;учет продаж;общий
язык задач — учёт;бухгалтерский и управленческий учет в чем разница;187;0;;управленческий учет;общий
язык задач — учёт;учет затрат какие документы;187;0;;учет затрат;общий
язык задач — система/программа;какую систему документооборота выбрать;187;0;;система документооборота;выбор
язык задач — система/программа;система оценки отчетности;187;0;;система отчетности;общий
задачи и боли Excel;excel впр индексы;187;0;;впр excel;общий
создание и внедрение;средства автоматизации учета;187;0;;автоматизация учета;общий
импортозамещение и закупка;национальный режим в закупках по 223 фз;187;0;;закупка по 223 фз;общий
данные и справочники;внедрение качества данных;187;0;;качество данных;покупка
язык задач — учёт;раздельный учет оборонный заказ;186;0;;учет заказов;общий
язык задач — учёт;учет выполнения заявок;186;0;;учет заявок;общий
язык задач — учёт;учет склада скачать;186;0;;учет склада;навигация
язык задач — учёт;учет затрат классификация;186;0;;учет затрат;общий
язык задач — учёт;котловой метод учета затрат;186;0;;учет затрат;общий
язык задач — учёт;котловый метод учета затрат;186;0;;учет затрат;общий
язык задач — учёт;учет затрат котловым методом;186;0;;учет затрат;общий
язык задач — учёт;учет постоянных затрат;186;0;;учет затрат;общий
язык задач — учёт;учет производство пример;186;0;;учет производства;учебное
язык задач — учёт;оборудование учета воды;186;0;;учет оборудования;общий
язык задач — учёт;учет капитального ремонта основных средств;186;0;;учет ремонтов;общий
язык задач — система/программа;решение системы управления проектами;186;0;;система управления проектами;общий
язык задач — система/программа;государственная информационная система управления проектами;186;0;;система управления проектами;общий
язык задач — система/программа;система документооборота предприятия;186;0;;система документооборота;общий
язык задач — система/программа;amo crm системы;186;0;;crm система;общий
язык задач — система/программа;система мониторинг отчетности;186;0;;система отчетности;общий
язык задач — система/программа;программа для ведения склада;186;0;;программа для склада;общий
задачи и боли Excel;microsoft excel сводная таблица;186;0;;сводные таблицы excel;общий
импортозамещение и закупка;отечественная война по карте;186;0;;отечественное по;общий
ии и новое;что такое ии агент простыми;186;0;;ии агент;учебное
конкуренты и бренды;битрикс24 дело;185;0;;битрикс24;общий
конкуренты и бренды;amocrm клиенты;185;0;;amocrm;общий
конкуренты и бренды;https www notion so;185;0;;notion;общий
конкуренты и бренды;notion the rare occasions перевод;185;0;;notion;общий
конкуренты и бренды;задачи google таблицы;185;0;;google таблицы;общий
язык задач — учёт;склад учет эксель;185;0;;учет склада;общий
язык задач — учёт;политика управленческого учета;185;0;;управленческий учет;общий
язык задач — учёт;основное производство счет учета;185;0;;учет производства;общий
язык задач — система/программа;система обработки данных учета;185;0;;система учета данных;общий
язык задач — система/программа;3 системы управления проектами;185;0;;система управления проектами;общий
язык задач — система/программа;корпоративная система электронного документооборота;185;0;;система документооборота;общий
язык задач — система/программа;3 система электронного документооборота;185;0;;система документооборота;общий
язык задач — система/программа;программа для магазина розничной торговли;185;0;;программа для магазина;общий
создание и внедрение;оценка внедрения информационных систем;185;0;;внедрение информационной системы;покупка
импортозамещение и закупка;реестр отечественного по войти;185;0;;реестр отечественного по;навигация
ии и новое;как установить ии агента;185;0;;ии агент;общий
данные и справочники;справочник характеристики номенклатуры;185;0;;справочник номенклатуры;общий
язык задач — учёт;таблица учета клиентов;184;0;;учет клиентов;общий
язык задач — учёт;таблица складского учета;184;0;;складской учет;общий
язык задач — учёт;erp управленческий учет специалист;184;0;;управленческий учет;общий
язык задач — учёт;система учета работы оборудования;184;0;;учет оборудования;общий
язык задач — система/программа;программа для учета продажи товаров;184;0;;программа для учета;общий
язык задач — система/программа;системой управления проектами является;184;0;;система управления проектами;общий
задачи и боли Excel;сортировка в сводной таблице excel;184;0;;сводные таблицы excel;общий
ии и новое;yandex ии агент;184;0;;ии агент;общий
конкуренты и бренды;crm системе битрикс24;183;0;;битрикс24;общий
конкуренты и бренды;power bi книга;183;0;;power bi;общий
язык задач — учёт;учет рабочего времени сотрудников приказ;183;0;;учет сотрудников;общий
язык задач — учёт;учет численности сотрудников;183;0;;учет сотрудников;общий
язык задач — учёт;управленческий учет обеспечивает;183;0;;управленческий учет;общий
язык задач — учёт;учет прошлых затрат;183;0;;учет затрат;общий
язык задач — учёт;ведомость учета затрат;183;0;;учет затрат;общий
язык задач — учёт;приказ по учету затрат;183;0;;учет затрат;общий
язык задач — учёт;журнал учета температурного режима холодильного оборудования образец;183;0;;учет оборудования;общий
язык задач — учёт;учет оборудования работающего под давлением;183;0;;учет оборудования;общий
язык задач — система/программа;система отчетности проекта;183;0;;система отчетности;общий
язык задач — система/программа;программа для магазина продажа;183;0;;программа для магазина;общий
задачи и боли Excel;впр excel как пользоваться для чайников;183;0;;впр excel;учебное
импортозамещение и закупка;отечественное по в школы;183;0;;отечественное по;общий
конкуренты и бренды;менеджер битрикс24;182;0;;битрикс24;общий
конкуренты и бренды;работа с google таблицами;182;0;;google таблицы;общий
конкуренты и бренды;power bi карточка;182;0;;power bi;общий
конкуренты и бренды;tableau скачать;182;0;;tableau;навигация
язык задач — учёт;складской учет битрикс;182;0;;складской учет;общий
язык задач — учёт;управленческий учет ддс;182;0;;управленческий учет;общий
язык задач — учёт;учет затрат на разработку;182;0;;учет затрат;общий
язык задач — учёт;специалист по учету производства;182;0;;учет производства;общий
язык задач — система/программа;российская система управления проектами;182;0;;система управления проектами;общий
язык задач — система/программа;система финансовая отчетность организаций;182;0;;система отчетности;общий
ии и новое;российские ии агенты;182;0;;ии агент;общий
данные и справочники;что дает заслуженный мастер;182;0;;мастер данные;общий
данные и справочники;дан единственная любовь в хорошем качестве;182;0;;качество данных;общий
язык задач — учёт;учет оплаты заказов;181;0;;учет заказов;общий
язык задач — учёт;сотрудник оперативного учета;181;0;;учет сотрудников;общий
язык задач — учёт;цель управленческого учета является;181;0;;управленческий учет;общий
язык задач — учёт;бухгалтерский управленческий учет ответы;181;0;;управленческий учет;общий
язык задач — учёт;организация учета затрат на производстве;181;0;;учет затрат;общий
язык задач — учёт;методические рекомендации по учету затрат;181;0;;учет затрат;общий
язык задач — система/программа;системы управления базами данных проект;181;0;;система управления проектами;общий
язык задач — система/программа;системы электронного документооборота должны;181;0;;система документооборота;общий
язык задач — система/программа;система электронного документооборота обеспечивает;181;0;;система документооборота;общий
язык задач — система/программа;требования к системе документооборота;181;0;;система документооборота;общий
задачи и боли Excel;функция сводная таблица в excel;181;0;;сводные таблицы excel;общий
импортозамещение и закупка;мир по отечественной войне;181;0;;отечественное по;общий
данные и справочники;справочники номенклатура 1с 8.3;181;0;;справочник номенклатуры;общий
данные и справочники;справочники номенклатура новая номенклатура;181;0;;справочник номенклатуры;общий
конкуренты и бренды;amocrm задачи;180;0;;amocrm;общий
язык задач — учёт;учет клиентов и организаций;180;0;;учет клиентов;общий
язык задач — учёт;правила учета продаж;180;0;;учет продаж;общий
язык задач — учёт;международный управленческий учет;180;0;;управленческий учет;общий
язык задач — учёт;управленческий учет бесплатно;180;0;;управленческий учет;навигация
язык задач — учёт;учет строительного производства;180;0;;учет производства;общий
язык задач — учёт;учет производства продукции и услуг;180;0;;учет производства;общий
язык задач — учёт;бух учет учет производства;180;0;;учет производства;общий
язык задач — система/программа;положение система документооборота;180;0;;система документооборота;общий
импортозамещение и закупка;номер в реестре отечественного по;180;0;;реестр отечественного по;общий
ии и новое;обучение нейросетям для бизнеса;180;0;;нейросеть для бизнеса;учебное
конкуренты и бренды;битрикс24 рассылки;179;0;;битрикс24;общий
конкуренты и бренды;инструменты power bi;179;0;;power bi;общий
язык задач — учёт;продажа продукции бухгалтерский учет;179;0;;учет продаж;общий
язык задач — система/программа;электронный документооборот в системе здравоохранения;179;0;;система документооборота;общий
язык задач — система/программа;нужна crm система;179;0;;crm система;общий
язык задач — система/программа;система корпоративной отчетности;179;0;;система отчетности;общий
язык задач — система/программа;системы онлайн отчетность;179;0;;система отчетности;общий
язык задач — система/программа;системы подготовки отчетности;179;0;;система отчетности;общий
импортозамещение и закупка;великая отечественная война по законам;179;0;;отечественное по;общий
импортозамещение и закупка;герои отечественной войны по фамилии;179;0;;отечественное по;общий
ии и новое;ии агент с нуля;179;0;;ии агент;общий
данные и справочники;справочники номенклатура найти;179;0;;справочник номенклатуры;общий
данные и справочники;мастер данных 1 с;179;0;;мастер данные;общий
конкуренты и бренды;битрикс24 таблицы;178;0;;битрикс24;общий
язык задач — учёт;бухгалтерский учет продажи активов;178;0;;учет продаж;общий
язык задач — учёт;книга складского учета материалов;178;0;;складской учет;общий
язык задач — учёт;специалист по складскому учету;178;0;;складской учет;общий
язык задач — учёт;учет складских расходов;178;0;;складской учет;общий
язык задач — учёт;бухгалтерия 1с складского учета;178;0;;складской учет;общий
язык задач — учёт;данные сотрудников по воинскому учету;178;0;;учет сотрудников;общий
язык задач — учёт;журнал учета прихода сотрудников;178;0;;учет сотрудников;общий
язык задач — учёт;учет производства продукции работ услуг;178;0;;учет производства;общий
язык задач — учёт;автоматизация учета производства;178;0;;учет производства;общий
язык задач — учёт;учет работы технологического оборудования;178;0;;учет оборудования;общий
язык задач — учёт;постановки на учет оборудования под давлением;178;0;;учет оборудования;общий
язык задач — учёт;стоимость ремонта с учетом материалов;178;0;;учет ремонтов;покупка
язык задач — учёт;учет резерва на гарантийный ремонт;178;0;;учет ремонтов;общий
язык задач — система/программа;программа для учета договоров;178;0;;программа для учета;общий
язык задач — система/программа;система управления командой проекта;178;0;;система управления проектами;общий
язык задач — система/программа;система электронного документооборота компании;178;0;;система документооборота;общий
импортозамещение и закупка;проект по отечественной войне;178;0;;отечественное по;общий
импортозамещение и закупка;герои великой отечественной по фамилии;178;0;;отечественное по;общий
ии и новое;применение ии агентов;178;0;;ии агент;общий
ии и новое;скилл ии агента;178;0;;ии агент;общий
ии и новое;ии агент цена;178;0;;ии агент;покупка
язык задач — учёт;учет склада в 1с 8.3;177;0;;учет склада;общий
язык задач — учёт;отчеты кадрового учета;177;0;;кадровый учет;общий
язык задач — учёт;управленческий учет школа;177;0;;управленческий учет;общий
язык задач — учёт;участок учета затрат;177;0;;учет затрат;общий
язык задач — учёт;учет малоценного оборудования в 1с 8.3 бухгалтерия;177;0;;учет оборудования;общий
язык задач — система/программа;программа для учета товара бесплатно;177;0;;программа для учета;навигация
язык задач — система/программа;система внедренного документооборота;177;0;;система документооборота;общий
создание и внедрение;1 внедрение информационных систем;177;0;;внедрение информационной системы;покупка
импортозамещение и закупка;вторая отечественная война по;177;0;;отечественное по;общий
импортозамещение и закупка;программа по импортозамещению;177;0;;импортозамещение по;общий
конкуренты и бренды;возможности битрикс24;176;0;;битрикс24;общий
язык задач — учёт;учет затрат на продажу;176;0;;учет продаж;общий
язык задач — учёт;специальный воинский учет сотрудников;176;0;;учет сотрудников;общий
язык задач — учёт;учет затрат 1с 8;176;0;;учет затрат;общий
язык задач — учёт;учет температуры холодильного оборудования;176;0;;учет оборудования;общий
язык задач — учёт;как поставить на учет газовое оборудование;176;0;;учет оборудования;общий
язык задач — система/программа;программа для финансового учета;176;0;;программа для учета;общий
язык задач — система/программа;создание системы отчетности;176;0;;система отчетности;общий
импортозамещение и закупка;российский реестр отечественного по;176;0;;реестр отечественного по;общий
ии и новое;ии агент chatgpt;176;0;;ии агент;общий
конкуренты и бренды;1с 8.3 заменить;175;0;;заменить 1с;выбор
конкуренты и бренды;битрикс24 заказы;175;0;;битрикс24;общий
конкуренты и бренды;скачать песню notion remix;175;0;;notion;навигация
конкуренты и бренды;notion создать;175;0;;notion;общий
язык задач — учёт;учет наряд заказов;175;0;;учет заказов;общий
язык задач — учёт;учет заявок программы;175;0;;учет заявок;общий
язык задач — учёт;прекращение учета после продажи;175;0;;учет продаж;общий
язык задач — учёт;учет продаж онлайн;175;0;;учет продаж;общий
язык задач — учёт;учет операций в производстве;175;0;;учет производства;общий
язык задач — учёт;счет учета капитального ремонта;175;0;;учет ремонтов;общий
язык задач — система/программа;программа для кадрового учета;175;0;;программа для учета;общий
язык задач — система/программа;ошибки в системе документооборота;175;0;;система документооборота;проблема
язык задач — система/программа;системы технического документооборота;175;0;;система документооборота;общий
язык задач — система/программа;free erp системы;175;0;;erp система;общий
импортозамещение и закупка;героев великой отечественной войны по фамилии;175;0;;отечественное по;общий
ии и новое;сеть ии агентов;175;0;;ии агент;общий
конкуренты и бренды;notion notes tasks;174;0;;notion;общий
язык задач — учёт;заявка учет объекта негативное воздействие;174;0;;учет заявок;общий
язык задач — учёт;учет продажи запчастей;174;0;;учет продаж;общий
создание и внедрение;разработка и внедрение корпоративных информационных систем;174;0;;внедрение информационной системы;покупка
создание и внедрение;техническое задание на систему управления;174;0;;техническое задание на систему;общий
импортозамещение и закупка;закупка отечественного по;174;0;;отечественное по;общий
ии и новое;сколько стоит ии агент;174;0;;ии агент;покупка
конкуренты и бренды;1с битрикс24 маркетплейс;173;0;;битрикс24;общий
конкуренты и бренды;настроить amocrm;173;0;;amocrm;общий
конкуренты и бренды;настрою amocrm;173;0;;amocrm;общий
конкуренты и бренды;notion 5;173;0;;notion;общий
конкуренты и бренды;etudes tableaux;173;0;;tableau;общий
язык задач — учёт;учет продаж в магазине;173;0;;учет продаж;общий
язык задач — учёт;м 17 карточка складского учета материалов;173;0;;складской учет;общий
язык задач — учёт;складской учет торговля;173;0;;складской учет;общий
язык задач — учёт;система учета работы сотрудников;173;0;;учет сотрудников;общий
язык задач — учёт;как снять сотрудника с воинского учета;173;0;;учет сотрудников;общий
язык задач — учёт;специалист консультант erp управленческий учет;173;0;;управленческий учет;общий
язык задач — учёт;управленческий учет пользователи;173;0;;управленческий учет;общий
язык задач — учёт;вести учет по затратам;173;0;;учет затрат;общий
язык задач — учёт;учет незавершенного производства в 1с;173;0;;учет производства;общий
язык задач — система/программа;программа для разработки программ учета;173;0;;программа для учета;общий
язык задач — система/программа;программы для учета табеля;173;0;;программа для учета;общий
язык задач — система/программа;единая система управления проектами;173;0;;система управления проектами;общий
язык задач — система/программа;цели системы управления проектами;173;0;;система управления проектами;общий
язык задач — система/программа;система управления ресурсами проекта;173;0;;система управления проектами;общий
создание и внедрение;автоматизации налогового учета;173;0;;автоматизация учета;общий
импортозамещение и закупка;билеты по отечественной истории;173;0;;отечественное по;общий
импортозамещение и закупка;экзамен по великая отечественная война;173;0;;отечественное по;учебное
импортозамещение и закупка;отечественная война по в б;173;0;;отечественное по;общий
импортозамещение и закупка;коммерческие закупки и закупки по 223 фз;173;0;;закупка по 223 фз;общий
ии и новое;ии агент в компанию;173;0;;ии агент;общий
ии и новое;что такое ии агент простыми словами;173;0;;ии агент;учебное
данные и справочники;карта мастер карт данные;173;0;;мастер данные;общий
конкуренты и бренды;поля сделки битрикс24;172;0;;битрикс24;общий
конкуренты и бренды;битрикс24 для бизнеса;172;0;;битрикс24;общий
конкуренты и бренды;настроить power bi;172;0;;power bi;общий
язык задач — учёт;как ведут складской учет;172;0;;складской учет;общий
язык задач — учёт;как вести складской учет;172;0;;складской учет;общий
язык задач — учёт;основное производство бухгалтерский учет;172;0;;учет производства;общий
язык задач — учёт;учет травм на производстве;172;0;;учет производства;общий
язык задач — учёт;журнал учета температуры оборудования;172;0;;учет оборудования;общий
язык задач — система/программа;программа учета для курсов;172;0;;программа для учета;учебное
язык задач — система/программа;система документооборота сервис;172;0;;система документооборота;общий
язык задач — система/программа;система электронного документооборота для организации;172;0;;система документооборота;общий
импортозамещение и закупка;билеты по великой отечественной войне;172;0;;отечественное по;общий
конкуренты и бренды;скачать русский notion;171;0;;notion;навигация
конкуренты и бренды;power bi срез;171;0;;power bi;общий
язык задач — учёт;форма книга складского учета;171;0;;складской учет;общий
язык задач — учёт;организация учета процесса производства;171;0;;учет производства;общий
язык задач — учёт;приложение для учета производства;171;0;;учет производства;общий
язык задач — учёт;учет ремонта вагонов;171;0;;учет ремонтов;общий
язык задач — система/программа;контроль системы электронного документооборота;171;0;;система документооборота;общий
язык задач — система/программа;система документооборота подразделения;171;0;;система документооборота;общий
язык задач — система/программа;crm 24 система;171;0;;crm система;общий
задачи и боли Excel;впр формула excel как пользоваться для чайников;171;0;;впр excel;учебное
импортозамещение и закупка;тест по отечественной истории;171;0;;отечественное по;учебное
импортозамещение и закупка;геноцид по великой отечественной;171;0;;отечественное по;общий
импортозамещение и закупка;положение о закупках по 223 фз образец;171;0;;закупка по 223 фз;общий
импортозамещение и закупка;найти закупки по 223 фз;171;0;;закупка по 223 фз;общий
конкуренты и бренды;1с заменить значение;170;0;;заменить 1с;выбор
конкуренты и бренды;битрикс24 переменные;170;0;;битрикс24;общий
конкуренты и бренды;notion claude;170;0;;notion;общий
конкуренты и бренды;microsoft word access;170;0;;microsoft access;общий
язык задач — учёт;порядок снятия с учета автомобиля при продаже;170;0;;учет продаж;общий
язык задач — учёт;регистры учета на складах;170;0;;учет склада;общий
язык задач — учёт;форма карточки складского учета;170;0;;складской учет;общий
язык задач — учёт;учет складского тмц;170;0;;складской учет;общий
язык задач — учёт;данные учета рабочего времени сотрудников;170;0;;учет сотрудников;общий
язык задач — учёт;определение управленческого учета;170;0;;управленческий учет;общий
язык задач — учёт;оперативный учет производства;170;0;;учет производства;общий
язык задач — учёт;учет производства и выпуска;170;0;;учет производства;общий
язык задач — система/программа;программа для учета объекта;170;0;;программа для учета;общий
создание и внедрение;создать приложение конструктор;170;0;;конструктор приложений;общий
импортозамещение и закупка;великая отечественная по картам;170;0;;отечественное по;общий
импортозамещение и закупка;закупка малого объема по 223 фз;170;0;;закупка по 223 фз;общий
конкуренты и бренды;notion business trial;169;0;;notion;общий
конкуренты и бренды;your notion;169;0;;notion;общий
конкуренты и бренды;google таблицы информация;169;0;;google таблицы;общий
язык задач — учёт;продажа квартиры сняться с учета;169;0;;учет продаж;общий
язык задач — учёт;учет рабочего времени сотрудников таблица;169;0;;учет сотрудников;общий
язык задач — учёт;кадровый учет ооо;169;0;;кадровый учет;общий
язык задач — учёт;1с специалист erp управленческий учет;169;0;;управленческий учет;общий
язык задач — учёт;учет затрат ип;169;0;;учет затрат;общий
язык задач — учёт;учет лизингового оборудования;169;0;;учет оборудования;общий
язык задач — система/программа;внедрить систему электронного документооборота;169;0;;система документооборота;общий
создание и внедрение;конструкторы для создания приложений;169;0;;конструктор приложений;общий
создание и внедрение;автоматизация учета и контроля;169;0;;автоматизация учета;общий
импортозамещение и закупка;ветераны великой отечественной найти по фамилии;169;0;;отечественное по;общий
импортозамещение и закупка;найти ветерана великой отечественной войны по фамилии;169;0;;отечественное по;общий
импортозамещение и закупка;найти по фамилии ветерана отечественной войны;169;0;;отечественное по;общий
импортозамещение и закупка;тест по великой отечественной;169;0;;отечественное по;учебное
импортозамещение и закупка;егэ по великая отечественная война;169;0;;отечественное по;учебное
конкуренты и бренды;2 битрикс24;168;0;;битрикс24;общий
конкуренты и бренды;tableau yabro;168;0;;tableau;общий
язык задач — учёт;отчет о розничных продажах счета учета;168;0;;учет продаж;общий
язык задач — учёт;учет продаж через маркетплейс;168;0;;учет продаж;общий
язык задач — учёт;как снять тс с учета после продажи;168;0;;учет продаж;общий
язык задач — учёт;данные складского учета;168;0;;складской учет;общий
язык задач — учёт;организация бухгалтерского управленческого учета;168;0;;управленческий учет;общий
язык задач — учёт;уровни учета оборудования;168;0;;учет оборудования;общий
язык задач — учёт;как вести учет оборудования;168;0;;учет оборудования;общий
язык задач — учёт;бухгалтерский учет расходов на ремонт;168;0;;учет ремонтов;общий
язык задач — система/программа;программа для учета контур;168;0;;программа для учета;общий
создание и внедрение;проект внедрения erp;168;0;;внедрение erp;покупка
импортозамещение и закупка;отнесся по отечественному;168;0;;отечественное по;общий
импортозамещение и закупка;постановление правительства по закупкам 223 фз;168;0;;закупка по 223 фз;общий
ии и новое;ии агенты для продаж;168;0;;ии агент;общий
ии и новое;ии автоматизация для бизнеса;168;0;;ии для автоматизации;общий
конкуренты и бренды;подписка маркетплейсы битрикс24;167;0;;битрикс24;общий
конкуренты и бренды;notion музыка;167;0;;notion;общий
язык задач — учёт;раздельный учет государственный оборонный заказ;167;0;;учет заказов;общий
язык задач — учёт;учет заказов 1 с;167;0;;учет заказов;общий
язык задач — учёт;снятие с учета авто продажа госуслуги;167;0;;учет продаж;общий
язык задач — учёт;процесс кадрового учета;167;0;;кадровый учет;общий
язык задач — учёт;учет производства в учетной политике;167;0;;учет производства;общий
язык задач — учёт;ремонт счет бухгалтерского учета;167;0;;учет ремонтов;общий
язык задач — система/программа;отчетность системы внутреннего контроля;167;0;;система отчетности;общий
задачи и боли Excel;как пользоваться функцией впр в excel;167;0;;впр excel;общий
задачи и боли Excel;анализ сводной таблицы в excel;167;0;;сводные таблицы excel;общий
создание и внедрение;автоматизация учета услуги;167;0;;автоматизация учета;общий
ии и новое;промт для ии агента;167;0;;ии агент;общий
ии и новое;собственный ии агент;167;0;;ии агент;общий
конкуренты и бренды;crm формы битрикс24;166;0;;битрикс24;общий
конкуренты и бренды;forms amocrm;166;0;;amocrm;общий
конкуренты и бренды;the days notion remix slowed;166;0;;notion;общий
конкуренты и бренды;microsoft access server;166;0;;microsoft access;общий
язык задач — учёт;услуги по учету сотрудников;166;0;;учет сотрудников;общий
язык задач — учёт;формы кадрового учета;166;0;;кадровый учет;общий
язык задач — учёт;база управленческого учета;166;0;;управленческий учет;общий
язык задач — учёт;учет производства таблица;166;0;;учет производства;общий
язык задач — система/программа;система обработки электронного документооборота;166;0;;система документооборота;общий
язык задач — система/программа;функции crm системы;166;0;;crm система;общий
язык задач — система/программа;скачать программу для магазина;166;0;;программа для магазина;навигация
создание и внедрение;работы по внедрению информационных систем;166;0;;внедрение информационной системы;покупка
импортозамещение и закупка;штрафы по закупкам 223 фз;166;0;;закупка по 223 фз;общий
ии и новое;ии агент cloud;166;0;;ии агент;общий
конкуренты и бренды;битрикс24 продление;165;0;;битрикс24;общий
конкуренты и бренды;power bi формулы;165;0;;power bi;общий
язык задач — учёт;учет продажи пример;165;0;;учет продаж;учебное
язык задач — учёт;регистр учета ндс продажи;165;0;;учет продаж;общий
язык задач — учёт;учетная политика управленческого учета;165;0;;управленческий учет;общий
язык задач — учёт;обучение учет производство;165;0;;учет производства;учебное
язык задач — учёт;учет оборудования связи;165;0;;учет оборудования;общий
язык задач — система/программа;программа для учета компании;165;0;;программа для учета;общий
язык задач — система/программа;регистрация в системе сдачи отчетности фнс;165;0;;система отчетности;общий
задачи и боли Excel;файлы excel сводные таблицы;165;0;;сводные таблицы excel;общий
задачи и боли Excel;фильтр в сводной таблице excel;165;0;;сводные таблицы excel;общий
конкуренты и бренды;битрикс24 андроид;164;0;;битрикс24;общий
конкуренты и бренды;войти в битрикс24 вход;164;0;;битрикс24;навигация
язык задач — учёт;налоговый учет продажи основных средств;164;0;;учет продаж;общий
язык задач — учёт;контроль складского учета;164;0;;складской учет;общий
язык задач — учёт;учет рабочего времени сотрудников в 1с;164;0;;учет сотрудников;общий
язык задач — учёт;вопросы организации управленческого учета;164;0;;управленческий учет;общий
язык задач — учёт;управленческого учета финансовых результатов;164;0;;управленческий учет;общий
язык задач — учёт;учет производства в 1с 8.3 бухгалтерия пошагово;164;0;;учет производства;учебное
язык задач — учёт;учет производства калькулирование себестоимости;164;0;;учет производства;общий
язык задач — учёт;резерв на ремонт в налоговом учете;164;0;;учет ремонтов;общий
язык задач — учёт;журнал учета в области обращения с отходами;164;0;;учет обращений;общий
язык задач — система/программа;система контроля и учета данных;164;0;;система учета данных;общий
язык задач — система/программа;единая межведомственная система электронного документооборота;164;0;;система документооборота;общий
язык задач — система/программа;единая система межведомственного документооборота;164;0;;система документооборота;общий
язык задач — система/программа;основные системы электронного документооборота;164;0;;система документооборота;общий
язык задач — система/программа;программа для магазина автозапчастей;164;0;;программа для магазина;общий
импортозамещение и закупка;проекты по великой отечественной;164;0;;отечественное по;общий
импортозамещение и закупка;великая отечественная война билет по истории;164;0;;отечественное по;общий
импортозамещение и закупка;план закупок по 223 фз сроки размещения;164;0;;закупка по 223 фз;общий
ии и новое;рейтинг ии агентов;164;0;;ии агент;выбор
конкуренты и бренды;вайбкод битрикс24;163;0;;битрикс24;общий
конкуренты и бренды;битрикс24 бп;163;0;;битрикс24;общий
конкуренты и бренды;notion слушать;163;0;;notion;общий
конкуренты и бренды;https docs google com forms 0;163;0;;google forms;общий
язык задач — учёт;продажа лодки снятой с учета;163;0;;учет продаж;общий
язык задач — учёт;учет личных дел сотрудников;163;0;;учет сотрудников;общий
язык задач — учёт;учет рабочего времени сотрудников программа;163;0;;учет сотрудников;общий
язык задач — учёт;оценка управленческого учета организации;163;0;;управленческий учет;общий
язык задач — учёт;управленческие расходы счет бухгалтерского учета;163;0;;управленческий учет;общий
язык задач — учёт;финансовый управленческий налоговый учет;163;0;;управленческий учет;общий
язык задач — учёт;подразделения управленческого учета;163;0;;управленческий учет;общий
язык задач — учёт;учет затрат на производство в бухгалтерском учете;163;0;;учет затрат;общий
язык задач — учёт;учет затрат на производство и калькулирование;163;0;;учет затрат;общий
язык задач — учёт;учет затрат на соответствие;163;0;;учет затрат;общий
язык задач — учёт;учет времени работы оборудования;163;0;;учет оборудования;общий
язык задач — учёт;учет оборудования дома;163;0;;учет оборудования;общий
язык задач — система/программа;какие программы для бухгалтерского учета;163;0;;программа для учета;общий
язык задач — система/программа;данными системы персонифицированного учета;163;0;;система учета данных;общий
язык задач — система/программа;система управления проектами обучение;163;0;;система управления проектами;учебное
задачи и боли Excel;как убрать сводную таблицу в excel;163;0;;сводные таблицы excel;общий
импортозамещение и закупка;урок по отечественной войне;163;0;;отечественное по;учебное
данные и справочники;мастер спорта дает баллы егэ;163;0;;мастер данные;учебное
конкуренты и бренды;работа в amocrm;162;0;;amocrm;общий
конкуренты и бренды;www amocrm;162;0;;amocrm;общий
конкуренты и бренды;notion trello;162;0;;notion;общий
язык задач — учёт;учет склада готовой продукции;162;0;;учет склада;общий
язык задач — учёт;журнал учета прихода и ухода сотрудников;162;0;;учет сотрудников;общий
язык задач — учёт;ведение учета рабочего времени сотрудников;162;0;;учет сотрудников;общий
язык задач — учёт;специалист консультант 1с erp управленческий учет;162;0;;управленческий учет;общий
язык задач — учёт;учет затрат перевозки;162;0;;учет затрат;общий
язык задач — учёт;учет затрат готовой продукции;162;0;;учет затрат;общий
язык задач — учёт;учет ндс в производстве;162;0;;учет производства;общий
язык задач — учёт;учет производства спирта;162;0;;учет производства;общий
язык задач — учёт;оборудование в бухгалтерском учете это;162;0;;учет оборудования;учебное
язык задач — учёт;ведет учет обращений;162;0;;учет обращений;общий
язык задач — система/программа;написать программу для учета;162;0;;программа для учета;общий
язык задач — система/программа;система электронного документооборота министерства здравоохранения;162;0;;система документооборота;общий
язык задач — система/программа;список систем документооборота;162;0;;система документооборота;общий
язык задач — система/программа;документооборот в системе государственного управления;162;0;;система документооборота;общий
язык задач — система/программа;документооборот в системе закупок;162;0;;система документооборота;общий
язык задач — система/программа;система электронного документооборота предусматривает;162;0;;система документооборота;общий
язык задач — система/программа;выбор erp системы;162;0;;erp система;выбор
язык задач — система/программа;бюджетная отчетность бюджетной системы рф;162;0;;система отчетности;общий
импортозамещение и закупка;история великой отечественной войны по годам;162;0;;отечественное по;общий
импортозамещение и закупка;внедрение отечественного по;162;0;;отечественное по;покупка
ии и новое;ии агент алиса ai;162;0;;ии агент;общий
ии и новое;китайские ии агенты;162;0;;ии агент;общий
конкуренты и бренды;заменить текст 1с;161;0;;заменить 1с;выбор
конкуренты и бренды;битрикс24 сравнение;161;0;;битрикс24;выбор
конкуренты и бренды;power bi матрица;161;0;;power bi;общий
язык задач — учёт;учет оборудования на складе;161;0;;учет склада;общий
язык задач — учёт;учет сотрудников по гпх;161;0;;учет сотрудников;общий
язык задач — учёт;программы 1с кадровый учет;161;0;;кадровый учет;общий
язык задач — учёт;элементы учета затрат;161;0;;учет затрат;общий
язык задач — учёт;учет производства ерп;161;0;;учет производства;общий
язык задач — учёт;учет изделия на производстве;161;0;;учет производства;общий
язык задач — учёт;объемов производства учет на;161;0;;учет производства;общий
язык задач — учёт;оборудование узлов учета тепловой энергии;161;0;;учет оборудования;общий
язык задач — учёт;учет капитального ремонта здания;161;0;;учет ремонтов;общий
язык задач — учёт;программа учета обращений;161;0;;учет обращений;общий
язык задач — система/программа;erp системы предназначены;161;0;;erp система;общий
импортозамещение и закупка;тест по великой отечественной войне;161;0;;отечественное по;учебное
импортозамещение и закупка;экзамен по истории великой отечественной войны;161;0;;отечественное по;учебное
импортозамещение и закупка;музей по великой отечественной войне;161;0;;отечественное по;общий
импортозамещение и закупка;отечественная война с какого по какой;161;0;;отечественное по;общий
импортозамещение и закупка;практика по закупкам 223 фз;161;0;;закупка по 223 фз;общий
конкуренты и бренды;магазин битрикс24;160;0;;битрикс24;общий
конкуренты и бренды;купить битрикс24;160;0;;битрикс24;покупка
конкуренты и бренды;скачать песню the days notion remix;160;0;;notion;навигация
конкуренты и бренды;botox notion cream;160;0;;notion;общий
конкуренты и бренды;формате google таблицы;160;0;;google таблицы;общий
язык задач — учёт;учет заказов покупателей;160;0;;учет заказов;общий
язык задач — учёт;вид учета товара на складе;160;0;;учет склада;общий
язык задач — учёт;простейший складской учет;160;0;;складской учет;общий
язык задач — учёт;оборудование складского учета;160;0;;складской учет;общий
язык задач — учёт;учет сотрудников excel;160;0;;учет сотрудников;общий
язык задач — учёт;учет страхования сотрудников;160;0;;учет сотрудников;общий
язык задач — учёт;вопросы по кадровому учету;160;0;;кадровый учет;общий
язык задач — учёт;строительство учет производства;160;0;;учет производства;общий
язык задач — учёт;учет оборудования в строительстве;160;0;;учет оборудования;общий
язык задач — система/программа;программа для учета работников;160;0;;программа для учета;общий
язык задач — система/программа;менеджер crm системы;160;0;;crm система;общий
создание и внедрение;специалист по внедрению erp;160;0;;внедрение erp;покупка
импортозамещение и закупка;информация по отечественной войне;160;0;;отечественное по;общий
импортозамещение и закупка;дополнительная закупка по 223 фз;160;0;;закупка по 223 фз;общий
ии и новое;нейросеть для бизнес плана;160;0;;нейросеть для бизнеса;общий
конкуренты и бренды;pay amocrm;159;0;;amocrm;общий
конкуренты и бренды;the days notion mix;159;0;;notion;общий
конкуренты и бренды;microsoft access скачать бесплатно;159;0;;microsoft access;навигация
язык задач — учёт;стол учета склад;159;0;;учет склада;общий
язык задач — учёт;функции кадрового учета;159;0;;кадровый учет;общий
язык задач — учёт;adesk управленческий учет;159;0;;управленческий учет;общий
язык задач — учёт;управленческий учет расчетов;159;0;;управленческий учет;общий
язык задач — учёт;учет затрат на содержание;159;0;;учет затрат;общий
язык задач — учёт;учет партий на производстве;159;0;;учет производства;общий
язык задач — система/программа;единая информационная система электронного документооборота;159;0;;система документооборота;общий
язык задач — система/программа;сайт системы документооборота;159;0;;система документооборота;общий
задачи и боли Excel;готовые таблицы excel для учета;159;0;;excel для учета;общий
ии и новое;нейросеть для бизнеса бесплатно;159;0;;нейросеть для бизнеса;навигация
конкуренты и бренды;pay amocrm ru;158;0;;amocrm;общий
конкуренты и бренды;power bi карта;158;0;;power bi;общий
конкуренты и бренды;windows microsoft access;158;0;;microsoft access;общий
конкуренты и бренды;microsoft access database 2010;158;0;;microsoft access;общий
язык задач — учёт;кадровый учет основное;158;0;;кадровый учет;общий
язык задач — учёт;методы учета затрат себестоимости продукции;158;0;;учет затрат;общий
язык задач — учёт;прямые затраты налоговый учет;158;0;;учет затрат;общий
язык задач — учёт;налоговый учет затрат в 1с;158;0;;учет затрат;общий
язык задач — учёт;расходы на ремонт в налоговом учете;158;0;;учет ремонтов;общий
язык задач — учёт;учет материалов для ремонта;158;0;;учет ремонтов;общий
язык задач — учёт;система учета и обработки обращений;158;0;;учет обращений;общий
язык задач — система/программа;программа для складского учета бесплатная;158;0;;программа для учета;общий
язык задач — система/программа;системы управления ит проектами;158;0;;система управления проектами;общий
язык задач — система/программа;erp система является;158;0;;erp система;общий
язык задач — система/программа;bi бизнес система;158;0;;bi система;общий
задачи и боли Excel;н д в excel при впр;158;0;;впр excel;общий
импортозамещение и закупка;проект по великой отечественной войны;158;0;;отечественное по;общий
импортозамещение и закупка;номер закупки по 223 фз;158;0;;закупка по 223 фз;общий
ии и новое;возможности ии агента;158;0;;ии агент;общий
ии и новое;ии агенты для автоматизации;158;0;;ии для автоматизации;общий
данные и справочники;сопоставление товаров в 1с;158;0;;сопоставление товаров;общий
конкуренты и бренды;1с или crm;157;0;;1с или crm;выбор
конкуренты и бренды;битрикс24 вход в личный кабинет войти;157;0;;битрикс24;навигация
конкуренты и бренды;битрикс24 функции;157;0;;битрикс24;общий
конкуренты и бренды;notion аккаунты;157;0;;notion;общий
конкуренты и бренды;the days notion remix mixed;157;0;;notion;общий
конкуренты и бренды;google таблицы скачать бесплатно;157;0;;google таблицы;навигация
язык задач — учёт;журнал учета работы сотрудников;157;0;;учет сотрудников;общий
язык задач — учёт;учет сбора сотрудников;157;0;;учет сотрудников;общий
язык задач — учёт;учет затрат на амортизацию;157;0;;учет затрат;общий
язык задач — учёт;незавершенное производство в налоговом учете;157;0;;учет производства;общий
язык задач — учёт;учет производства скачать;157;0;;учет производства;навигация
язык задач — учёт;участок учета производство;157;0;;учет производства;общий
язык задач — учёт;счет оборудование в бухгалтерском учете;157;0;;учет оборудования;общий
язык задач — учёт;ремонт по осаго учет износа;157;0;;учет ремонтов;общий
язык задач — учёт;журнал учета обращений субъектов;157;0;;учет обращений;общий
язык задач — система/программа;система электронного документооборота приложение;157;0;;система документооборота;общий
язык задач — система/программа;система планирования отчетности;157;0;;система отчетности;общий
задачи и боли Excel;впр индекс поискпоз excel;157;0;;впр excel;общий
создание и внедрение;автоматизации бизнес процессов предприятия;157;0;;автоматизация бизнес процессов;общий
создание и внедрение;управление цифровизацией предприятия;157;0;;цифровизация предприятия;общий
ии и новое;голосовой ии агент;157;0;;ии агент;общий
данные и справочники;цена в справочнике номенклатура;157;0;;справочник номенклатуры;покупка
конкуренты и бренды;id amocrm;156;0;;amocrm;общий
конкуренты и бренды;поля amocrm;156;0;;amocrm;общий
конкуренты и бренды;курсы excel и google таблицы;156;0;;google таблицы;учебное
конкуренты и бренды;power bi онлайн;156;0;;power bi;общий
конкуренты и бренды;microsoft access 64;156;0;;microsoft access;общий
язык задач — учёт;1с бухгалтерия кадровый учет;156;0;;кадровый учет;общий
язык задач — учёт;учет отнесения затрат;156;0;;учет затрат;общий
язык задач — учёт;новое в учете затрат;156;0;;учет затрат;общий
язык задач — учёт;единица учета затрат;156;0;;учет затрат;общий
язык задач — учёт;резерв на ремонт в бухгалтерском учете;156;0;;учет ремонтов;общий
язык задач — учёт;положение о табельном учете;156;0;;табельный учет;общий
язык задач — система/программа;документы системы управления проектами;156;0;;система управления проектами;общий
язык задач — система/программа;к системам электронного документооборота относится;156;0;;система документооборота;общий
язык задач — система/программа;система значимого документооборота;156;0;;система документооборота;общий
язык задач — система/программа;система электронного документооборота выбор;156;0;;система документооборота;выбор
язык задач — система/программа;erp систему автоматизации;156;0;;erp система;общий
язык задач — система/программа;программа лояльности для магазина;156;0;;программа для магазина;общий
создание и внедрение;внедрение новой информационной системы;156;0;;внедрение информационной системы;покупка
ии и новое;делегируйте ии агентам;156;0;;ии агент;общий
конкуренты и бренды;функции power bi;155;0;;power bi;общий
язык задач — учёт;управленческий учет продаж;155;0;;управленческий учет;общий
язык задач — учёт;управленческий учет определяет;155;0;;управленческий учет;общий
язык задач — учёт;20 счет бухгалтерского учета затраты;155;0;;учет затрат;общий
язык задач — учёт;учет полуфабриката в производстве;155;0;;учет производства;общий
язык задач — учёт;газовое оборудование на автомобиль учет;155;0;;учет оборудования;общий
язык задач — система/программа;функции системы документооборота;155;0;;система документооборота;общий
язык задач — система/программа;создать систему документооборота;155;0;;система документооборота;общий
язык задач — система/программа;система сведение отчетности;155;0;;система отчетности;общий
задачи и боли Excel;сводные таблицы в excel обучение;155;0;;сводные таблицы excel;учебное
создание и внедрение;ии автоматизация бизнес процессов;155;0;;автоматизация бизнес процессов;общий
импортозамещение и закупка;закупки по 223 фз реестр договоров;155;0;;закупка по 223 фз;общий
ии и новое;ии агент онлайн;155;0;;ии агент;общий
данные и справочники;структура справочника номенклатура;155;0;;справочник номенклатуры;общий
конкуренты и бренды;битрикс24 договор;154;0;;битрикс24;общий
язык задач — учёт;учет товаров собственного производства;154;0;;учет производства;общий
язык задач — учёт;учет хода производства;154;0;;учет производства;общий
язык задач — учёт;учет оборудования на предприятии;154;0;;учет оборудования;общий
язык задач — учёт;учет категории размещения оборудования;154;0;;учет оборудования;общий
язык задач — учёт;1с принятие к учету оборудования;154;0;;учет оборудования;общий
язык задач — учёт;как заполнить журнал учета оборудования;154;0;;учет оборудования;общий
язык задач — система/программа;программа для учета розничной торговли;154;0;;программа для учета;общий
язык задач — система/программа;1с программа для ведения учета;154;0;;программа для учета;общий
язык задач — система/программа;программа для учета табеля рабочего;154;0;;программа для учета;общий
язык задач — система/программа;создать программу для учета;154;0;;программа для учета;общий
язык задач — система/программа;системы управления жизненным циклом проекта;154;0;;система управления проектами;общий
язык задач — система/программа;какую систему электронного документооборота выбрать;154;0;;система документооборота;выбор
язык задач — система/программа;как работать в crm системе;154;0;;crm система;общий
создание и внедрение;внедрение информационных систем обучение;154;0;;внедрение информационной системы;учебное
создание и внедрение;заказы на разработку сайтов;154;0;;разработка на заказ;общий
импортозамещение и закупка;программа по закупкам 223 фз;154;0;;закупка по 223 фз;общий
импортозамещение и закупка;варианты закупок по 223 фз;154;0;;закупка по 223 фз;общий
импортозамещение и закупка;не является закупкой по 223 фз;154;0;;закупка по 223 фз;общий
ии и новое;альбада создание приложений с ии агентами;154;0;;ии агент;общий
ии и новое;как создать ии агента бесплатно;154;0;;ии агент;навигация
ии и новое;атаки на ии агентов осуществляются;154;0;;ии агент;общий
конкуренты и бренды;бесплатная amocrm;153;0;;amocrm;общий
конкуренты и бренды;notion аккорды;153;0;;notion;общий
конкуренты и бренды;microsoft access database engine 2010;153;0;;microsoft access;общий
конкуренты и бренды;microsoft access engine 2010;153;0;;microsoft access;общий
язык задач — учёт;бюджет управленческий учет;153;0;;управленческий учет;общий
язык задач — учёт;аудит управленческого учета;153;0;;управленческий учет;общий
язык задач — учёт;управленческий учет подходы;153;0;;управленческий учет;общий
язык задач — учёт;методика учета затрат;153;0;;учет затрат;общий
язык задач — учёт;правила регистрации учета обращений;153;0;;учет обращений;общий
язык задач — система/программа;система управлением строительного проекта;153;0;;система управления проектами;общий
язык задач — система/программа;первые системы электронного документооборота;153;0;;система документооборота;общий
язык задач — система/программа;система учета и отчетности контроля;153;0;;система отчетности;общий
ии и новое;ии агенты c;153;0;;ии агент;общий
ии и новое;ии агент контент;153;0;;ии агент;общий
данные и справочники;унф 1с справочник номенклатуры;153;0;;справочник номенклатуры;общий
конкуренты и бренды;notion enterprise;152;0;;notion;общий
конкуренты и бренды;notion заметки;152;0;;notion;общий
конкуренты и бренды;1 power bi;152;0;;power bi;общий
язык задач — учёт;склад книга учета;152;0;;учет склада;общий
язык задач — учёт;учет ип без сотрудников;152;0;;учет сотрудников;общий
язык задач — учёт;учет рабочего времени сотрудников установить;152;0;;учет сотрудников;общий
язык задач — учёт;кадровый учет обязанности;152;0;;кадровый учет;общий
язык задач — учёт;информации управленческого учета является;152;0;;управленческий учет;общий
язык задач — учёт;учет производства в отдельных отраслях;152;0;;учет производства;общий
язык задач — учёт;журнал учета температуры холодильного оборудования;152;0;;учет оборудования;общий
язык задач — учёт;учета ремонта жилищного;152;0;;учет ремонтов;общий
язык задач — учёт;система учета обращения граждан;152;0;;учет обращений;общий
язык задач — система/программа;системы управления программными проектами;152;0;;система управления проектами;общий
язык задач — система/программа;программа для склада хранения;152;0;;программа для склада;общий
задачи и боли Excel;сводные таблицы excel где;152;0;;сводные таблицы excel;общий
задачи и боли Excel;таблица excel для учета скачать;152;0;;excel для учета;навигация
импортозамещение и закупка;импортозамещение по в россии;152;0;;импортозамещение по;общий
конкуренты и бренды;продажа amocrm;151;0;;amocrm;общий
конкуренты и бренды;forms amocrm ru;151;0;;amocrm;общий
конкуренты и бренды;notion версии;151;0;;notion;общий
язык задач — учёт;финансовая деятельность управленческий учет;151;0;;управленческий учет;общий
язык задач — учёт;показатели управленческого учета;151;0;;управленческий учет;общий
язык задач — учёт;учет затрат в программе 1с;151;0;;учет затрат;общий
язык задач — учёт;учет прямых и косвенных затрат;151;0;;учет затрат;общий
язык задач — учёт;основным затратам бухгалтерского учета;151;0;;учет затрат;общий
язык задач — учёт;учет полуфабрикатов собственного производства;151;0;;учет производства;общий
язык задач — учёт;налоговый учет ремонта основных средств;151;0;;учет ремонтов;общий
язык задач — система/программа;систем электронного документооборота 2020;151;0;;система документооборота;общий
язык задач — система/программа;системы автоматизации электронного документооборота;151;0;;система документооборота;общий
язык задач — система/программа;документооборот и системы управления документами;151;0;;система документооборота;общий
язык задач — система/программа;системы электронного документооборота список;151;0;;система документооборота;общий
задачи и боли Excel;шаблоны excel для учета;151;0;;excel для учета;общий
импортозамещение и закупка;импортозамещение по отраслям;151;0;;импортозамещение по;общий
импортозамещение и закупка;закупка оборудования по 223 фз;151;0;;закупка по 223 фз;общий
ии и новое;доступные ии агенты;151;0;;ии агент;общий
конкуренты и бренды;www amocrm ru;150;0;;amocrm;общий
конкуренты и бренды;анкета docs google forms d e;150;0;;google forms;общий
язык задач — учёт;учет движение товара на складе;150;0;;учет склада;общий
язык задач — учёт;учет графика отпусков сотрудников;150;0;;учет сотрудников;общий
язык задач — учёт;учет собственных затрат;150;0;;учет затрат;общий
язык задач — система/программа;программы для налогового и бухгалтерского учета;150;0;;программа для учета;общий
язык задач — система/программа;система электронного документооборота сайт;150;0;;система документооборота;общий
язык задач — система/программа;системы электронного документооборота рф;150;0;;система документооборота;общий
создание и внедрение;приложение конструктор онлайн;150;0;;конструктор приложений;общий
создание и внедрение;приложение конструктор сайта;150;0;;конструктор приложений;общий
ии и новое;ии агент api;150;0;;ии агент;общий
ии и новое;ии агент стоимость;150;0;;ии агент;покупка
данные и справочники;группы справочника номенклатура 1с;150;0;;справочник номенклатуры;общий
язык задач — учёт;erp складской учет;149;0;;складской учет;общий
язык задач — учёт;счет учета сотрудника в 1с;149;0;;учет сотрудников;общий
язык задач — учёт;автоматизированная система учета рабочего времени сотрудников;149;0;;учет сотрудников;общий
язык задач — учёт;учет выдачи оборудования;149;0;;учет оборудования;общий
язык задач — система/программа;программа для учета c;149;0;;программа для учета;общий
язык задач — система/программа;программа табель для учета рабочего времени;149;0;;программа для учета;общий
язык задач — система/программа;системы финансового документооборота;149;0;;система документооборота;общий
язык задач — система/программа;crm системами являются;149;0;;crm система;общий
язык задач — система/программа;8 erp системы;149;0;;erp система;общий
язык задач — система/программа;erp система бизнес процессы;149;0;;erp система;общий
язык задач — система/программа;информационные системы бухгалтерская отчетность;149;0;;система отчетности;общий
создание и внедрение;техническое задание на систему пожарной сигнализации;149;0;;техническое задание на систему;общий
ии и новое;ии агент фото;149;0;;ии агент;общий
конкуренты и бренды;power bi визуальные элементы;148;0;;power bi;общий
язык задач — учёт;карты клиента учет;148;0;;учет клиентов;общий
язык задач — учёт;бит управленческий учет;148;0;;управленческий учет;общий
язык задач — учёт;финансовые отчетности управленческого учета;148;0;;управленческий учет;общий
язык задач — учёт;управленческий учет включает;148;0;;управленческий учет;общий
язык задач — учёт;учет затрат бухучет;148;0;;учет затрат;общий
язык задач — учёт;ошибки в учете затрат;148;0;;учет затрат;проблема
язык задач — учёт;учет производства и реализации продукции;148;0;;учет производства;общий
язык задач — учёт;учет доходов в производстве;148;0;;учет производства;общий
язык задач — учёт;налоговый учет малоценного оборудования;148;0;;учет оборудования;общий
язык задач — учёт;карточка учета оборудования;148;0;;учет оборудования;общий
задачи и боли Excel;почему не работает впр в excel;148;0;;впр excel;проблема
импортозамещение и закупка;заключение на закупку по 223 фз;148;0;;закупка по 223 фз;общий
ии и новое;нейросети для работы и бизнеса;148;0;;нейросеть для бизнеса;общий
данные и справочники;запрос справочник номенклатура;148;0;;справочник номенклатуры;общий
данные и справочники;мастер тай дай;148;0;;мастер данные;общий
данные и справочники;мастер давать советы;148;0;;мастер данные;общий
конкуренты и бренды;компания amocrm;147;0;;amocrm;общий
конкуренты и бренды;https pay amocrm ru;147;0;;amocrm;общий
конкуренты и бренды;база notion;147;0;;notion;общий
конкуренты и бренды;учет google таблицы;147;0;;google таблицы;общий
конкуренты и бренды;google forms онлайн;147;0;;google forms;общий
язык задач — учёт;учет заказов поставщикам;147;0;;учет заказов;общий
язык задач — учёт;кадровый учет законодательство;147;0;;кадровый учет;общий
язык задач — учёт;управленческий учет денежных;147;0;;управленческий учет;общий
язык задач — учёт;учет затрат в рф;147;0;;учет затрат;общий
язык задач — учёт;учет затрат незавершенного производства;147;0;;учет затрат;общий
язык задач — учёт;учет основных средств производства;147;0;;учет производства;общий
язык задач — учёт;закупки малого объема без учета электронной формы;147;0;;учет закупок;общий
язык задач — учёт;учет продаж и закупок;147;0;;учет закупок;общий
язык задач — система/программа;программа учета для усн;147;0;;программа для учета;общий
язык задач — система/программа;система управления национальными проектами;147;0;;система управления проектами;общий
язык задач — система/программа;интеграция системы документооборота;147;0;;система документооборота;общий
язык задач — система/программа;erp системы выбрать;147;0;;erp система;выбор
язык задач — система/программа;внедрение системы отчетности;147;0;;система отчетности;покупка
язык задач — система/программа;бюджетная отчетность бюджетов бюджетной системы рф;147;0;;система отчетности;общий
создание и внедрение;организация автоматизации бизнес процессов;147;0;;автоматизация бизнес процессов;общий
конкуренты и бренды;power bi кнопка;146;0;;power bi;общий
язык задач — учёт;личная карточка учета выдачи сиз сотруднику;146;0;;учет сотрудников;общий
язык задач — учёт;кадровый учет руководителя;146;0;;кадровый учет;общий
язык задач — учёт;кадровый учет 1с 8.3;146;0;;кадровый учет;общий
язык задач — учёт;управленческий учет доходы расходы;146;0;;управленческий учет;общий
язык задач — учёт;формы управленческого учета;146;0;;управленческий учет;общий
язык задач — учёт;управленческом учет ндс;146;0;;управленческий учет;общий
язык задач — система/программа;crm системы используют;146;0;;crm система;общий
язык задач — система/программа;что такое erp система простыми словами;146;0;;erp система;учебное
задачи и боли Excel;источник данных сводной таблицы excel;146;0;;сводные таблицы excel;общий
создание и внедрение;автоматизация учета времени;146;0;;автоматизация учета;общий
создание и внедрение;техническое задание на систему видеонаблюдения;146;0;;техническое задание на систему;общий
ии и новое;ии агент qwen;146;0;;ии агент;общий
ии и новое;codex ии агент;146;0;;ии агент;общий
конкуренты и бренды;get notions;145;0;;notion;общий
конкуренты и бренды;google таблицы найти;145;0;;google таблицы;общий
язык задач — учёт;бесплатная программа для учета склада;145;0;;учет склада;общий
язык задач — учёт;порядок учета на складе;145;0;;учет склада;общий
язык задач — учёт;складской учет в excel;145;0;;складской учет;общий
язык задач — учёт;воинский учет уволенных сотрудников;145;0;;учет сотрудников;общий
язык задач — учёт;какой метод учета затрат;145;0;;учет затрат;общий
язык задач — учёт;методы учета затрат предприятия;145;0;;учет затрат;общий
язык задач — учёт;гарантийный ремонт налоговый учет;145;0;;учет ремонтов;общий
язык задач — система/программа;новая crm система;145;0;;crm система;общий
задачи и боли Excel;как удалить сводную таблицу в excel;145;0;;сводные таблицы excel;общий
создание и внедрение;цели внедрения информационных систем;145;0;;внедрение информационной системы;покупка
конкуренты и бренды;notion использовать;144;0;;notion;общий
конкуренты и бренды;notion workspace;144;0;;notion;общий
конкуренты и бренды;google яндекс таблицы;144;0;;google таблицы;общий
язык задач — учёт;учет между складами;144;0;;учет склада;общий
язык задач — учёт;учет складских запасов;144;0;;складской учет;общий
язык задач — учёт;воинский учет при увольнении сотрудника;144;0;;учет сотрудников;общий
язык задач — учёт;карточки учета затрат;144;0;;учет затрат;общий
язык задач — учёт;учет малоценного оборудования и запасов;144;0;;учет оборудования;общий
язык задач — учёт;учет работы и ремонта оборудования;144;0;;учет оборудования;общий
язык задач — система/программа;система электронного документооборота государственного управления;144;0;;система документооборота;общий
язык задач — система/программа;система электронного документооборота закон;144;0;;система документооборота;общий
язык задач — система/программа;онлайн отчетность вход в систему;144;0;;система отчетности;навигация
задачи и боли Excel;впр на английском excel;144;0;;впр excel;общий
задачи и боли Excel;скачать сводные таблицы excel;144;0;;сводные таблицы excel;навигация
создание и внедрение;платформа автоматизации бизнес процессов;144;0;;автоматизация бизнес процессов;общий
импортозамещение и закупка;минпромторг импортозамещение по;144;0;;импортозамещение по;общий
импортозамещение и закупка;закупки по 223 фз разъяснения;144;0;;закупка по 223 фз;общий
данные и справочники;справочник номенклатура в 1с erp;144;0;;справочник номенклатуры;общий
конкуренты и бренды;amocrm обучение;143;0;;amocrm;учебное
конкуренты и бренды;notion presonus;143;0;;notion;общий
конкуренты и бренды;как добавить таблицу в google таблицы;143;0;;google таблицы;общий
конкуренты и бренды;power bi rs;143;0;;power bi;общий
язык задач — учёт;бухгалтерия учет на складе;143;0;;учет склада;общий
язык задач — учёт;учет кадрового состава;143;0;;кадровый учет;общий
язык задач — учёт;кадрового учета и расчета заработной;143;0;;кадровый учет;общий
язык задач — учёт;расчет заработной платы и кадровый учет;143;0;;кадровый учет;общий
язык задач — учёт;реализация управленческого учета;143;0;;управленческий учет;общий
язык задач — учёт;оперативный и управленческий учет;143;0;;управленческий учет;общий
язык задач — учёт;учет управленческих расходов в бухгалтерском учете;143;0;;управленческий учет;общий
язык задач — учёт;учет затрат на производства услуги;143;0;;учет затрат;общий
язык задач — учёт;методы учета затрат калькулирование себестоимости;143;0;;учет затрат;общий
язык задач — учёт;правила учета несчастных случаев на производстве;143;0;;учет производства;общий
язык задач — учёт;учет пищевое производство;143;0;;учет производства;общий
язык задач — система/программа;программа для учета оплаты;143;0;;программа для учета;общий
язык задач — система/программа;системы электронного документооборота базы данных;143;0;;система документооборота;общий
язык задач — система/программа;через систему crm;143;0;;crm система;общий
язык задач — система/программа;инструменты crm систем;143;0;;crm система;общий
язык задач — система/программа;система отчетности предприятия;143;0;;система отчетности;общий
задачи и боли Excel;впр vlookup в excel;143;0;;впр excel;общий
задачи и боли Excel;итоги в сводной таблице excel;143;0;;сводные таблицы excel;общий
создание и внедрение;внедрение медицинской информационной системы;143;0;;внедрение информационной системы;покупка
импортозамещение и закупка;повышение квалификации по закупкам 223 фз;143;0;;закупка по 223 фз;общий
конкуренты и бренды;amocrm приложение;142;0;;amocrm;общий
язык задач — учёт;склад счета учета номенклатуры;142;0;;учет склада;общий
язык задач — учёт;документы учета товара на складе;142;0;;учет склада;общий
язык задач — учёт;образец учета склада;142;0;;учет склада;общий
язык задач — учёт;логистика складского учета;142;0;;складской учет;общий
язык задач — учёт;управленческий учет вак;142;0;;управленческий учет;общий
язык задач — учёт;учет производства драгоценных металлов;142;0;;учет производства;общий
язык задач — учёт;учет измерительного оборудования;142;0;;учет оборудования;общий
язык задач — учёт;методы учета оборудования;142;0;;учет оборудования;общий
язык задач — система/программа;оценка системы управления проектом;142;0;;система управления проектами;общий
язык задач — система/программа;системы электронного документооборота согласование;142;0;;система документооборота;общий
язык задач — система/программа;регламенты системы документооборота;142;0;;система документооборота;общий
язык задач — система/программа;erp система решения;142;0;;erp система;общий
задачи и боли Excel;количество в сводной таблице excel;142;0;;сводные таблицы excel;общий
задачи и боли Excel;сводные таблицы excel видео;142;0;;сводные таблицы excel;общий
создание и внедрение;варианты автоматизации бизнес процессов;142;0;;автоматизация бизнес процессов;общий
данные и справочники;1с ут справочник номенклатуры;142;0;;справочник номенклатуры;общий
конкуренты и бренды;google таблицы 3;141;0;;google таблицы;общий
конкуренты и бренды;power bi service;141;0;;power bi;общий
конкуренты и бренды;power bi desktop бесплатно;141;0;;power bi;навигация
конкуренты и бренды;microsoft power bi desktop;141;0;;power bi;общий
конкуренты и бренды;таблицы microsoft access;141;0;;microsoft access;общий
язык задач — учёт;учет подарок сотруднику;141;0;;учет сотрудников;общий
язык задач — учёт;состав и учет затрат;141;0;;учет затрат;общий
язык задач — учёт;учет затрат и расходов организации;141;0;;учет затрат;общий
язык задач — учёт;учет производство усн;141;0;;учет производства;общий
язык задач — учёт;журнал учета обслуживания и ремонта оборудования;141;0;;учет оборудования;общий
язык задач — учёт;инструкция по учету оборудования;141;0;;учет оборудования;учебное
язык задач — учёт;журнал учета обращений граждан;141;0;;учет обращений;общий
язык задач — система/программа;информационные системы управления документооборотом;141;0;;система документооборота;общий
язык задач — система/программа;система 1с erp управление предприятием;141;0;;erp система;общий
язык задач — система/программа;система сдачи отчетности на сайте фнс;141;0;;система отчетности;общий
задачи и боли Excel;инструмент сводная таблица excel;141;0;;сводные таблицы excel;общий
создание и внедрение;бизнес внедрение crm;141;0;;внедрение crm;покупка
импортозамещение и закупка;закупки автономных учреждений по 223 фз;141;0;;закупка по 223 фз;общий
ии и новое;типы ии агентов;141;0;;ии агент;общий
конкуренты и бренды;google таблицы число;140;0;;google таблицы;общий
конкуренты и бренды;субд microsoft access;140;0;;microsoft access;общий
язык задач — учёт;учет себестоимости по складам;140;0;;учет склада;общий
язык задач — учёт;бланки складского учета;140;0;;складской учет;общий
язык задач — учёт;1с документ учет сотрудников;140;0;;учет сотрудников;общий
язык задач — учёт;учет затрат на производство и калькулирование себестоимости;140;0;;учет затрат;общий
язык задач — учёт;учет выпуска продукции в производство;140;0;;учет производства;общий
язык задач — учёт;счет учета товар производство;140;0;;учет производства;общий
язык задач — учёт;учет закупок на предприятии;140;0;;учет закупок;общий
язык задач — учёт;форма журнала учета оборудования;140;0;;учет оборудования;общий
язык задач — учёт;журнал учета состояния оборудования;140;0;;учет оборудования;общий
язык задач — учёт;ремонт учет ндс;140;0;;учет ремонтов;общий
язык задач — система/программа;программ для автоматизации учета;140;0;;программа для учета;общий
язык задач — система/программа;систем электронного документооборота участников процесса;140;0;;система документооборота;общий
язык задач — система/программа;система отчетности сбис;140;0;;система отчетности;общий
язык задач — система/программа;программа мой склад для розничной;140;0;;программа для склада;общий
создание и внедрение;специалист по внедрению 1с erp;140;0;;внедрение erp;покупка
создание и внедрение;техническое задание на систему отопления;140;0;;техническое задание на систему;общий
конкуренты и бренды;power bi россия;139;0;;power bi;общий
конкуренты и бренды;microsoft access работа;139;0;;microsoft access;общий
язык задач — учёт;особенности кадрового учета;139;0;;кадровый учет;общий
язык задач — учёт;управленческий учет стоимость;139;0;;управленческий учет;покупка
язык задач — учёт;хозяйственный и управленческий учет;139;0;;управленческий учет;общий
язык задач — учёт;первичный учет производства;139;0;;учет производства;общий
язык задач — учёт;центр закупок и бухгалтерского учета;139;0;;учет закупок;общий
язык задач — учёт;обращение зарегистрировано в книге учета заявлений;139;0;;учет обращений;общий
язык задач — система/программа;система электронного документооборота контур диадок;139;0;;система документооборота;общий
язык задач — система/программа;mosedo ru электронный документооборот вход в систему;139;0;;система документооборота;навигация
язык задач — система/программа;2 crm системы;139;0;;crm система;общий
задачи и боли Excel;впр 2 таблицы в excel;139;0;;впр excel;общий
создание и внедрение;автоматизация бизнес процессов задачи;139;0;;автоматизация бизнес процессов;общий
ии и новое;создание ии агентов бесплатно;139;0;;ии агент;навигация
ии и новое;какого ии агента выбрать;139;0;;ии агент;выбор
ии и новое;google ии агент;139;0;;ии агент;общий
ии и новое;обзор ии агентов;139;0;;ии агент;выбор
данные и справочники;сопоставление товаров и услуг;139;0;;сопоставление товаров;общий
конкуренты и бренды;google таблица script;138;0;;google таблицы;общий
конкуренты и бренды;google таблицы удалить таблицу;138;0;;google таблицы;общий
конкуренты и бренды;power bi com;138;0;;power bi;общий
язык задач — учёт;процесс складского учета;138;0;;складской учет;общий
язык задач — учёт;день сотрудника специального учета фсин;138;0;;учет сотрудников;общий
язык задач — учёт;управленческий учет представляет;138;0;;управленческий учет;общий
язык задач — учёт;настройка управленческого учета;138;0;;управленческий учет;общий
язык задач — учёт;главная цель управленческого учета;138;0;;управленческий учет;общий
язык задач — учёт;учет затрат производства на предприятиях;138;0;;учет производства;общий
язык задач — учёт;1с erp учет производства;138;0;;учет производства;общий
язык задач — учёт;учет оплаты производства;138;0;;учет производства;общий
язык задач — система/программа;система управления проектами проектирование;138;0;;система управления проектами;общий
язык задач — система/программа;системы управления планирования производства;138;0;;система планирования производства;общий
язык задач — система/программа;виды системы отчетности;138;0;;система отчетности;общий
язык задач — система/программа;программа для продуктовый магазин;138;0;;программа для магазина;общий
задачи и боли Excel;как работает функция впр в excel;138;0;;впр excel;общий
создание и внедрение;автоматизация регламентированного учета;138;0;;автоматизация учета;общий
импортозамещение и закупка;единый реестр отечественного по;138;0;;реестр отечественного по;общий
импортозамещение и закупка;закупки исключения по 223 фз;138;0;;закупка по 223 фз;общий
импортозамещение и закупка;особенности закупок по 223 фз;138;0;;закупка по 223 фз;общий
импортозамещение и закупка;максимальная сумма закупки по 223 фз;138;0;;закупка по 223 фз;общий
ии и новое;ии агент картинка;138;0;;ии агент;общий
данные и справочники;специалист мастер данных;138;0;;мастер данные;общий
конкуренты и бренды;amocrm звонки;137;0;;amocrm;общий
конкуренты и бренды;notion notes tasks ai;137;0;;notion;общий
конкуренты и бренды;аналоги notion в россии;137;0;;notion;выбор
конкуренты и бренды;работа с power bi;137;0;;power bi;общий
конкуренты и бренды;power bi pro;137;0;;power bi;общий
язык задач — учёт;учет склада c;137;0;;учет склада;общий
язык задач — учёт;1с бухгалтерия 8.3 учет по складам;137;0;;учет склада;общий
язык задач — учёт;вопросы по складскому учету;137;0;;складской учет;общий
язык задач — учёт;учет сотрудников отдел кадров;137;0;;учет сотрудников;общий
язык задач — учёт;программа учета зарплаты сотрудников;137;0;;учет сотрудников;учебное
язык задач — учёт;организация ведения кадрового учета;137;0;;кадровый учет;общий
язык задач — учёт;система финансового управленческого учета;137;0;;управленческий учет;общий
язык задач — учёт;сервис управленческого учета;137;0;;управленческий учет;общий
язык задач — учёт;бухгалтерский учет производства проводки;137;0;;учет производства;общий
язык задач — учёт;учет издержек производства;137;0;;учет производства;общий
язык задач — система/программа;требования система управления проектами;137;0;;система управления проектами;общий
язык задач — система/программа;аналитик crm систем;137;0;;crm система;общий
язык задач — система/программа;аналитика crm системы;137;0;;crm система;общий
язык задач — система/программа;программа мой склад для розничной торговли;137;0;;программа для склада;общий
язык задач — система/программа;программа для контроля магазина;137;0;;программа для магазина;общий
язык задач — система/программа;производственная программа для магазина;137;0;;программа для магазина;общий
язык задач — система/программа;программа для работы магазина;137;0;;программа для магазина;общий
ии и новое;ии агенты сбежали;137;0;;ии агент;общий
ии и новое;ии агент mcp;137;0;;ии агент;общий
ии и новое;безопасность ии агентов;137;0;;ии агент;общий
ии и новое;рынок ии агентов;137;0;;ии агент;общий
ии и новое;нейросети для бизнес процессов;137;0;;нейросеть для бизнеса;общий
данные и справочники;мастер данные пример;137;0;;мастер данные;учебное
конкуренты и бренды;amocrm 1;136;0;;amocrm;общий
конкуренты и бренды;notion страница;136;0;;notion;общий
конкуренты и бренды;google таблица бюджет;136;0;;google таблицы;общий
конкуренты и бренды;сохранить google таблицу;136;0;;google таблицы;общий
конкуренты и бренды;google forms ответы;136;0;;google forms;общий
конкуренты и бренды;microsoft access database скачать;136;0;;microsoft access;навигация
язык задач — учёт;учет выполненных заявок;136;0;;учет заявок;общий
язык задач — учёт;учет материальных ценностей на складе;136;0;;учет склада;общий
язык задач — учёт;как настроить учет по складам;136;0;;учет склада;общий
язык задач — учёт;карточка складского учета форма м 17;136;0;;складской учет;общий
язык задач — учёт;воинский учет сотрудников мвд;136;0;;учет сотрудников;общий
язык задач — учёт;учет удостоверений сотрудников;136;0;;учет сотрудников;общий
язык задач — учёт;развитие управленческого учета;136;0;;управленческий учет;общий
язык задач — учёт;управленческий учет новое;136;0;;управленческий учет;общий
язык задач — учёт;организация система управленческого учета;136;0;;управленческий учет;общий
язык задач — учёт;центр управленческого учета;136;0;;управленческий учет;общий
язык задач — учёт;как принять к учету оборудование в 1с;136;0;;учет оборудования;общий
язык задач — система/программа;база данных для учета программа;136;0;;программа для учета;общий
язык задач — система/программа;система управления качеством проекта;136;0;;система управления проектами;общий
язык задач — система/программа;использование информационных систем документооборота;136;0;;система документооборота;общий
язык задач — система/программа;автоматизация системы отчетности;136;0;;система отчетности;общий
язык задач — система/программа;отчетность в системе финансового учета;136;0;;система отчетности;общий
задачи и боли Excel;как работает впр в excel пошагово;136;0;;впр excel;учебное
импортозамещение и закупка;опыт закупок по 223 фз;136;0;;закупка по 223 фз;общий
ии и новое;создание приложений с ии агентами книга;136;0;;ии агент;общий
ии и новое;ии агент open;136;0;;ии агент;общий
ии и новое;ии агенты русские;136;0;;ии агент;общий
конкуренты и бренды;microsoft access 2016 скачать;135;0;;microsoft access;навигация
конкуренты и бренды;d microsoft access;135;0;;microsoft access;общий
язык задач — учёт;учет затрат по заказам;135;0;;учет заказов;общий
язык задач — учёт;скачать журнал складского учета;135;0;;складской учет;навигация
язык задач — учёт;управленческий учет использует;135;0;;управленческий учет;общий
язык задач — учёт;бухгалтер учету производства;135;0;;учет производства;общий
язык задач — учёт;налоговый учет расходов на производство;135;0;;учет производства;общий
язык задач — учёт;учет арендованного оборудования;135;0;;учет оборудования;общий
язык задач — система/программа;программа для учета приказов;135;0;;программа для учета;общий
язык задач — система/программа;основная система управления проектами;135;0;;система управления проектами;общий
язык задач — система/программа;задачи системы документооборота;135;0;;система документооборота;общий
язык задач — система/программа;виды crm систем;135;0;;crm система;общий
язык задач — система/программа;erp системы склад;135;0;;erp система;общий
задачи и боли Excel;как делать сводные таблицы в excel;135;0;;сводные таблицы excel;общий
импортозамещение и закупка;утверждение положения о закупках по 223 фз;135;0;;закупка по 223 фз;общий
конкуренты и бренды;crystal notion;134;0;;notion;общий
конкуренты и бренды;power bi модели;134;0;;power bi;общий
конкуренты и бренды;power bi pivot;134;0;;power bi;общий
язык задач — учёт;поставить на учет склад;134;0;;учет склада;общий
язык задач — учёт;1с 8.3 складской учет;134;0;;складской учет;общий
язык задач — учёт;задачи кадрового учета;134;0;;кадровый учет;общий
язык задач — учёт;1с бухгалтерский учет управленческий учет;134;0;;управленческий учет;общий
язык задач — учёт;учет остатков на производстве;134;0;;учет производства;общий
язык задач — учёт;собственное производство бухгалтерский учет;134;0;;учет производства;общий
язык задач — учёт;ведение табельного учета;134;0;;табельный учет;общий
язык задач — система/программа;регистрация документов в системе электронного документооборота;134;0;;система документооборота;общий
язык задач — система/программа;развитие системы документооборота;134;0;;система документооборота;общий
язык задач — система/программа;crm система сервисы;134;0;;crm система;общий
язык задач — система/программа;система сдачи налоговой отчетности фнс;134;0;;система отчетности;общий
язык задач — система/программа;упрощенная система бухгалтерской отчетности;134;0;;система отчетности;общий
язык задач — система/программа;программа производственного контроля для магазина;134;0;;программа для магазина;общий
задачи и боли Excel;впр поиск excel;134;0;;впр excel;общий
импортозамещение и закупка;закупки по 223 фз этп;134;0;;закупка по 223 фз;общий
импортозамещение и закупка;закупка по 223 фз еис извещение;134;0;;закупка по 223 фз;общий
ии и новое;отличие ии от агента ии;134;0;;ии агент;общий
ии и новое;ии агент github;134;0;;ии агент;общий
данные и справочники;мастер данных 1с;134;0;;мастер данные;общий
конкуренты и бренды;power bi запрос;133;0;;power bi;общий
язык задач — учёт;учет заказов услуг;133;0;;учет заказов;общий
язык задач — учёт;учет расчета заказов;133;0;;учет заказов;общий
язык задач — учёт;учет распределение заказов;133;0;;учет заказов;общий
язык задач — учёт;контроль кадрового учета;133;0;;кадровый учет;общий
язык задач — учёт;направления управленческого учета;133;0;;управленческий учет;общий
язык задач — учёт;оборудование с учетом эргономики;133;0;;учет оборудования;общий
язык задач — учёт;журнал учета сварочного оборудования;133;0;;учет оборудования;общий
язык задач — учёт;учет письменных обращений;133;0;;учет обращений;общий
язык задач — система/программа;информационные системы управления проектами в строительстве;133;0;;система управления проектами;общий
язык задач — система/программа;системы управления проектами персоналом;133;0;;система управления проектами;общий
язык задач — система/программа;создание crm систем;133;0;;crm система;общий
язык задач — система/программа;проект crm системы;133;0;;crm система;общий
язык задач — система/программа;корпоративная информационная система erp;133;0;;erp система;общий
язык задач — система/программа;программы для производственного склада;133;0;;программа для склада;общий
задачи и боли Excel;excel сводная таблица форматирование;133;0;;сводные таблицы excel;общий
создание и внедрение;внедрение erp консультанты;133;0;;внедрение erp;покупка
импортозамещение и закупка;акт закупки по 223 фз;133;0;;закупка по 223 фз;общий
ии и новое;ии агент дипсик;133;0;;ии агент;общий
ии и новое;создание приложения с помощью нейросети;133;0;;приложение с помощью нейросети;общий
данные и справочники;1с справочник виды номенклатуры;133;0;;справочник номенклатуры;общий
конкуренты и бренды;шаблоны для google таблиц;132;0;;google таблицы;общий
конкуренты и бренды;microsoft access database engine скачать;132;0;;microsoft access;навигация
язык задач — учёт;учет технических заявок;132;0;;учет заявок;общий
язык задач — учёт;настройка учета по складам;132;0;;учет склада;общий
язык задач — учёт;курсы складского учета;132;0;;складской учет;учебное
язык задач — учёт;документ учета рабочего времени сотрудников;132;0;;учет сотрудников;общий
язык задач — учёт;скачать журнал учета сотрудников;132;0;;учет сотрудников;навигация
язык задач — учёт;управленческий учет ответственность;132;0;;управленческий учет;общий
язык задач — учёт;инструменты управленческого учета;132;0;;управленческий учет;общий
язык задач — учёт;ремонт приборов учета тепловой;132;0;;учет ремонтов;общий
язык задач — система/программа;электронный документооборот осуществляется в системе;132;0;;система документооборота;общий
язык задач — система/программа;crm системы создать;132;0;;crm система;общий
язык задач — система/программа;crm онлайн системы;132;0;;crm система;общий
язык задач — система/программа;существующие crm системы;132;0;;crm система;общий
язык задач — система/программа;система отчетность 2025;132;0;;система отчетности;общий
импортозамещение и закупка;реестр отечественного по запись;132;0;;реестр отечественного по;общий
язык задач — учёт;торговля склад учет;131;0;;учет склада;общий
язык задач — учёт;учет склада в excel;131;0;;учет склада;общий
язык задач — учёт;управленческий учет пользователи информации;131;0;;управленческий учет;общий
язык задач — учёт;бухгалтерский учет производства услуг;131;0;;учет производства;общий
язык задач — учёт;автоматизированный учет производства;131;0;;учет производства;общий
язык задач — система/программа;включение документа в систему электронного документооборота;131;0;;система документооборота;общий
язык задач — система/программа;crm системы анализ;131;0;;crm система;общий
задачи и боли Excel;excel впр несколько условий;131;0;;впр excel;общий
задачи и боли Excel;как убрать впр в excel;131;0;;впр excel;общий
создание и внедрение;adalo конструктор приложений;131;0;;конструктор приложений;общий
импортозамещение и закупка;годовой объем закупок по 223 фз;131;0;;закупка по 223 фз;общий
ии и новое;делегируйте рутину ии агентам;131;0;;ии агент;общий
ии и новое;ии агенты отзывы;131;0;;ии агент;общий
ии и новое;как пользоваться ии агентом;131;0;;ии агент;общий
конкуренты и бренды;https forms amocrm ru;130;0;;amocrm;общий
конкуренты и бренды;почему notion;130;0;;notion;общий
конкуренты и бренды;power bi ошибки;130;0;;power bi;проблема
конкуренты и бренды;microsoft data access;130;0;;microsoft access;общий
язык задач — учёт;учет заявок на ремонт;130;0;;учет заявок;общий
язык задач — учёт;встать на учет сотрудник мвд;130;0;;учет сотрудников;общий
язык задач — учёт;бесплатно кадровый учет;130;0;;кадровый учет;навигация
язык задач — учёт;кадровый учет аутсорсинг;130;0;;кадровый учет;общий
язык задач — учёт;управленческий учет в строительстве;130;0;;управленческий учет;общий
язык задач — учёт;стать управленческого учета;130;0;;управленческий учет;общий
язык задач — учёт;составление управленческого учета;130;0;;управленческий учет;общий
язык задач — учёт;учет себестоимости производства продукции калькулирование;130;0;;учет производства;общий
язык задач — учёт;оборудование счет учета в 1с;130;0;;учет оборудования;общий
язык задач — учёт;журнал учета технического обслуживания и ремонта оборудования;130;0;;учет оборудования;общий
язык задач — учёт;ваше обращение зарегистрировано в книге учета;130;0;;учет обращений;общий
язык задач — система/программа;crm система предназначена для;130;0;;crm система;общий
язык задач — система/программа;информационные системы crm erp;130;0;;crm система;общий
язык задач — система/программа;crm система информация;130;0;;crm система;общий
задачи и боли Excel;как использовать функцию впр в excel;130;0;;впр excel;общий
создание и внедрение;комплексная автоматизация бухгалтерского учета;130;0;;автоматизация учета;общий
создание и внедрение;автоматизация внедрения информационной системы;130;0;;внедрение информационной системы;покупка
ии и новое;искусственный интеллект с langchain разработка ии агентов;130;0;;ии агент;общий
данные и справочники;настройка справочника номенклатуры;130;0;;справочник номенклатуры;общий
данные и справочники;основные мастер данные;130;0;;мастер данные;общий
конкуренты и бренды;amocrm ru вход;129;0;;amocrm;навигация
конкуренты и бренды;google apps script таблицы;129;0;;google таблицы;общий
язык задач — учёт;учет склада приход расход;129;0;;учет склада;общий
язык задач — учёт;книга складского учета м 17;129;0;;складской учет;общий
язык задач — учёт;учет медосмотров сотрудников;129;0;;учет сотрудников;общий
язык задач — учёт;кадровый учет увольнение;129;0;;кадровый учет;общий
язык задач — учёт;управленческий учет журнал вак;129;0;;управленческий учет;общий
язык задач — учёт;учет программного оборудования;129;0;;учет оборудования;общий
язык задач — учёт;учет оборудования в ооо;129;0;;учет оборудования;общий
язык задач — учёт;ремонт общедомовых приборов учета;129;0;;учет ремонтов;общий
язык задач — учёт;учета ремонта аренды;129;0;;учет ремонтов;общий
язык задач — система/программа;программы для учета оборудования;129;0;;программа для учета;общий
создание и внедрение;техническое задание на информационную систему гост;129;0;;техническое задание на систему;общий
ии и новое;ии агент вакансии;129;0;;ии агент;общий
данные и справочники;как в 1с изменить сопоставление номенклатуры;129;0;;сопоставление номенклатуры;общий
конкуренты и бренды;аккаунт amocrm;128;0;;amocrm;общий
конкуренты и бренды;amocrm воронка;128;0;;amocrm;общий
конкуренты и бренды;https legitmarket notion site 333bd446051980fb9324f58c7d99dd30;128;0;;notion;общий
конкуренты и бренды;notion приложение русский;128;0;;notion;общий
конкуренты и бренды;notion установить;128;0;;notion;общий
конкуренты и бренды;создание google таблицы;128;0;;google таблицы;общий
конкуренты и бренды;power bi desktop скачать бесплатно;128;0;;power bi;навигация
конкуренты и бренды;le tableau;128;0;;tableau;общий
язык задач — учёт;форма заявки постановки на учет;128;0;;учет заявок;общий
язык задач — учёт;друри управленческий учет;128;0;;управленческий учет;общий
язык задач — учёт;книга учета оборудования;128;0;;учет оборудования;общий
язык задач — система/программа;минздрав система электронного документооборота;128;0;;система документооборота;общий
язык задач — система/программа;система документооборота в учреждениях;128;0;;система документооборота;общий
язык задач — система/программа;система юридически значимого документооборота;128;0;;система документооборота;общий
язык задач — система/программа;сертификат система документооборота;128;0;;система документооборота;общий
язык задач — система/программа;система заявок crm;128;0;;crm система;общий
язык задач — система/программа;crm систему bitrix24;128;0;;crm система;общий
язык задач — система/программа;crm система какую выбрать;128;0;;crm система;выбор
язык задач — система/программа;системами класса erp;128;0;;erp система;общий
задачи и боли Excel;изменение сводной таблицы excel;128;0;;сводные таблицы excel;общий
задачи и боли Excel;источник сводной таблицы в excel;128;0;;сводные таблицы excel;общий
создание и внедрение;автоматизация бухгалтерского учета 1с;128;0;;автоматизация учета;общий
импортозамещение и закупка;жалоба на закупку по 223 фз;128;0;;закупка по 223 фз;общий
импортозамещение и закупка;критерии закупок по 223 фз;128;0;;закупка по 223 фз;общий
данные и справочники;сбис сопоставление номенклатуры;128;0;;сопоставление номенклатуры;общий
данные и справочники;справочник номенклатуры программа;128;0;;справочник номенклатуры;общий
данные и справочники;что дать мастеру канноли;128;0;;мастер данные;общий
конкуренты и бренды;notion 2;127;0;;notion;общий
конкуренты и бренды;notion работает ли;127;0;;notion;общий
конкуренты и бренды;язык power bi;127;0;;power bi;общий
язык задач — учёт;учет товара и клиентов;127;0;;учет клиентов;общий
язык задач — учёт;учет производства в программе 1с;127;0;;учет производства;общий
язык задач — система/программа;программы для учета бюджета;127;0;;программа для учета;общий
язык задач — система/программа;система конфиденциального документооборота;127;0;;система документооборота;общий
язык задач — система/программа;какие есть системы электронного документооборота;127;0;;система документооборота;общий
язык задач — система/программа;автоматизированная информационная система документооборота;127;0;;система документооборота;общий
язык задач — система/программа;использование системы электронного документооборота в организации;127;0;;система документооборота;общий
язык задач — система/программа;бухсофт отчетность вход в систему;127;0;;система отчетности;навигация
язык задач — система/программа;кассовая программа для розничного магазина;127;0;;программа для магазина;общий
создание и внедрение;1 автоматизация бизнес процессов;127;0;;автоматизация бизнес процессов;общий
создание и внедрение;автоматизация информационных систем бизнес процессов;127;0;;автоматизация бизнес процессов;общий
создание и внедрение;автоматизация бизнес процессов обучение;127;0;;автоматизация бизнес процессов;учебное
создание и внедрение;этапов внедрения информационных систем;127;0;;внедрение информационной системы;покупка
создание и внедрение;техническое задание на обслуживание систем;127;0;;техническое задание на систему;общий
импортозамещение и закупка;реестр программ отечественного по;127;0;;реестр отечественного по;общий
данные и справочники;сопоставление номенклатуры поставщиков;127;0;;сопоставление номенклатуры;общий
данные и справочники;что дает мастер спорта в жизни;127;0;;мастер данные;общий
конкуренты и бренды;скачать песню notion the occasions;126;0;;notion;навигация
конкуренты и бренды;power bi на русском скачать;126;0;;power bi;навигация
конкуренты и бренды;zapier ai;126;0;;zapier;общий
язык задач — учёт;складской учет обязателен;126;0;;складской учет;общий
язык задач — учёт;как вести управленческий учет;126;0;;управленческий учет;общий
язык задач — учёт;сайт управленческий учет;126;0;;управленческий учет;общий
язык задач — учёт;производство учета воды;126;0;;учет производства;общий
язык задач — учёт;простой оборудования учет;126;0;;учет оборудования;общий
язык задач — система/программа;crm система приложения;126;0;;crm система;общий
ии и новое;ии агент openclaw;126;0;;ии агент;общий
ии и новое;ии в crm;126;0;;ии в crm;общий
данные и справочники;ссылка справочник номенклатура;126;0;;справочник номенклатуры;общий
данные и справочники;генная база данных мастера как работает;126;0;;мастер данные;общий
конкуренты и бренды;подключить notion;125;0;;notion;покупка
конкуренты и бренды;crystal notion the days;125;0;;notion;общий
конкуренты и бренды;google таблицы фильтр;125;0;;google таблицы;общий
конкуренты и бренды;power bi python;125;0;;power bi;общий
язык задач — учёт;учет выдачи заказов;125;0;;учет заказов;общий
язык задач — учёт;учет заявок бесплатно;125;0;;учет заявок;навигация
язык задач — учёт;база данных учета сотрудников;125;0;;учет сотрудников;общий
язык задач — учёт;учет использования рабочего времени сотрудника;125;0;;учет сотрудников;общий
язык задач — учёт;управленческий учет в унф;125;0;;управленческий учет;общий
язык задач — учёт;настроим управленческий учет;125;0;;управленческий учет;общий
язык задач — учёт;управленческий учет учебное;125;0;;управленческий учет;общий
язык задач — учёт;курсы по управленческому учету;125;0;;управленческий учет;учебное
язык задач — учёт;учет основного производства организации;125;0;;учет производства;общий
язык задач — учёт;учет процесса производства в бухгалтерском учете;125;0;;учет производства;общий
язык задач — учёт;учет закупок в бюджете;125;0;;учет закупок;общий
язык задач — учёт;учета оборудования работающего под избыточным давлением;125;0;;учет оборудования;общий
язык задач — система/программа;программа для воинского учета;125;0;;программа для учета;общий
язык задач — система/программа;системы управления проектами примеры;125;0;;система управления проектами;учебное
язык задач — система/программа;система электронного документооборота федерального органа предусматривает;125;0;;система документооборота;общий
язык задач — система/программа;применение систем электронного документооборота;125;0;;система документооборота;общий
язык задач — система/программа;crm система как выглядит;125;0;;crm система;общий
язык задач — система/программа;crm системы войти;125;0;;crm система;навигация
язык задач — система/программа;популярные crm системы;125;0;;crm система;общий
язык задач — система/программа;выбираем bi системы;125;0;;bi система;общий
создание и внедрение;автоматизация учета на предприятии;125;0;;автоматизация учета;общий
импортозамещение и закупка;формирование закупки по 223 фз;125;0;;закупка по 223 фз;общий
импортозамещение и закупка;техническое задание закупка по 223 фз;125;0;;закупка по 223 фз;общий
ии и новое;интеграция ии агентов;125;0;;ии агент;общий
данные и справочники;где в 1с справочник номенклатуры;125;0;;справочник номенклатуры;общий
конкуренты и бренды;notion таблицы;124;0;;notion;общий
конкуренты и бренды;notion задачи;124;0;;notion;общий
конкуренты и бренды;почему power bi;124;0;;power bi;общий
конкуренты и бренды;microsoft power bi скачать;124;0;;power bi;навигация
конкуренты и бренды;google form c;124;0;;google forms;общий
язык задач — учёт;база складского учета;124;0;;складской учет;общий
язык задач — учёт;журналы складского учета образцы;124;0;;складской учет;общий
язык задач — учёт;вакансия кадровый учет;124;0;;кадровый учет;общий
язык задач — учёт;разработка управленческий учет;124;0;;управленческий учет;общий
язык задач — учёт;устанавливайте оборудование с учетом эргономики;124;0;;учет оборудования;общий
язык задач — учёт;учет табельных номеров;124;0;;табельный учет;общий
язык задач — система/программа;программа для учета продуктов;124;0;;программа для учета;общий
язык задач — система/программа;программа для учета онлайн;124;0;;программа для учета;общий
язык задач — система/программа;программа для учета школы;124;0;;программа для учета;общий
язык задач — система/программа;бесплатная программа для учета расходов;124;0;;программа для учета;общий
язык задач — система/программа;совершенствование системы управления проектом;124;0;;система управления проектами;общий
язык задач — система/программа;организация электронной системы управления документооборотом;124;0;;система документооборота;общий
язык задач — система/программа;межведомственная система электронного документооборота мэдо;124;0;;система документооборота;общий
язык задач — система/программа;типы систем электронного документооборота;124;0;;система документооборота;общий
язык задач — система/программа;система информации учета и отчетности;124;0;;система отчетности;общий
задачи и боли Excel;excel сводная таблица получить данные;124;0;;сводные таблицы excel;общий
создание и внедрение;автоматизация учета в организации;124;0;;автоматизация учета;общий
создание и внедрение;автоматизация учета расчетов;124;0;;автоматизация учета;общий
создание и внедрение;технологии автоматизации учета;124;0;;автоматизация учета;общий
импортозамещение и закупка;реестр отечественного по 1с;124;0;;реестр отечественного по;общий
импортозамещение и закупка;коллективная закупка по 223 фз;124;0;;закупка по 223 фз;общий
импортозамещение и закупка;закупки у ед поставщика по 223 фз;124;0;;закупка по 223 фз;общий
ии и новое;курсор ии агент;124;0;;ии агент;учебное
ии и новое;инженер ии агентов;124;0;;ии агент;общий
данные и справочники;создание справочника номенклатуры;124;0;;справочник номенклатуры;общий
данные и справочники;наименование номенклатуры в справочнике;124;0;;справочник номенклатуры;общий
данные и справочники;мастер давать указания;124;0;;мастер данные;общий
данные и справочники;мастер спорта международного класса за что дают;124;0;;мастер данные;общий
конкуренты и бренды;amocrm телефон;123;0;;amocrm;общий
конкуренты и бренды;id amocrm ru;123;0;;amocrm;общий
конкуренты и бренды;google таблицы помощь;123;0;;google таблицы;общий
конкуренты и бренды;power query excel power bi;123;0;;power bi;общий
конкуренты и бренды;power bi скачать бесплатно на русском;123;0;;power bi;навигация
язык задач — учёт;сервис учета клиентов;123;0;;учет клиентов;общий
язык задач — учёт;учет обращений клиентов;123;0;;учет клиентов;общий
язык задач — учёт;1с учета заявок;123;0;;учет заявок;общий
язык задач — учёт;приложения для учета товаров на складе;123;0;;учет склада;общий
язык задач — учёт;система учета на складе производства;123;0;;учет склада;общий
язык задач — учёт;табель учета служебного времени сотрудников;123;0;;учет сотрудников;общий
язык задач — учёт;учет движения сотрудников;123;0;;учет сотрудников;общий
язык задач — учёт;воинский учет без сотрудников;123;0;;учет сотрудников;общий
язык задач — учёт;обязанности сотрудника по воинскому учету;123;0;;учет сотрудников;общий
язык задач — учёт;миграционный кадровый учет;123;0;;кадровый учет;общий
язык задач — учёт;сервис кадровый учет;123;0;;кадровый учет;общий
язык задач — учёт;финансово управленческий учет бизнеса;123;0;;управленческий учет;общий
язык задач — учёт;учет имущества в производстве;123;0;;учет производства;общий
язык задач — учёт;унф учет производства;123;0;;учет производства;общий
язык задач — учёт;забалансовый учет оборудования;123;0;;учет оборудования;общий
язык задач — учёт;осаго ремонт без учета износа;123;0;;учет ремонтов;общий
язык задач — система/программа;системы управления проектами производства;123;0;;система управления проектами;общий
задачи и боли Excel;excel сводная таблица бесплатно;123;0;;сводные таблицы excel;навигация
создание и внедрение;оптимизация бизнес процессов автоматизация;123;0;;автоматизация бизнес процессов;общий
создание и внедрение;разработка приложений на заказ;123;0;;разработка на заказ;общий
создание и внедрение;техническое задание на системы вентиляции;123;0;;техническое задание на систему;общий
импортозамещение и закупка;управление закупками по 223 фз;123;0;;закупка по 223 фз;общий
импортозамещение и закупка;закупка иностранных товаров по 223 фз;123;0;;закупка по 223 фз;общий
ии и новое;популярные ии агенты;123;0;;ии агент;общий
ии и новое;лучшие бесплатные ии агенты;123;0;;ии агент;выбор
ии и новое;как делать ии агентов;123;0;;ии агент;общий
данные и справочники;номенклатура справочника меркурий;123;0;;справочник номенклатуры;общий
данные и справочники;что дать старому мастеру канноли;123;0;;мастер данные;общий
конкуренты и бренды;amocrm контакты;122;0;;amocrm;общий
конкуренты и бренды;airtable com;122;0;;airtable;общий
конкуренты и бренды;notion календарь;122;0;;notion;общий
конкуренты и бренды;power bi desktop на русском;122;0;;power bi;общий
конкуренты и бренды;power bi системы;122;0;;power bi;общий
язык задач — учёт;запись учета клиентов;122;0;;учет клиентов;общий
язык задач — учёт;складской учет вакансии;122;0;;складской учет;общий
язык задач — учёт;программа учета работы сотрудников;122;0;;учет сотрудников;общий
язык задач — учёт;налоговый и кадровый и учет;122;0;;кадровый учет;общий
язык задач — учёт;вакансии управленческий учет;122;0;;управленческий учет;общий
язык задач — учёт;группа учета на производстве;122;0;;учет производства;общий
язык задач — учёт;учет процесса закупок;122;0;;учет закупок;общий
язык задач — учёт;контроль и учет закупок;122;0;;учет закупок;общий
язык задач — учёт;образец заполнения журнала учета оборудования;122;0;;учет оборудования;общий
язык задач — система/программа;программы для учета отчетности;122;0;;программа для учета;общий
язык задач — система/программа;программа для учета остатков;122;0;;программа для учета;общий
язык задач — система/программа;информационная система управления проектами государственного заказчика;122;0;;система управления проектами;общий
язык задач — система/программа;системы юридически значимого электронного документооборота;122;0;;система документооборота;общий
язык задач — система/программа;список crm систем;122;0;;crm система;общий
язык задач — система/программа;системы crm bpm;122;0;;crm система;общий
язык задач — система/программа;система сбора статистической отчетности;122;0;;система отчетности;общий
создание и внедрение;техническое задание на автоматизированную информационную систему;122;0;;техническое задание на систему;общий
импортозамещение и закупка;требования по импортозамещению;122;0;;импортозамещение по;общий
импортозамещение и закупка;что значит закупки по 223 фз;122;0;;закупка по 223 фз;общий
ии и новое;платформа для создания ии агентов;122;0;;ии агент;общий
ии и новое;ии агент cursor;122;0;;ии агент;общий
данные и справочники;боевой мастер давай;122;0;;мастер данные;общий
конкуренты и бренды;notion скачать песня the rare;121;0;;notion;навигация
конкуренты и бренды;версии power bi desktop;121;0;;power bi;общий
конкуренты и бренды;анализ данных power bi;121;0;;power bi;общий
язык задач — учёт;ерп складской учет;121;0;;складской учет;общий
язык задач — учёт;складская программа учета товаров;121;0;;складской учет;общий
язык задач — учёт;учет достижений сотрудников;121;0;;учет сотрудников;общий
язык задач — учёт;подсистема кадровый учет;121;0;;кадровый учет;общий
язык задач — учёт;финансовый менеджмент и управленческий учет;121;0;;управленческий учет;общий
язык задач — учёт;управленческий учет образец;121;0;;управленческий учет;общий
язык задач — учёт;микротравмы на производстве учет;121;0;;учет производства;общий
язык задач — учёт;инвентарный журнал учета оборудования;121;0;;учет оборудования;общий
язык задач — учёт;оборудование какой счет бухгалтерского учета;121;0;;учет оборудования;общий
язык задач — система/программа;система учета и хранения данных;121;0;;система учета данных;общий
язык задач — система/программа;система документооборота архива;121;0;;система документооборота;общий
язык задач — система/программа;использование crm система;121;0;;crm система;общий
язык задач — система/программа;система bi amp;121;0;;bi система;общий
ии и новое;ии агент самостоятельно;121;0;;ии агент;общий
конкуренты и бренды;amocrm 1с;120;0;;amocrm;общий
конкуренты и бренды;скачать notion notes;120;0;;notion;навигация
конкуренты и бренды;таблицы google диск;120;0;;google таблицы;общий
конкуренты и бренды;готовые таблицы google;120;0;;google таблицы;общий
конкуренты и бренды;microsoft access создает;120;0;;microsoft access;общий
язык задач — учёт;бесплатный учет клиентов;120;0;;учет клиентов;общий
язык задач — учёт;цели принятия управленческого учета;120;0;;управленческий учет;общий
язык задач — учёт;учета сельскохозяйственного производства;120;0;;учет производства;общий
язык задач — учёт;доставка оборудование учет;120;0;;учет оборудования;общий
язык задач — учёт;учет оборудования и техники;120;0;;учет оборудования;общий
язык задач — учёт;ремонт автомобиля бухгалтерский учет;120;0;;учет ремонтов;общий
язык задач — учёт;снять с учета на ремонт;120;0;;учет ремонтов;общий
язык задач — система/программа;система управления проектами в сфере строительства;120;0;;система управления проектами;общий
язык задач — система/программа;банк система отчетность;120;0;;система отчетности;общий
задачи и боли Excel;вместо впр excel;120;0;;впр excel;выбор
создание и внедрение;производственный учет автоматизация;120;0;;автоматизация учета;общий
ии и новое;установка ии агента;120;0;;ии агент;общий
ии и новое;фото с помощью нейросети приложение;120;0;;приложение с помощью нейросети;общий
данные и справочники;сопоставление номенклатуры товаров;120;0;;сопоставление номенклатуры;общий
данные и справочники;мастер переноса данных;120;0;;мастер данные;общий
конкуренты и бренды;power bi помощь;119;0;;power bi;общий
конкуренты и бренды;microsoft word microsoft excel microsoft access;119;0;;microsoft access;общий
язык задач — учёт;приложения учет клиентов;119;0;;учет клиентов;общий
язык задач — учёт;складской учет ведется;119;0;;складской учет;общий
язык задач — учёт;складской учет материалов скачать;119;0;;складской учет;навигация
язык задач — учёт;кадровый учет кадровые данные сотрудника;119;0;;учет сотрудников;общий
язык задач — учёт;организация учета и контроля производства;119;0;;учет производства;общий
язык задач — учёт;принятие к учету ос оборудование;119;0;;учет оборудования;общий
язык задач — система/программа;планирование системы управления проектом;119;0;;система управления проектами;общий
язык задач — система/программа;система обязательной отчетности;119;0;;система отчетности;общий
импортозамещение и закупка;комиссия по закупкам 223 фз положение;119;0;;закупка по 223 фз;общий
ии и новое;ии агент разработать;119;0;;ии агент;общий
ии и новое;архитектура ии агента;119;0;;ии агент;общий
ии и новое;ии для автоматизации задач;119;0;;ии для автоматизации;общий
данные и справочники;дедупликация данных это;119;0;;дедупликация данных;учебное
конкуренты и бренды;планер google таблица;118;0;;google таблицы;общий
конкуренты и бренды;power bi эксель;118;0;;power bi;общий
язык задач — учёт;книга складского учета формы 17;118;0;;складской учет;общий
язык задач — учёт;форма м 17 книга складского учета;118;0;;складской учет;общий
язык задач — учёт;что делает сотрудник по воинскому учету;118;0;;учет сотрудников;общий
язык задач — учёт;кадровый учет и управление персоналом;118;0;;кадровый учет;общий
язык задач — учёт;управленческий учет подсистема учета;118;0;;управленческий учет;общий
язык задач — учёт;адеск управленческий учет;118;0;;управленческий учет;общий
язык задач — учёт;1с предприятие управленческий учет;118;0;;управленческий учет;общий
язык задач — учёт;почему управленческий учет;118;0;;управленческий учет;общий
язык задач — учёт;с целью учета закупок;118;0;;учет закупок;общий
язык задач — учёт;таблица учета оборудования;118;0;;учет оборудования;общий
язык задач — учёт;учет обращений скачать;118;0;;учет обращений;навигация
язык задач — система/программа;программы для учета книг;118;0;;программа для учета;общий
язык задач — система/программа;управление проектами для сложных систем;118;0;;система управления проектами;общий
язык задач — система/программа;к crm системам относится система;118;0;;crm система;общий
язык задач — система/программа;внедрение mes систем;118;0;;mes система;покупка
язык задач — система/программа;bi системы 1с;118;0;;bi система;общий
язык задач — система/программа;скачать программы для склада;118;0;;программа для склада;навигация
задачи и боли Excel;excel использование впр;118;0;;впр excel;общий
задачи и боли Excel;впр excel видео;118;0;;впр excel;общий
задачи и боли Excel;параметры сводной таблицы excel;118;0;;сводные таблицы excel;общий
создание и внедрение;внедрение 1с erp управление предприятием;118;0;;внедрение erp;покупка
импортозамещение и закупка;закупка через электронный магазин по 223 фз;118;0;;закупка по 223 фз;общий
импортозамещение и закупка;закупка не состоялась по 223 фз;118;0;;закупка по 223 фз;общий
импортозамещение и закупка;калькулятор закупок по 223 фз;118;0;;закупка по 223 фз;общий
импортозамещение и закупка;комиссия по осуществлению закупок 223 фз;118;0;;закупка по 223 фз;общий
ии и новое;как собрать ии агента;118;0;;ии агент;общий
ии и новое;ии агент pdf;118;0;;ии агент;общий
данные и справочники;компания мастер данных;118;0;;мастер данные;общий
конкуренты и бренды;the days notion перевод;117;0;;notion;общий
конкуренты и бренды;скачать песню notion the rare occasions;117;0;;notion;навигация
язык задач — учёт;база учета склада;117;0;;учет склада;общий
язык задач — учёт;складской учет компания;117;0;;складской учет;общий
язык задач — учёт;учет проезда сотрудников;117;0;;учет сотрудников;общий
язык задач — учёт;учет рабочего времени сотрудников организации;117;0;;учет сотрудников;общий
язык задач — учёт;учет рабочего времени сотрудника скачать;117;0;;учет сотрудников;навигация
язык задач — учёт;кадровый учет в 2026 году;117;0;;кадровый учет;общий
язык задач — учёт;кадровый учет обязателен;117;0;;кадровый учет;общий
язык задач — учёт;структура управленческого учета;117;0;;управленческий учет;общий
язык задач — учёт;управленческий учет основные средства;117;0;;управленческий учет;общий
язык задач — учёт;учет многоквартирных домов на капитальный ремонт;117;0;;учет ремонтов;общий
язык задач — учёт;ремонт приборов учета тепловой энергии;117;0;;учет ремонтов;общий
язык задач — учёт;ремонт смета учет;117;0;;учет ремонтов;общий
язык задач — система/программа;системами поддержки управления проектами;117;0;;система управления проектами;общий
язык задач — система/программа;разработка системы документооборота;117;0;;система документооборота;общий
язык задач — система/программа;4 системы электронного документооборота;117;0;;система документооборота;общий
язык задач — система/программа;система электронного документооборота это 477;117;0;;система документооборота;учебное
язык задач — система/программа;организация crm система;117;0;;crm система;общий
язык задач — система/программа;crm система сделка;117;0;;crm система;общий
язык задач — система/программа;платформы crm систем;117;0;;crm система;общий
язык задач — система/программа;учет и отчетность в системе финансов;117;0;;система отчетности;общий
задачи и боли Excel;как сравнивать таблицы в excel впр;117;0;;впр excel;общий
создание и внедрение;rpa автоматизация бизнес процессов;117;0;;автоматизация бизнес процессов;общий
импортозамещение и закупка;цели по импортозамещению;117;0;;импортозамещение по;общий
ии и новое;развитие ии агентов;117;0;;ии агент;общий
ии и новое;лучшие нейросети для бизнеса;117;0;;нейросеть для бизнеса;выбор
конкуренты и бренды;power bi количество;116;0;;power bi;общий
конкуренты и бренды;power bi обновления;116;0;;power bi;общий
конкуренты и бренды;app power bi;116;0;;power bi;общий
конкуренты и бренды;3 google forms;116;0;;google forms;общий
язык задач — учёт;учет заявок клиентов;116;0;;учет клиентов;общий
язык задач — учёт;учет по складам ведется;116;0;;учет склада;общий
язык задач — учёт;программа 1с складской учет;116;0;;складской учет;общий
язык задач — учёт;как вести воинский учет сотрудника;116;0;;учет сотрудников;общий
язык задач — учёт;учет сотрудников таблица excel;116;0;;учет сотрудников;общий
язык задач — учёт;учет производства продукции в 1с;116;0;;учет производства;общий
язык задач — учёт;учет производства продукции предприятия;116;0;;учет производства;общий
язык задач — учёт;как заполнить журнал учета холодильного оборудования;116;0;;учет оборудования;общий
язык задач — система/программа;программ для учета компьютеров;116;0;;программа для учета;общий
язык задач — система/программа;система электронного документооборота постановление правительства 477;116;0;;система документооборота;общий
язык задач — система/программа;что значит crm система;116;0;;crm система;общий
язык задач — система/программа;система планирования ресурсов erp;116;0;;erp система;общий
язык задач — система/программа;информационная система erp типа;116;0;;erp система;общий
язык задач — система/программа;erp система управление ресурсами;116;0;;erp система;общий
создание и внедрение;автоматизация бизнес процесса клиента;116;0;;автоматизация бизнес процессов;общий
импортозамещение и закупка;внесение в реестр отечественного по;116;0;;реестр отечественного по;общий
импортозамещение и закупка;импортозамещение в сфере по;116;0;;импортозамещение по;общий
данные и справочники;унф сопоставление номенклатуры;116;0;;сопоставление номенклатуры;общий
данные и справочники;дала интернет мастеру порно;116;0;;мастер данные;общий
данные и справочники;со скольки дают мастера спорта;116;0;;мастер данные;общий
конкуренты и бренды;amocrm заявки;115;0;;amocrm;общий
конкуренты и бренды;amocrm подключить;115;0;;amocrm;покупка
конкуренты и бренды;notion speed;115;0;;notion;общий
язык задач — учёт;бух учет склада;115;0;;учет склада;общий
язык задач — учёт;учет касс сотрудников;115;0;;учет сотрудников;общий
язык задач — учёт;налоговый учет питания сотрудников;115;0;;учет сотрудников;общий
язык задач — учёт;кадровый учет в уаис бюджетный учет;115;0;;кадровый учет;общий
язык задач — учёт;отражение в управленческом учете;115;0;;управленческий учет;общий
язык задач — учёт;управленческий учет обязателен;115;0;;управленческий учет;общий
язык задач — учёт;учет расходов на производство продукции;115;0;;учет производства;общий
язык задач — учёт;учет взносов на ремонт;115;0;;учет ремонтов;общий
язык задач — система/программа;программа для учета учащихся;115;0;;программа для учета;общий
язык задач — система/программа;риски проекта разработки системы управления;115;0;;система управления проектами;общий
язык задач — система/программа;система управления отдельными проектами;115;0;;система управления проектами;общий
создание и внедрение;задачи автоматизации учета;115;0;;автоматизация учета;общий
создание и внедрение;регламентированный учет комплексная автоматизация;115;0;;автоматизация учета;общий
импортозамещение и закупка;наименование закупки по 223 фз;115;0;;закупка по 223 фз;общий
данные и справочники;справочник номенклатура ут 11;115;0;;справочник номенклатуры;общий
конкуренты и бренды;заменить подпись в 1с;114;0;;заменить 1с;выбор
конкуренты и бренды;https www amocrm ru;114;0;;amocrm;общий
конкуренты и бренды;ссылка notion site;114;0;;notion;общий
конкуренты и бренды;google ru таблицы;114;0;;google таблицы;общий
конкуренты и бренды;ошибка таблицы google;114;0;;google таблицы;проблема
язык задач — учёт;хранение товара на складе учет;114;0;;учет склада;общий
язык задач — учёт;складской учет обучение;114;0;;складской учет;учебное
язык задач — учёт;список сотрудников воинский учет;114;0;;учет сотрудников;общий
язык задач — учёт;кадровый учет штатное расписание;114;0;;кадровый учет;общий
язык задач — учёт;системы бухгалтерского управленческого учета;114;0;;управленческий учет;общий
язык задач — учёт;ведение бухгалтерского управленческого учета;114;0;;управленческий учет;общий
язык задач — учёт;особенностью управленческого учета;114;0;;управленческий учет;общий
язык задач — учёт;цели финансового управленческого учета;114;0;;управленческий учет;общий
язык задач — учёт;организация управленческого учета предприятия;114;0;;управленческий учет;общий
язык задач — учёт;амортизация в управленческом учете;114;0;;управленческий учет;общий
язык задач — учёт;понятие учета производства;114;0;;учет производства;общий
язык задач — учёт;закупка прибора учета;114;0;;учет закупок;общий
язык задач — учёт;бухгалтерский учет ремонта оборудования;114;0;;учет оборудования;общий
язык задач — учёт;журнал учета переносного оборудования;114;0;;учет оборудования;общий
язык задач — учёт;учет в области обращения с отходами ведется;114;0;;учет обращений;общий
язык задач — учёт;специалист по табельному учету;114;0;;табельный учет;общий
язык задач — система/программа;программы для учета личных финансов;114;0;;программа для учета;общий
язык задач — система/программа;система управления проектами автоматизация;114;0;;система управления проектами;общий
язык задач — система/программа;автоматизированная информационная система электронного документооборота;114;0;;система документооборота;общий
язык задач — система/программа;хранение документов в системе электронного документооборота;114;0;;система документооборота;общий
язык задач — система/программа;erp система закупки;114;0;;erp система;общий
язык задач — система/программа;программа для работы на складе;114;0;;программа для склада;общий
задачи и боли Excel;ms excel сводные таблицы;114;0;;сводные таблицы excel;общий
создание и внедрение;внедрение информационных систем 2019;114;0;;внедрение информационной системы;покупка
создание и внедрение;техническое задание на технические системы безопасности;114;0;;техническое задание на систему;общий
импортозамещение и закупка;площадки для закупок по 223 фз;114;0;;закупка по 223 фз;общий
ии и новое;ии агенты практикум;114;0;;ии агент;общий
язык задач — учёт;учет заявок поставок;113;0;;учет заявок;общий
язык задач — учёт;таблица эксель учета склада;113;0;;учет склада;общий
язык задач — учёт;учет рабочего времени сотрудников 2025;113;0;;учет сотрудников;общий
язык задач — учёт;3 учет несчастных случаев на производстве;113;0;;учет производства;общий
язык задач — учёт;база учет оборудования;113;0;;учет оборудования;общий
язык задач — учёт;учет противопожарного оборудования;113;0;;учет оборудования;общий
язык задач — учёт;капитальный ремонт бюджетный учет;113;0;;учет ремонтов;общий
язык задач — учёт;учет рассмотрения обращения граждан;113;0;;учет обращений;общий
язык задач — система/программа;муниципальная система электронного документооборота;113;0;;система документооборота;общий
язык задач — система/программа;crm системы бизнес процесс;113;0;;crm система;общий
язык задач — система/программа;основные erp системы;113;0;;erp система;общий
язык задач — система/программа;системы отчетности о работе;113;0;;система отчетности;общий
создание и внедрение;русский конструктор приложений;113;0;;конструктор приложений;общий
создание и внедрение;автоматизация учета рабочего времени;113;0;;автоматизация учета;общий
создание и внедрение;автоматизация регламентированного учета 1с;113;0;;автоматизация учета;общий
создание и внедрение;прикладная информатика проектирование и внедрение информационных систем;113;0;;внедрение информационной системы;покупка
импортозамещение и закупка;закупки по субсидии по 223 фз;113;0;;закупка по 223 фз;общий
данные и справочники;сопоставление номенклатуры егаис;113;0;;сопоставление номенклатуры;общий
данные и справочники;сами дадут мастер и маргарита;113;0;;мастер данные;общий
конкуренты и бренды;1с заменить символы в строке;112;0;;заменить 1с;выбор
конкуренты и бренды;power bi desktop на русском скачать;112;0;;power bi;навигация
конкуренты и бренды;https yandex ru from tableau yabro;112;0;;tableau;общий
конкуренты и бренды;2 google forms;112;0;;google forms;общий
конкуренты и бренды;microsoft access x64;112;0;;microsoft access;общий
конкуренты и бренды;microsoft access 64 bit;112;0;;microsoft access;общий
язык задач — учёт;учет договоров по заказам;112;0;;учет заказов;общий
язык задач — учёт;таблица учета заказов;112;0;;учет заказов;общий
язык задач — учёт;складской учет продукции;112;0;;складской учет;общий
язык задач — учёт;бланки карточки складского учета;112;0;;складской учет;общий
язык задач — учёт;учет рабочего времени сотрудника по часам;112;0;;учет сотрудников;общий
язык задач — учёт;кадровый учет перевод;112;0;;кадровый учет;общий
язык задач — учёт;автоматизированные системы учета производства;112;0;;учет производства;общий
язык задач — учёт;ремонт офиса учет;112;0;;учет ремонтов;общий
язык задач — система/программа;электронная система crm;112;0;;crm система;общий
язык задач — система/программа;учетные системы erp;112;0;;erp система;общий
язык задач — система/программа;автоматизированные системы бланков строгой отчетности;112;0;;система отчетности;общий
язык задач — система/программа;бухсофт онлайн отчетность вход в систему;112;0;;система отчетности;навигация
язык задач — система/программа;программа для цветочного магазина;112;0;;программа для магазина;общий
создание и внедрение;разработка внедрение и сопровождение информационных систем;112;0;;внедрение информационной системы;покупка
ии и новое;ии агент gemini;112;0;;ии агент;общий
ии и новое;создание нейросети для бизнеса;112;0;;нейросеть для бизнеса;общий
данные и справочники;1с 8 справочник номенклатуры;112;0;;справочник номенклатуры;общий
конкуренты и бренды;power bi desktop скачать на русском бесплатно;111;0;;power bi;навигация
конкуренты и бренды;power bi data;111;0;;power bi;общий
конкуренты и бренды;access id microsoft;111;0;;microsoft access;общий
язык задач — учёт;информационная система учета клиентов;111;0;;учет клиентов;общий
язык задач — учёт;учет на производственном складе;111;0;;учет склада;общий
язык задач — учёт;кадровый учет виды;111;0;;кадровый учет;общий
язык задач — учёт;учет производства электроэнергии;111;0;;учет производства;общий
язык задач — учёт;бухгалтерский учет затрат на производство продукции;111;0;;учет производства;общий
язык задач — учёт;учет продукции собственное производство;111;0;;учет производства;общий
язык задач — учёт;проведение учета несчастного случая на производстве;111;0;;учет производства;общий
язык задач — учёт;учет производства алкогольной продукции;111;0;;учет производства;общий
язык задач — учёт;учет рабочего времени на производстве;111;0;;учет производства;общий
язык задач — учёт;учет выполненной работы на производстве;111;0;;учет производства;общий
язык задач — учёт;учет оборудования требующего монтажа;111;0;;учет оборудования;общий
язык задач — учёт;регламент учета оборудования;111;0;;учет оборудования;общий
язык задач — учёт;положение о табельном учете времени;111;0;;табельный учет;общий
язык задач — учёт;положение о табельном учете рабочего времени;111;0;;табельный учет;общий
язык задач — система/программа;программы учета для общепита;111;0;;программа для учета;общий
язык задач — система/программа;эффективность системы управления проектами;111;0;;система управления проектами;общий
язык задач — система/программа;база данных crm системы;111;0;;crm система;общий
задачи и боли Excel;как делать впр в excel;111;0;;впр excel;общий
создание и внедрение;автоматизация учета 1 с;111;0;;автоматизация учета;общий
импортозамещение и закупка;по в реестр отечественного программного обеспечения;111;0;;реестр отечественного по;общий
импортозамещение и закупка;импортозамещение по областям;111;0;;импортозамещение по;общий
импортозамещение и закупка;график закупок по 223 фз;111;0;;закупка по 223 фз;общий
импортозамещение и закупка;закупка с полки по 223 фз;111;0;;закупка по 223 фз;общий
импортозамещение и закупка;конкурентные способы закупки по 223 фз;111;0;;закупка по 223 фз;общий
конкуренты и бренды;amocrm imbox;110;0;;amocrm;общий
конкуренты и бренды;amocrm 2026;110;0;;amocrm;общий
конкуренты и бренды;скачать notion для windows;110;0;;notion;навигация
конкуренты и бренды;notion перевод на русский;110;0;;notion;общий
конкуренты и бренды;аналитик данных power bi;110;0;;power bi;общий
конкуренты и бренды;аналитика данных power bi;110;0;;power bi;общий
конкуренты и бренды;power bi подключения;110;0;;power bi;общий
язык задач — учёт;учет клиентов и продаж;110;0;;учет клиентов;общий
язык задач — учёт;карточка складского учета материалов форма;110;0;;складской учет;общий
язык задач — учёт;простая программа складского учета;110;0;;складской учет;общий
язык задач — учёт;электронный учет рабочего времени сотрудников;110;0;;учет сотрудников;общий
язык задач — учёт;карточка индивидуального учета сотрудника;110;0;;учет сотрудников;общий
язык задач — учёт;оперативный учет оборудования;110;0;;учет оборудования;общий
язык задач — система/программа;программа для учета заказа;110;0;;программа для учета;общий
язык задач — система/программа;программа для учета проектов;110;0;;программа для учета;общий
язык задач — система/программа;программа для учета пк;110;0;;программа для учета;общий
язык задач — система/программа;система управления проектами определение;110;0;;система управления проектами;общий
язык задач — система/программа;разработка и внедрение системы управления проектами;110;0;;система управления проектами;покупка
язык задач — система/программа;erp система организации;110;0;;erp система;общий
язык задач — система/программа;система интернет отчетности;110;0;;система отчетности;общий
создание и внедрение;автоматизация учета расходов;110;0;;автоматизация учета;общий
создание и внедрение;задачи внедрения информационной системы;110;0;;внедрение информационной системы;покупка
ии и новое;браузер с ии агентом;110;0;;ии агент;общий
данные и справочники;1с ут сопоставление номенклатуры;110;0;;сопоставление номенклатуры;общий
данные и справочники;остатки в справочнике номенклатуры;110;0;;справочник номенклатуры;общий
конкуренты и бренды;notion miro;109;0;;notion;общий
конкуренты и бренды;notion работа;109;0;;notion;общий
конкуренты и бренды;tableau excel;109;0;;tableau;общий
язык задач — учёт;бухгалтерский учет склад товар;109;0;;учет склада;общий
язык задач — учёт;учет склада вб;109;0;;учет склада;общий
язык задач — учёт;журнал учета инструктажа сотрудников;109;0;;учет сотрудников;общий
язык задач — учёт;кадровый учет прием на работу;109;0;;кадровый учет;общий
язык задач — учёт;кадровый учет рф;109;0;;кадровый учет;общий
язык задач — учёт;учет процесса производства продукции;109;0;;учет производства;общий
язык задач — система/программа;бухгалтерский учет программы для эвм;109;0;;программа для учета;общий
язык задач — система/программа;система управления инвестиционным проектом;109;0;;система управления проектами;общий
язык задач — система/программа;erp crm системы что это;109;0;;crm система;учебное
язык задач — система/программа;bi erp системы;109;0;;erp система;общий
язык задач — система/программа;разработка erp систем;109;0;;erp система;общий
язык задач — система/программа;erp система что это простыми;109;0;;erp система;учебное
язык задач — система/программа;система сбора отчетности росстата личный кабинет;109;0;;система отчетности;навигация
создание и внедрение;приложение лего конструктор;109;0;;конструктор приложений;общий
создание и внедрение;заказы на разработку программных;109;0;;разработка на заказ;общий
импортозамещение и закупка;производства по импортозамещению;109;0;;импортозамещение по;общий
конкуренты и бренды;notion android;108;0;;notion;общий
конкуренты и бренды;абуз notion;108;0;;notion;общий
конкуренты и бренды;google таблицы формы;108;0;;google таблицы;общий
конкуренты и бренды;google таблицы время;108;0;;google таблицы;общий
конкуренты и бренды;power bi продажи;108;0;;power bi;общий
язык задач — учёт;правила складского учета;108;0;;складской учет;общий
язык задач — учёт;учет кадровой информации;108;0;;кадровый учет;общий
язык задач — учёт;резерв на гарантийный ремонт в бухгалтерском учете;108;0;;учет ремонтов;общий
язык задач — система/программа;crm система клиентская;108;0;;crm система;общий
задачи и боли Excel;функция впр vlookup в excel;108;0;;впр excel;общий
задачи и боли Excel;excel сводная таблица пусто;108;0;;сводные таблицы excel;общий
создание и внедрение;процесс автоматизации бухгалтерского учета;108;0;;автоматизация учета;общий
создание и внедрение;внедрение автоматизированной информационной системы;108;0;;внедрение информационной системы;покупка
импортозамещение и закупка;закупки до 100 тысяч по 223 фз;108;0;;закупка по 223 фз;общий
ии и новое;ии агент тг;108;0;;ии агент;общий
конкуренты и бренды;notion funk;107;0;;notion;общий
конкуренты и бренды;notion api;107;0;;notion;общий
конкуренты и бренды;google таблицы сумма;107;0;;google таблицы;общий
язык задач — учёт;склад учет инструментов;107;0;;учет склада;общий
язык задач — учёт;форма складская книга учета материалов;107;0;;складской учет;общий
язык задач — учёт;система учета процесса производства;107;0;;учет производства;общий
язык задач — учёт;учет движения оборудования;107;0;;учет оборудования;общий
язык задач — учёт;учет спортивного оборудования;107;0;;учет оборудования;общий
язык задач — учёт;1с 8 учет оборудования;107;0;;учет оборудования;общий
язык задач — система/программа;программы для учета и управления;107;0;;программа для учета;общий
язык задач — система/программа;программы учета для андроид;107;0;;программа для учета;общий
язык задач — система/программа;crm система регистрация;107;0;;crm система;общий
язык задач — система/программа;система предоставления отчетности;107;0;;система отчетности;общий
задачи и боли Excel;обучение excel впр;107;0;;впр excel;учебное
создание и внедрение;автоматизация учета кадров;107;0;;автоматизация учета;общий
создание и внедрение;техническое задание на систему защиты информации;107;0;;техническое задание на систему;общий
импортозамещение и закупка;планы мероприятий по импортозамещению;107;0;;импортозамещение по;общий
импортозамещение и закупка;лимит закупок по 223 фз;107;0;;закупка по 223 фз;проблема
импортозамещение и закупка;участником закупки по 223 фз является;107;0;;закупка по 223 фз;общий
импортозамещение и закупка;максимальная цена закупки по 223 фз;107;0;;закупка по 223 фз;покупка
ии и новое;как запустить ии агента;107;0;;ии агент;общий
данные и справочники;программа давать мастер;107;0;;мастер данные;общий
данные и справочники;программа дам мастер;107;0;;мастер данные;общий
данные и справочники;за что дали заслуженного мастера спорта;107;0;;мастер данные;общий
данные и справочники;заслуженный мастер спорта за что дают;107;0;;мастер данные;общий
конкуренты и бренды;найти заменить 1с;106;0;;заменить 1с;выбор
конкуренты и бренды;notion взлом;106;0;;notion;общий
конкуренты и бренды;notion slowed скачать;106;0;;notion;навигация
конкуренты и бренды;google таблицы обучение;106;0;;google таблицы;учебное
язык задач — учёт;счета бухгалтерского учета склад;106;0;;учет склада;общий
язык задач — учёт;складской учет ценностей;106;0;;складской учет;общий
язык задач — учёт;карточка складского учета материалов форма м;106;0;;складской учет;общий
язык задач — учёт;кадровый учет электронно;106;0;;кадровый учет;общий
язык задач — учёт;упростили кадровый учет;106;0;;кадровый учет;общий
язык задач — учёт;упрощенный кадровый учет;106;0;;кадровый учет;общий
язык задач — учёт;ответственный за кадровый учет;106;0;;кадровый учет;общий
язык задач — учёт;учет неисправностей оборудования;106;0;;учет оборудования;общий
язык задач — учёт;журнал учета эксплуатации оборудования;106;0;;учет оборудования;общий
язык задач — система/программа;программа учета для сервиса;106;0;;программа для учета;общий
язык задач — система/программа;программы для ведения учета ип;106;0;;программа для учета;общий
язык задач — система/программа;программа для склада производства;106;0;;программа для склада;общий
создание и внедрение;автоматизация бизнес процессов производства;106;0;;автоматизация бизнес процессов;общий
импортозамещение и закупка;план график закупок по 223 фз;106;0;;закупка по 223 фз;общий
ии и новое;ии агенты claude code;106;0;;ии агент;общий
ии и новое;платформы для ии автоматизации;106;0;;ии для автоматизации;общий
данные и справочники;сестра дает мастер класс по сексу;106;0;;мастер данные;общий
конкуренты и бренды;notion speed up;105;0;;notion;общий
язык задач — учёт;база клиентов учет;105;0;;учет клиентов;общий
язык задач — учёт;учет склада ответственного хранения;105;0;;учет склада;общий
язык задач — учёт;движение складского учета;105;0;;складской учет;общий
язык задач — учёт;складской учет в экселе;105;0;;складской учет;общий
язык задач — учёт;складской учет в эксель;105;0;;складской учет;общий
язык задач — учёт;оборудование к установке счет учета;105;0;;учет оборудования;общий
язык задач — учёт;организация учета обращений граждан;105;0;;учет обращений;общий
язык задач — система/программа;программы для учета затрат;105;0;;программа для учета;общий
язык задач — система/программа;проект моделей систем управления;105;0;;система управления проектами;общий
задачи и боли Excel;впр по двум условиям в excel;105;0;;впр excel;общий
создание и внедрение;эффективности внедрения информационных систем;105;0;;внедрение информационной системы;покупка
импортозамещение и закупка;решения по импортозамещению;105;0;;импортозамещение по;общий
ии и новое;вайб кодинг скачать;105;0;;вайб кодинг;навигация
ии и новое;список ии агентов;105;0;;ии агент;общий
данные и справочники;1с бухгалтерия сопоставление номенклатуры;105;0;;сопоставление номенклатуры;общий
данные и справочники;как отменить сопоставление номенклатуры;105;0;;сопоставление номенклатуры;общий
конкуренты и бренды;рабочая таблица google таблицы;104;0;;google таблицы;общий
конкуренты и бренды;power bi курсы бесплатно;104;0;;power bi;учебное
язык задач — учёт;учет материальной помощи сотрудникам;104;0;;учет сотрудников;общий
язык задач — система/программа;программа для учета лицензий;104;0;;программа для учета;общий
язык задач — система/программа;скачать программу для ведения учета;104;0;;программа для учета;навигация
язык задач — система/программа;разработка проекта системы мониторинга и управления;104;0;;система управления проектами;общий
создание и внедрение;автоматизация 1с управленческий учет;104;0;;автоматизация учета;общий
создание и внедрение;процесс внедрения crm;104;0;;внедрение crm;покупка
создание и внедрение;разработка игр на заказ;104;0;;разработка на заказ;общий
импортозамещение и закупка;переходящие закупки по 223 фз;104;0;;закупка по 223 фз;общий
импортозамещение и закупка;нацрежим в закупках по 223 фз;104;0;;закупка по 223 фз;общий
ии и новое;как писать ии агентов;104;0;;ии агент;общий
данные и справочники;будете давать мастер класс;104;0;;мастер данные;общий
данные и справочники;мастер данные продукта;104;0;;мастер данные;общий
конкуренты и бренды;notion скачать бесплатно на андроид;103;0;;notion;навигация
конкуренты и бренды;notion ии;103;0;;notion;общий
конкуренты и бренды;реестр google таблицы;103;0;;google таблицы;общий
язык задач — учёт;учет ошибок на складах;103;0;;учет склада;общий
язык задач — учёт;книга складского учета скачать;103;0;;складской учет;навигация
язык задач — учёт;бланк складского учета материалов;103;0;;складской учет;общий
язык задач — учёт;инструкция складского учета;103;0;;складской учет;учебное
язык задач — учёт;складской учет материальных ценностей;103;0;;складской учет;общий
язык задач — учёт;воинский учет сотрудников ооо;103;0;;учет сотрудников;общий
язык задач — учёт;проверка кадрового учета;103;0;;кадровый учет;общий
язык задач — система/программа;программа для учета телефонов;103;0;;программа для учета;общий
язык задач — система/программа;информационная система управления проектами исуп;103;0;;система управления проектами;общий
язык задач — система/программа;эффективная система управления проектами;103;0;;система управления проектами;общий
язык задач — система/программа;российские crm системы;103;0;;crm система;общий
язык задач — система/программа;отчетность ип на общей системе;103;0;;система отчетности;общий
язык задач — система/программа;система внутреннего учета и отчетности;103;0;;система отчетности;общий
задачи и боли Excel;найти впр в excel;103;0;;впр excel;общий
задачи и боли Excel;группировка в сводной таблице excel;103;0;;сводные таблицы excel;общий
создание и внедрение;автоматизация учета и управления предприятием;103;0;;автоматизация учета;общий
создание и внедрение;бизнес процесс внедрения информационной системы;103;0;;внедрение информационной системы;покупка
создание и внедрение;разработка программного обеспечения на заказ;103;0;;разработка на заказ;общий
ии и новое;ии агент для игр;103;0;;ии агент;общий
ии и новое;kimi ии агент;103;0;;ии агент;общий
данные и справочники;нормализация справочников;103;0;;нормализация справочников;общий
конкуренты и бренды;внедрение amocrm;102;0;;amocrm;покупка
конкуренты и бренды;notion официальный сайт;102;0;;notion;навигация
конкуренты и бренды;notion трекер;102;0;;notion;общий
конкуренты и бренды;power bi обучение бесплатно;102;0;;power bi;учебное
конкуренты и бренды;power bi cats;102;0;;power bi;общий
конкуренты и бренды;файл microsoft access;102;0;;microsoft access;общий
язык задач — учёт;учет билетов для сотрудников;102;0;;учет сотрудников;общий
язык задач — учёт;2 учет рабочего времени сотрудников;102;0;;учет сотрудников;общий
язык задач — учёт;ведение табелей учета рабочего времени сотрудников;102;0;;учет сотрудников;общий
язык задач — учёт;учет офисного оборудования;102;0;;учет оборудования;общий
язык задач — учёт;оборудование кабинета учет;102;0;;учет оборудования;общий
язык задач — учёт;как отразить в учете капитальный ремонт;102;0;;учет ремонтов;общий
язык задач — учёт;учет ремонта товара;102;0;;учет ремонтов;общий
язык задач — система/программа;система оповещения и управления эвакуацией проект;102;0;;система управления проектами;общий
язык задач — система/программа;система crm используется;102;0;;crm система;общий
язык задач — система/программа;анализ bi систем;102;0;;bi система;общий
язык задач — система/программа;опсурт программа для склада;102;0;;программа для склада;общий
задачи и боли Excel;добавить поле в сводную таблицу excel;102;0;;сводные таблицы excel;общий
создание и внедрение;внедрение crm компании;102;0;;внедрение crm;покупка
создание и внедрение;техническому заданию на создание системы защиты;102;0;;техническое задание на систему;общий
ии и новое;ии агент клауд;102;0;;ии агент;общий
конкуренты и бренды;общие таблицы google;101;0;;google таблицы;общий
конкуренты и бренды;редактирование google таблиц;101;0;;google таблицы;общий
конкуренты и бренды;google таблицы с нуля;101;0;;google таблицы;общий
конкуренты и бренды;цвета power bi;101;0;;power bi;общий
конкуренты и бренды;power bi купить;101;0;;power bi;покупка
конкуренты и бренды;power bi ии;101;0;;power bi;общий
конкуренты и бренды;make zapier;101;0;;zapier;общий
конкуренты и бренды;access code microsoft;101;0;;microsoft access;общий
язык задач — учёт;формы учета на складах;101;0;;учет склада;общий
язык задач — учёт;сотрудник специального учета отдела специального учета;101;0;;учет сотрудников;общий
язык задач — учёт;зарплата кадровый учет 1с;101;0;;кадровый учет;учебное
язык задач — учёт;кадровый учет образование;101;0;;кадровый учет;общий
язык задач — учёт;аудит кадрового учета;101;0;;кадровый учет;общий
язык задач — учёт;автоматизация учета оборудования;101;0;;учет оборудования;общий
язык задач — учёт;купить журнал учета оборудования;101;0;;учет оборудования;покупка
язык задач — учёт;учет демонтажа оборудования;101;0;;учет оборудования;покупка
язык задач — учёт;порядок учета обращений граждан;101;0;;учет обращений;общий
язык задач — система/программа;программы для учета установленного по;101;0;;программа для учета;общий
язык задач — система/программа;объект управления в системе управления проектом;101;0;;система управления проектами;общий
язык задач — система/программа;программная система erp;101;0;;erp система;общий
язык задач — система/программа;патентная система отчетности;101;0;;система отчетности;общий
создание и внедрение;специалист по автоматизации бизнес процессов;101;0;;автоматизация бизнес процессов;общий
создание и внедрение;разработка и внедрение прикладных информационных систем;101;0;;внедрение информационной системы;покупка
импортозамещение и закупка;закупка без договора по 223 фз;101;0;;закупка по 223 фз;общий
ии и новое;новости агент ии;101;0;;ии агент;общий
конкуренты и бренды;amocrm почта;100;0;;amocrm;общий
конкуренты и бренды;notion web;100;0;;notion;общий
конкуренты и бренды;google таблицы эксель;100;0;;google таблицы;общий
конкуренты и бренды;сводная таблица google sheets;100;0;;google таблицы;общий
конкуренты и бренды;1 microsoft access;100;0;;microsoft access;общий
язык задач — учёт;учет задач клиента;100;0;;учет клиентов;общий
язык задач — учёт;журнал учета клиентов;100;0;;учет клиентов;общий
язык задач — учёт;учет производственных заказов;100;0;;учет заказов;общий
язык задач — учёт;как настроить учет по складам в 1с;100;0;;учет склада;общий
язык задач — учёт;учет времени прихода сотрудников;100;0;;учет сотрудников;общий
язык задач — учёт;учет задолженности сотрудников;100;0;;учет сотрудников;общий
язык задач — учёт;новое в кадровом учете;100;0;;кадровый учет;общий
язык задач — учёт;учет безвозмездного пользования оборудования;100;0;;учет оборудования;общий
язык задач — система/программа;какие программы для ведения учета;100;0;;программа для учета;общий
язык задач — система/программа;интегрированные системы управления проектами;100;0;;система управления проектами;общий
язык задач — система/программа;безопасность систем управления проектами;100;0;;система управления проектами;общий
язык задач — система/программа;управление проектом внедрения информационной системы;100;0;;система управления проектами;покупка
язык задач — система/программа;crm система управление продажами;100;0;;crm система;общий
язык задач — система/программа;русская система crm;100;0;;crm система;общий
язык задач — система/программа;поддержка crm системы;100;0;;crm система;общий
язык задач — система/программа;информационная система сбора отчетности;100;0;;система отчетности;общий
задачи и боли Excel;excel найти сводную таблицу;100;0;;сводные таблицы excel;общий
создание и внедрение;автоматизация системы бухгалтерского учета;100;0;;автоматизация учета;общий
создание и внедрение;внедрение и эксплуатация информационных систем;100;0;;внедрение информационной системы;покупка
импортозамещение и закупка;приказы по импортозамещению;100;0;;импортозамещение по;общий
импортозамещение и закупка;отдел закупок по 223 фз;100;0;;закупка по 223 фз;общий
ии и новое;ии агент телеграмм;100;0;;ии агент;общий
данные и справочники;давать ключи мастерам;100;0;;мастер данные;общий
данные и справочники;ооо мастер данных;100;0;;мастер данные;общий
данные и справочники;со скольки лет дают мастера спорта;100;0;;мастер данные;общий
данные и справочники;дала мастеру 18;100;0;;мастер данные;общий
конкуренты и бренды;amocrm чаты;99;0;;amocrm;общий
конкуренты и бренды;notion на русском песня;99;0;;notion;общий
конкуренты и бренды;tableau sql;99;0;;tableau;общий
конкуренты и бренды;драйвер microsoft access;99;0;;microsoft access;общий
язык задач — учёт;простой учет склада;99;0;;учет склада;общий
язык задач — учёт;карточка складского учета материалов форма м 17;99;0;;складской учет;общий
язык задач — учёт;учет персонала и кадровый учет организации;99;0;;кадровый учет;общий
язык задач — учёт;стоимость кадрового учета;99;0;;кадровый учет;покупка
язык задач — учёт;учет ремонта арендованного имущества;99;0;;учет ремонтов;общий
язык задач — учёт;учет ремонта арендованного помещения;99;0;;учет ремонтов;общий
язык задач — учёт;осуществлять учет обращений;99;0;;учет обращений;общий
язык задач — система/программа;программа для учета инструмента;99;0;;программа для учета;общий
язык задач — система/программа;crm система скачать;99;0;;crm система;навигация
язык задач — система/программа;регистрация в системе сдачи отчетности фнс россии;99;0;;система отчетности;общий
задачи и боли Excel;формула впр в excel для сравнения;99;0;;впр excel;выбор
задачи и боли Excel;excel сводная таблица уникальные значения;99;0;;сводные таблицы excel;общий
задачи и боли Excel;простая сводная таблица в excel;99;0;;сводные таблицы excel;общий
создание и внедрение;конструктор приложений новый;99;0;;конструктор приложений;общий
импортозамещение и закупка;сроки проведения закупок по 223 фз;99;0;;закупка по 223 фз;общий
импортозамещение и закупка;описание объекта закупки по 223 фз;99;0;;закупка по 223 фз;общий
импортозамещение и закупка;закупка автомобиль по 223 фз;99;0;;закупка по 223 фз;общий
импортозамещение и закупка;инструкция план закупок по 223 фз;99;0;;закупка по 223 фз;учебное
ии и новое;вайб кодинг агенты;99;0;;вайб кодинг;общий
данные и справочники;восстановление данных мастер;99;0;;мастер данные;общий
конкуренты и бренды;notion please;98;0;;notion;общий
конкуренты и бренды;notion d;98;0;;notion;общий
язык задач — учёт;учет заказов приложение;98;0;;учет заказов;общий
язык задач — учёт;учет заявок на перевозку;98;0;;учет заявок;общий
язык задач — учёт;виды складского учета;98;0;;складской учет;общий
язык задач — учёт;карточка складского учета материалов бланк;98;0;;складской учет;общий
язык задач — учёт;складской учет какие документы;98;0;;складской учет;общий
язык задач — учёт;учет нахождения сотрудников;98;0;;учет сотрудников;общий
язык задач — учёт;журнал учета обращений субъектов данных;98;0;;учет обращений;общий
язык задач — учёт;учет обращений субъектов персональных данных;98;0;;учет обращений;общий
язык задач — система/программа;программа для учета информации;98;0;;программа для учета;общий
язык задач — система/программа;программа для учета ооо;98;0;;программа для учета;общий
язык задач — система/программа;система управления инновационными проектами;98;0;;система управления проектами;общий
язык задач — система/программа;лучшие программы для магазина;98;0;;программа для магазина;выбор
создание и внедрение;1с комплексная автоматизация регламентированный учет;98;0;;автоматизация учета;общий
создание и внедрение;управление предприятием в условиях цифровизации;98;0;;цифровизация предприятия;общий
импортозамещение и закупка;закупки по 223 фз в 2025;98;0;;закупка по 223 фз;общий
импортозамещение и закупка;закупки по 223 фз отличие 44;98;0;;закупка по 223 фз;общий
ии и новое;claude вайб кодинг;98;0;;вайб кодинг;общий
ии и новое;ии агенты бесплатный курс;98;0;;ии агент;учебное
ии и новое;нейросеть с ии агентами;98;0;;ии агент;общий
ии и новое;ии агенты для написания кода;98;0;;ии агент;общий
конкуренты и бренды;как в 1с заменить сертификат эцп;97;0;;заменить 1с;выбор
конкуренты и бренды;notion t;97;0;;notion;общий
конкуренты и бренды;нейросеть notion ai;97;0;;notion;общий
конкуренты и бренды;notion на айфон;97;0;;notion;общий
конкуренты и бренды;power bi настройка;97;0;;power bi;общий
конкуренты и бренды;1с power bi;97;0;;power bi;общий
конкуренты и бренды;microsoft access sql;97;0;;microsoft access;общий
язык задач — учёт;учет и управление клиентами;97;0;;учет клиентов;общий
язык задач — учёт;учет поступающих заявок;97;0;;учет заявок;общий
язык задач — учёт;раздел учета товары на складах;97;0;;учет склада;общий
язык задач — учёт;склад учет и контроль;97;0;;учет склада;общий
язык задач — учёт;учет выполненных работ сотрудников;97;0;;учет сотрудников;общий
язык задач — учёт;как поставить сотрудника на воинский учет;97;0;;учет сотрудников;общий
язык задач — учёт;кадровый учет расчет зарплаты;97;0;;кадровый учет;учебное
язык задач — учёт;военно кадровый учет;97;0;;кадровый учет;общий
язык задач — учёт;цель ведение кадрового и бухгалтерского учета;97;0;;кадровый учет;общий
язык задач — учёт;кадровые журналы учета;97;0;;кадровый учет;общий
язык задач — учёт;кадровый учет документооборот;97;0;;кадровый учет;общий
язык задач — учёт;постановка на учет оборудования в ростехнадзоре;97;0;;учет оборудования;общий
язык задач — учёт;журнал учета обращений субъектов персональных данных;97;0;;учет обращений;общий
язык задач — учёт;учет входящих обращений;97;0;;учет обращений;навигация
язык задач — система/программа;руководитель система управления проектами;97;0;;система управления проектами;общий
язык задач — система/программа;система управления проектами включает;97;0;;система управления проектами;общий
язык задач — система/программа;корпоративные информационные системы crm;97;0;;crm система;общий
язык задач — система/программа;сделать crm систему;97;0;;crm система;общий
язык задач — система/программа;crm системы таблица;97;0;;crm система;общий
язык задач — система/программа;erp системы в россии;97;0;;erp система;общий
язык задач — система/программа;информационно аналитическая система отчетности;97;0;;система отчетности;общий
язык задач — система/программа;система бухгалтерского учета и финансовой отчетности;97;0;;система отчетности;общий
задачи и боли Excel;впр формула excel пример;97;0;;впр excel;учебное
импортозамещение и закупка;подведение итогов закупки по 223 фз;97;0;;закупка по 223 фз;общий
импортозамещение и закупка;законодательство по закупкам 223 фз;97;0;;закупка по 223 фз;общий
импортозамещение и закупка;закупки среди мсп по 223 фз;97;0;;закупка по 223 фз;общий
ии и новое;ии агенты гпт;97;0;;ии агент;общий
ии и новое;бесплатный ии агент для программирования;97;0;;ии агент;общий
данные и справочники;обработка справочника номенклатуры;97;0;;справочник номенклатуры;общий
данные и справочники;книга мастер данные;97;0;;мастер данные;общий
конкуренты и бренды;notion на компьютере;96;0;;notion;общий
конкуренты и бренды;power bi просто;96;0;;power bi;общий
конкуренты и бренды;загрузить power bi;96;0;;power bi;общий
конкуренты и бренды;формат power bi;96;0;;power bi;общий
конкуренты и бренды;docs google com forms u;96;0;;google forms;общий
язык задач — учёт;журнал учета товара на складе;96;0;;учет склада;общий
язык задач — учёт;учет запчастей на складе;96;0;;учет склада;общий
язык задач — учёт;складской учет требования;96;0;;складской учет;общий
язык задач — учёт;учет вознаграждения сотрудников;96;0;;учет сотрудников;общий
язык задач — учёт;информационная система кадровый учет;96;0;;кадровый учет;общий
язык задач — учёт;1с персонал и кадровый учет;96;0;;кадровый учет;общий
язык задач — учёт;закупки раздельного учета;96;0;;учет закупок;общий
язык задач — учёт;учет котельного оборудования;96;0;;учет оборудования;общий
язык задач — система/программа;бесплатные программы для учета времени;96;0;;программа для учета;общий
язык задач — система/программа;программы для учета отпусков;96;0;;программа для учета;общий
язык задач — система/программа;организационная система управления проектом;96;0;;система управления проектами;общий
язык задач — система/программа;системы управления проектами 2026;96;0;;система управления проектами;общий
язык задач — система/программа;рейтинг crm систем;96;0;;crm система;выбор
язык задач — система/программа;российские bi системы;96;0;;bi система;общий
задачи и боли Excel;как работает сводная таблица в excel;96;0;;сводные таблицы excel;общий
задачи и боли Excel;excel уровень сводных таблиц;96;0;;сводные таблицы excel;общий
создание и внедрение;ит автоматизация бизнес процессов;96;0;;автоматизация бизнес процессов;общий
создание и внедрение;автоматизация налогового учета 1с;96;0;;автоматизация учета;общий
создание и внедрение;внедрение erp на предприятии;96;0;;внедрение erp;покупка
импортозамещение и закупка;работа по импортозамещению;96;0;;импортозамещение по;общий
конкуренты и бренды;notion файл;95;0;;notion;общий
конкуренты и бренды;notion в браузере;95;0;;notion;общий
конкуренты и бренды;установить microsoft access;95;0;;microsoft access;общий
конкуренты и бренды;microsoft access версия;95;0;;microsoft access;общий
язык задач — учёт;учет платежей клиентов;95;0;;учет клиентов;общий
язык задач — учёт;учет затрат склад;95;0;;учет склада;общий
язык задач — учёт;учет складского хозяйства;95;0;;складской учет;общий
язык задач — учёт;программа учет сотрудников организации;95;0;;учет сотрудников;общий
язык задач — учёт;учет интересов сотрудников;95;0;;учет сотрудников;общий
язык задач — учёт;монтаж оборудования счет учета;95;0;;учет оборудования;общий
язык задач — учёт;ремонт и поверка приборов учета;95;0;;учет ремонтов;общий
язык задач — учёт;текущий ремонт в бухгалтерском учете;95;0;;учет ремонтов;общий
язык задач — учёт;учет взносов на капитальный ремонт;95;0;;учет ремонтов;общий
язык задач — система/программа;программа для учета показаний;95;0;;программа для учета;общий
язык задач — система/программа;программа для учета заявок;95;0;;программа для учета;общий
язык задач — система/программа;программа для учета доходов и расходов бесплатно;95;0;;программа для учета;навигация
язык задач — система/программа;внедрение корпоративной системы управления проектами;95;0;;система управления проектами;покупка
язык задач — система/программа;crm erp bpm системы;95;0;;crm система;общий
язык задач — система/программа;внедрил crm систему;95;0;;crm система;общий
язык задач — система/программа;crm система купить;95;0;;crm система;покупка
язык задач — система/программа;настройка crm системы;95;0;;crm система;общий
язык задач — система/программа;к erp системам относится;95;0;;erp система;общий
язык задач — система/программа;разработка системы отчетности;95;0;;система отчетности;общий
язык задач — система/программа;программа 1 с для склада;95;0;;программа для склада;общий
задачи и боли Excel;готовая таблица в excel для учета расхода;95;0;;excel для учета;общий
создание и внедрение;компании внедрение erp;95;0;;внедрение erp;покупка
создание и внедрение;области внедрения информационных систем;95;0;;внедрение информационной системы;покупка
создание и внедрение;внедрение информационных систем в здравоохранении;95;0;;внедрение информационной системы;покупка
ии и новое;ии агент на телефон;95;0;;ии агент;общий
ии и новое;для чего нужен ии агент;95;0;;ии агент;общий
ии и новое;ии агент база данных;95;0;;ии агент;общий
ии и новое;бесплатные ии агенты для vs;95;0;;ии агент;общий
данные и справочники;сопоставление номенклатуры в 1с 8.3;95;0;;сопоставление номенклатуры;общий
конкуренты и бренды;битрикс amocrm;94;0;;amocrm;общий
конкуренты и бренды;новая amocrm;94;0;;amocrm;общий
конкуренты и бренды;notion team;94;0;;notion;общий
конкуренты и бренды;как поменять язык в notion;94;0;;notion;общий
конкуренты и бренды;notion английский;94;0;;notion;общий
конкуренты и бренды;инструменты google таблицы;94;0;;google таблицы;общий
конкуренты и бренды;power bi dashboard;94;0;;power bi;общий
конкуренты и бренды;microsoft access database engine 2016 redistributable;94;0;;microsoft access;общий
язык задач — учёт;заявка на кадастровый учет;94;0;;учет заявок;общий
язык задач — учёт;товарный учет на складе;94;0;;учет склада;общий
язык задач — учёт;книга складского учета материалов м 17;94;0;;складской учет;общий
язык задач — учёт;учет мнений сотрудников;94;0;;учет сотрудников;общий
язык задач — учёт;бухгалтерский налоговый и кадровый учет;94;0;;кадровый учет;общий
язык задач — учёт;кадровый учет документация;94;0;;кадровый учет;общий
язык задач — учёт;кадровое дело и кадровый учет;94;0;;кадровый учет;общий
язык задач — учёт;учет импортного оборудования;94;0;;учет оборудования;общий
язык задач — система/программа;программа для учета медицинской;94;0;;программа для учета;общий
язык задач — система/программа;топ crm систем;94;0;;crm система;выбор
язык задач — система/программа;программа для карточек магазинов;94;0;;программа для магазина;общий
задачи и боли Excel;сводная таблица excel сумма;94;0;;сводные таблицы excel;общий
создание и внедрение;разработка программ на заказ;94;0;;разработка на заказ;общий
импортозамещение и закупка;проведения конкурентной закупки по 223 фз;94;0;;закупка по 223 фз;общий
ии и новое;сравнение ии агентов;94;0;;ии агент;выбор
ии и новое;бесплатные ии агенты для vs code;94;0;;ии агент;общий
ии и новое;ии агент мира;94;0;;ии агент;общий
язык задач — учёт;складской учет для производства;93;0;;складской учет;общий
язык задач — учёт;учет эффективности сотрудников;93;0;;учет сотрудников;общий
язык задач — учёт;лабораторное оборудование учет;93;0;;учет оборудования;общий
язык задач — учёт;журнал учета технологического оборудования;93;0;;учет оборудования;общий
язык задач — учёт;учет выданного оборудования;93;0;;учет оборудования;общий
язык задач — учёт;какое оборудование подлежит учету в ростехнадзоре;93;0;;учет оборудования;общий
язык задач — учёт;контроль и учет работы оборудования;93;0;;учет оборудования;общий
язык задач — система/программа;бухгалтерский учет для ип программа;93;0;;программа для учета;общий
язык задач — система/программа;crm система документы;93;0;;crm система;общий
язык задач — система/программа;система контроля crm;93;0;;crm система;общий
язык задач — система/программа;система консолидированной отчетности;93;0;;система отчетности;общий
задачи и боли Excel;excel впр убрать н д;93;0;;впр excel;общий
задачи и боли Excel;функция впр excel значение;93;0;;впр excel;общий
создание и внедрение;автоматизация учета затрат;93;0;;автоматизация учета;общий
импортозамещение и закупка;требования реестр отечественного по;93;0;;реестр отечественного по;общий
импортозамещение и закупка;преимущества закупок по 223 фз;93;0;;закупка по 223 фз;общий
импортозамещение и закупка;закупки по 223 фз москва;93;0;;закупка по 223 фз;общий
импортозамещение и закупка;начальная цена закупки по 223 фз;93;0;;закупка по 223 фз;покупка
ии и новое;сервер для ии агента;93;0;;ии агент;общий
ии и новое;бесплатные ии агенты для кодинга;93;0;;ии агент;общий
данные и справочники;описание справочника номенклатура;93;0;;справочник номенклатуры;общий
данные и справочники;объект мастер данных;93;0;;мастер данные;общий
конкуренты и бренды;amocrm 2;92;0;;amocrm;общий
конкуренты и бренды;гугл таблица docs google com;92;0;;google таблицы;общий
конкуренты и бренды;google forms создать тесты;92;0;;google forms;учебное
язык задач — учёт;1с складской учет товаров;92;0;;складской учет;общий
язык задач — учёт;услуги складского учета;92;0;;складской учет;общий
язык задач — учёт;базы кадрового учета;92;0;;кадровый учет;общий
язык задач — учёт;ремонт прибора учета воды;92;0;;учет ремонтов;общий
язык задач — учёт;учет ремонта автотранспортных средств;92;0;;учет ремонтов;общий
язык задач — система/программа;программы для учета домашних;92;0;;программа для учета;общий
язык задач — система/программа;программы для учета приборов;92;0;;программа для учета;общий
язык задач — система/программа;система управления бюджетом проектов;92;0;;система управления проектами;общий
язык задач — система/программа;структура системы управления проектом;92;0;;система управления проектами;общий
язык задач — система/программа;crm система услуги;92;0;;crm система;общий
язык задач — система/программа;личная crm система;92;0;;crm система;общий
язык задач — система/программа;crm система позволяет;92;0;;crm система;общий
язык задач — система/программа;crm система научиться;92;0;;crm система;общий
язык задач — система/программа;erp системы позволяют;92;0;;erp система;общий
язык задач — система/программа;программа для магазинов название;92;0;;программа для магазина;общий
задачи и боли Excel;впр с несколькими условиями в excel;92;0;;впр excel;общий
задачи и боли Excel;таблицы excel впр для чайников;92;0;;впр excel;учебное
создание и внедрение;автоматизация бизнес процессов проект;92;0;;автоматизация бизнес процессов;общий
импортозамещение и закупка;образцы приказов по закупкам 223 фз;92;0;;закупка по 223 фз;общий
ии и новое;вайб кодинг создать сайт;92;0;;вайб кодинг;общий
конкуренты и бренды;notion не работает;91;0;;notion;проблема
конкуренты и бренды;работает ли notion в россии;91;0;;notion;общий
конкуренты и бренды;notion the rare текст;91;0;;notion;общий
конкуренты и бренды;уроки google таблицы;91;0;;google таблицы;учебное
конкуренты и бренды;гугл таблицы https docs google com;91;0;;google таблицы;общий
конкуренты и бренды;power bi страницы;91;0;;power bi;общий
конкуренты и бренды;power bi открыть;91;0;;power bi;общий
конкуренты и бренды;microsoft access создание;91;0;;microsoft access;общий
язык задач — учёт;учет заказов предприятия;91;0;;учет заказов;общий
язык задач — учёт;учет магазин склад;91;0;;учет склада;общий
язык задач — учёт;учет в программе 1с склад;91;0;;учет склада;общий
язык задач — учёт;книга складского учета материалов форма м 17;91;0;;складской учет;общий
язык задач — учёт;складской учет и продажи;91;0;;складской учет;общий
язык задач — учёт;ведение кадрового учета услуги;91;0;;кадровый учет;общий
язык задач — учёт;учет бюджета ремонта;91;0;;учет ремонтов;общий
язык задач — система/программа;программа учета для автосервиса;91;0;;программа для учета;общий
язык задач — система/программа;какие crm системы существуют;91;0;;crm система;общий
язык задач — система/программа;пользователи crm системы;91;0;;crm система;общий
язык задач — система/программа;использование erp систем;91;0;;erp система;общий
язык задач — система/программа;производственная система mes;91;0;;mes система;общий
создание и внедрение;конструктор мини приложений;91;0;;конструктор приложений;общий
создание и внедрение;комплексная автоматизация управленческий учет;91;0;;автоматизация учета;общий
создание и внедрение;внедрению 1c erp;91;0;;внедрение erp;покупка
создание и внедрение;варианты внедрения информационных систем;91;0;;внедрение информационной системы;покупка
импортозамещение и закупка;зарегистрировать в реестре отечественного по;91;0;;реестр отечественного по;общий
конкуренты и бренды;заменить в коде 1с;90;0;;заменить 1с;выбор
конкуренты и бренды;amocrm видео;90;0;;amocrm;общий
конкуренты и бренды;notion notes tasks ai скачать;90;0;;notion;навигация
конкуренты и бренды;текст песни notion;90;0;;notion;общий
конкуренты и бренды;google таблицы выпадающий список;90;0;;google таблицы;общий
конкуренты и бренды;google таблицы презентация;90;0;;google таблицы;общий
конкуренты и бренды;power bi вход;90;0;;power bi;навигация
конкуренты и бренды;microsoft access odbc;90;0;;microsoft access;общий
язык задач — учёт;учет приема клиентов;90;0;;учет клиентов;общий
язык задач — учёт;учет заявок на расход;90;0;;учет заявок;общий
язык задач — учёт;как включить учет по складам;90;0;;учет склада;общий
язык задач — учёт;учет сырья на складе;90;0;;учет склада;общий
язык задач — учёт;журнал учета влажности в складских помещениях пищеблока;90;0;;складской учет;общий
язык задач — учёт;1с предприятие складской учет;90;0;;складской учет;общий
язык задач — учёт;зуп настройка кадровый учет;90;0;;кадровый учет;общий
язык задач — учёт;ремонт инструмента учет;90;0;;учет ремонтов;общий
язык задач — учёт;учет капитальных ремонтов оборудования;90;0;;учет ремонтов;общий
язык задач — система/программа;система планирования ресурсов производства;90;0;;система планирования производства;общий
язык задач — система/программа;цели crm системы;90;0;;crm система;общий
язык задач — система/программа;o crm система;90;0;;crm система;общий
язык задач — система/программа;какая отчетность на общей системе;90;0;;система отчетности;общий
язык задач — система/программа;работа с bi системами;90;0;;bi система;общий
язык задач — система/программа;программа для торговли в магазине;90;0;;программа для магазина;общий
задачи и боли Excel;сумма впр excel;90;0;;впр excel;общий
задачи и боли Excel;впр excel 0;90;0;;впр excel;общий
задачи и боли Excel;как построить сводную таблицу в excel;90;0;;сводные таблицы excel;общий
задачи и боли Excel;excel таблицы для учета приходов;90;0;;excel для учета;общий
создание и внедрение;автоматизация моделирования бизнес процессов;90;0;;автоматизация бизнес процессов;общий
создание и внедрение;внедрение erp производство;90;0;;внедрение erp;покупка
создание и внедрение;техническое задание на развитие системы;90;0;;техническое задание на систему;общий
импортозамещение и закупка;тип закупки по 223 фз;90;0;;закупка по 223 фз;общий
импортозамещение и закупка;закупка по лотам 223 фз;90;0;;закупка по 223 фз;общий
ии и новое;скилы для ии агентов;90;0;;ии агент;общий
ии и новое;ии агенты роли;90;0;;ии агент;общий
данные и справочники;справочник номенклатура поставщика;90;0;;справочник номенклатуры;общий
конкуренты и бренды;amocrm contacts;89;0;;amocrm;общий
конкуренты и бренды;скачать музыку notion;89;0;;notion;навигация
конкуренты и бренды;таблица продаж google таблицы;89;0;;google таблицы;общий
конкуренты и бренды;op tableau;89;0;;tableau;общий
конкуренты и бренды;google forms создать опрос;89;0;;google forms;общий
конкуренты и бренды;microsoft access type;89;0;;microsoft access;общий
язык задач — учёт;учет заказов и склад;89;0;;учет заказов;общий
язык задач — учёт;учет на складе продуктов;89;0;;учет склада;общий
язык задач — учёт;складской учет купить;89;0;;складской учет;покупка
язык задач — система/программа;программа для учета продаж бесплатно;89;0;;программа для учета;навигация
язык задач — система/программа;программы для магазина пятерочка;89;0;;программа для магазина;общий
создание и внедрение;техническое задание на модернизацию системы;89;0;;техническое задание на систему;общий
импортозамещение и закупка;оборудование по импортозамещению;89;0;;импортозамещение по;общий
импортозамещение и закупка;должностная специалиста по закупкам 223 фз;89;0;;закупка по 223 фз;общий
импортозамещение и закупка;какие способы закупки по 223 фз;89;0;;закупка по 223 фз;общий
импортозамещение и закупка;закупки по 223 фз официальный сайт;89;0;;закупка по 223 фз;навигация
ии и новое;ии агент для маркетплейсов;89;0;;ии агент;общий
данные и справочники;как изменить сопоставление номенклатуры в эдо;89;0;;сопоставление номенклатуры;общий
данные и справочники;справочник медицинской номенклатуры;89;0;;справочник номенклатуры;общий
данные и справочники;мастер данные источники данных;89;0;;мастер данные;общий
конкуренты и бренды;1с отчетность заменить сертификат;88;0;;заменить 1с;выбор
конкуренты и бренды;notion подписка купить;88;0;;notion;покупка
конкуренты и бренды;notion 3;88;0;;notion;общий
конкуренты и бренды;использование power bi;88;0;;power bi;общий
язык задач — учёт;таблицы учета товаров склад;88;0;;учет склада;общий
язык задач — учёт;отдел складского учета;88;0;;складской учет;общий
язык задач — учёт;кадровый учет скачать;88;0;;кадровый учет;навигация
язык задач — учёт;бухгалтерский учет ремонта здания;88;0;;учет ремонтов;общий
язык задач — учёт;учет резерва на ремонт основных средств;88;0;;учет ремонтов;общий
язык задач — система/программа;программы для учета занятий;88;0;;программа для учета;общий
язык задач — система/программа;программа для учета ремонтов;88;0;;программа для учета;общий
язык задач — система/программа;программы для учета документов в организации;88;0;;программа для учета;общий
язык задач — система/программа;программы для учета персонала;88;0;;программа для учета;общий
язык задач — система/программа;система управления проектами россия;88;0;;система управления проектами;общий
язык задач — система/программа;система работы клиентами crm;88;0;;crm система;общий
язык задач — система/программа;единая система сбора отчетности;88;0;;система отчетности;общий
язык задач — система/программа;нужна программа для магазина;88;0;;программа для магазина;общий
задачи и боли Excel;как сделать впр двух таблиц excel;88;0;;впр excel;общий
создание и внедрение;автоматизация раздельного учета;88;0;;автоматизация учета;общий
импортозамещение и закупка;внести по реестр отечественного по;88;0;;реестр отечественного по;общий
импортозамещение и закупка;задачи по импортозамещению;88;0;;импортозамещение по;общий
импортозамещение и закупка;центры по импортозамещению;88;0;;импортозамещение по;общий
импортозамещение и закупка;по импортозамещению продукции;88;0;;импортозамещение по;общий
импортозамещение и закупка;контроль закупок по 223 фз;88;0;;закупка по 223 фз;общий
ии и новое;персональный ии агент;88;0;;ии агент;общий
ии и новое;ии агент от сбера;88;0;;ии агент;общий
ии и новое;запуск ии агента;88;0;;ии агент;общий
ии и новое;нейросети для бизнеса яндекс;88;0;;нейросеть для бизнеса;общий
данные и справочники;где в 1с сопоставление номенклатуры;88;0;;сопоставление номенклатуры;общий
данные и справочники;справочник номенклатуры база;88;0;;справочник номенклатуры;общий
данные и справочники;что дает мастер аккаунт;88;0;;мастер данные;общий
конкуренты и бренды;notion the rare occasions текст;87;0;;notion;общий
конкуренты и бренды;расчет google таблицы;87;0;;google таблицы;общий
конкуренты и бренды;google таблицы диаграммы;87;0;;google таблицы;общий
конкуренты и бренды;windows power bi;87;0;;power bi;общий
конкуренты и бренды;la tableau;87;0;;tableau;общий
конкуренты и бренды;https docs google com forms u;87;0;;google forms;общий
язык задач — учёт;учет склада в экселе;87;0;;учет склада;общий
язык задач — учёт;карточки складского учета образец;87;0;;складской учет;общий
язык задач — учёт;документы кадрового учета организации;87;0;;кадровый учет;общий
язык задач — учёт;стоимость ремонта автомобиля с учетом износа;87;0;;учет ремонтов;покупка
язык задач — система/программа;бесплатная программа для учета рабочего;87;0;;программа для учета;общий
язык задач — система/программа;программа для учета графика;87;0;;программа для учета;общий
язык задач — система/программа;программное обеспечение системы управления проектами;87;0;;система управления проектами;общий
язык задач — система/программа;crm системы какие программы;87;0;;crm система;общий
язык задач — система/программа;внутренняя crm система;87;0;;crm система;общий
язык задач — система/программа;erp система программы;87;0;;erp система;общий
язык задач — система/программа;erp система уровни;87;0;;erp система;общий
язык задач — система/программа;bi аналитические системы;87;0;;bi система;общий
создание и внедрение;автоматизация учета ндс;87;0;;автоматизация учета;общий
создание и внедрение;принцип внедрения информационных систем;87;0;;внедрение информационной системы;покупка
импортозамещение и закупка;реестр отечественного по рф;87;0;;реестр отечественного по;общий
ии и новое;proboi ии агент;87;0;;ии агент;общий
ии и новое;биржа ии агентов;87;0;;ии агент;общий
данные и справочники;мастер связи что дает;87;0;;мастер данные;общий
данные и справочники;дала компьютерному мастеру;87;0;;мастер данные;общий
данные и справочники;мастер считывания данных;87;0;;мастер данные;общий
конкуренты и бренды;amocrm отзывы;86;0;;amocrm;общий
конкуренты и бренды;планер notion;86;0;;notion;общий
конкуренты и бренды;notion 6;86;0;;notion;общий
конкуренты и бренды;проекты google таблицы;86;0;;google таблицы;общий
конкуренты и бренды;1 tableau;86;0;;tableau;общий
язык задач — учёт;учет заказов и продаж;86;0;;учет заказов;общий
язык задач — учёт;склад учет имущества;86;0;;учет склада;общий
язык задач — учёт;учет поступления товаров склад;86;0;;учет склада;общий
язык задач — учёт;автоматизировал складской учет;86;0;;складской учет;общий
язык задач — учёт;автоматизированный складской учет;86;0;;складской учет;общий
язык задач — учёт;программа для ведения складского учета;86;0;;складской учет;общий
язык задач — учёт;менеджер складского учета;86;0;;складской учет;общий
язык задач — учёт;задачи складского учета;86;0;;складской учет;общий
язык задач — система/программа;программа для ведения учета скачать бесплатно;86;0;;программа для учета;навигация
язык задач — система/программа;нужна система учета данных;86;0;;система учета данных;общий
язык задач — система/программа;принципы системы управления проектами;86;0;;система управления проектами;общий
язык задач — система/программа;система управления информацией проекта;86;0;;система управления проектами;общий
язык задач — система/программа;номер crm системы;86;0;;crm система;общий
язык задач — система/программа;специалист crm системы;86;0;;crm система;общий
язык задач — система/программа;erp системы галактика;86;0;;erp система;общий
язык задач — система/программа;система сдачи отчетности контур;86;0;;система отчетности;общий
язык задач — система/программа;дашборд bi системы;86;0;;bi система;общий
задачи и боли Excel;впр в excel для чайников пошаговая;86;0;;впр excel;учебное
задачи и боли Excel;сравнить 2 таблицы в excel впр;86;0;;впр excel;общий
задачи и боли Excel;как вставить сводную таблицу в excel;86;0;;сводные таблицы excel;общий
импортозамещение и закупка;итоговый протокол по закупкам 223 фз;86;0;;закупка по 223 фз;общий
импортозамещение и закупка;должностная инструкция по 223 фз закупки;86;0;;закупка по 223 фз;учебное
импортозамещение и закупка;принципы закупки по 223 фз;86;0;;закупка по 223 фз;общий
данные и справочники;1с сопоставление номенклатуры поставщика;86;0;;сопоставление номенклатуры;общий
данные и справочники;мастер дайте свет;86;0;;мастер данные;общий
конкуренты и бренды;amocrm номер;85;0;;amocrm;общий
конкуренты и бренды;шаблоны notion бесплатно;85;0;;notion;навигация
конкуренты и бренды;notion чат;85;0;;notion;общий
конкуренты и бренды;замена notion;85;0;;notion;выбор
конкуренты и бренды;notion похожее;85;0;;notion;общий
конкуренты и бренды;notion на русском бесплатно;85;0;;notion;навигация
конкуренты и бренды;excel google таблицы с нуля;85;0;;google таблицы;общий
конкуренты и бренды;google таблицы запросы;85;0;;google таблицы;общий
конкуренты и бренды;microsoft access database engine 2010 redistributable;85;0;;microsoft access;общий
язык задач — учёт;заявка на установку приборов учета;85;0;;учет заявок;общий
язык задач — учёт;построить стол учета склад;85;0;;учет склада;общий
язык задач — учёт;простой складской учет бесплатно;85;0;;складской учет;навигация
язык задач — учёт;складской учет пример;85;0;;складской учет;учебное
язык задач — система/программа;программа для учета денег;85;0;;программа для учета;общий
язык задач — система/программа;программа для учета запчастей;85;0;;программа для учета;общий
язык задач — система/программа;бесплатные программы для учета рабочего времени;85;0;;программа для учета;общий
язык задач — система/программа;информационные технологии и системы управления проектами;85;0;;система управления проектами;общий
язык задач — система/программа;общая система управления проектами;85;0;;система управления проектами;общий
язык задач — система/программа;crm система звонки;85;0;;crm система;общий
язык задач — система/программа;erp система задачи;85;0;;erp система;общий
язык задач — система/программа;проект внедрения erp системы;85;0;;erp система;покупка
язык задач — система/программа;система внутреннего контроля финансовой отчетности;85;0;;система отчетности;общий
язык задач — система/программа;система отправки отчетности;85;0;;система отчетности;общий
задачи и боли Excel;впр подтянуть excel;85;0;;впр excel;общий
задачи и боли Excel;сводные таблицы excel используются для;85;0;;сводные таблицы excel;общий
создание и внедрение;станкин разработка и внедрение корпоративных информационных систем;85;0;;внедрение информационной системы;покупка
создание и внедрение;документ внедрение информационной системы;85;0;;внедрение информационной системы;покупка
создание и внедрение;техническое задание на систему пример;85;0;;техническое задание на систему;учебное
создание и внедрение;цифровизация промышленных предприятий;85;0;;цифровизация предприятия;общий
импортозамещение и закупка;импортозамещение по новому;85;0;;импортозамещение по;общий
импортозамещение и закупка;декларация участника закупки по 223 фз;85;0;;закупка по 223 фз;общий
ии и новое;вайб кодинг яндекс;85;0;;вайб кодинг;общий
ии и новое;deepseek ии агент;85;0;;ии агент;общий
ии и новое;менеджер ии агентов;85;0;;ии агент;общий
ии и новое;ии агент гигачат;85;0;;ии агент;общий
данные и справочники;как изменить сопоставление номенклатуры в 1с эдо;85;0;;сопоставление номенклатуры;общий
данные и справочники;1с настроить справочник номенклатура;85;0;;справочник номенклатуры;общий
данные и справочники;1с форма справочника номенклатуры;85;0;;справочник номенклатуры;общий
конкуренты и бренды;f5 amocrm;84;0;;amocrm;общий
конкуренты и бренды;chrystal the days notion скачать;84;0;;notion;навигация
конкуренты и бренды;notion отзыв;84;0;;notion;общий
конкуренты и бренды;notion os;84;0;;notion;общий
конкуренты и бренды;аккаунт google таблицы;84;0;;google таблицы;общий
конкуренты и бренды;страница google таблицы;84;0;;google таблицы;общий
конкуренты и бренды;поиск в google таблице;84;0;;google таблицы;общий
конкуренты и бренды;google таблицы условия;84;0;;google таблицы;общий
конкуренты и бренды;google drive таблицы;84;0;;google таблицы;общий
конкуренты и бренды;заказы google таблицы;84;0;;google таблицы;общий
конкуренты и бренды;power bi связи;84;0;;power bi;общий
конкуренты и бренды;google forms пройти;84;0;;google forms;общий
конкуренты и бренды;microsoft access database engine x64;84;0;;microsoft access;общий
конкуренты и бренды;microsoft access runtime 2016;84;0;;microsoft access;общий
язык задач — учёт;водоканал заявка на приборы учета;84;0;;учет заявок;общий
язык задач — учёт;ордерный складской учет;84;0;;складской учет;общий
язык задач — учёт;учет ремонтов счетчиков;84;0;;учет ремонтов;общий
язык задач — система/программа;бесплатные программы для бухгалтерского учета;84;0;;программа для учета;общий
язык задач — система/программа;программа для учета взносов;84;0;;программа для учета;общий
язык задач — система/программа;система управления изменениями проекта;84;0;;система управления проектами;общий
язык задач — система/программа;функции системы управления проектами;84;0;;система управления проектами;общий
язык задач — система/программа;системы управления проектами уровни;84;0;;система управления проектами;общий
язык задач — система/программа;crm система маркетинг;84;0;;crm система;общий
язык задач — система/программа;crm системы предприятий;84;0;;crm система;общий
язык задач — система/программа;перечислите crm системы;84;0;;crm система;общий
язык задач — система/программа;мессенджеры crm системы;84;0;;crm система;общий
язык задач — система/программа;электронные системы бухгалтерская отчетность;84;0;;система отчетности;общий
язык задач — система/программа;система управления bi;84;0;;bi система;общий
задачи и боли Excel;как с впр две таблицы в excel;84;0;;впр excel;общий
создание и внедрение;конструктор приложений для андроид бесплатно;84;0;;конструктор приложений;навигация
создание и внедрение;инструментами автоматизации бизнес процессов;84;0;;автоматизация бизнес процессов;общий
ии и новое;нейросеть для вайб кодинга;84;0;;вайб кодинг;общий
ии и новое;ии агент 2025;84;0;;ии агент;общий
ии и новое;локальный ии агент на пк;84;0;;ии агент;общий
ии и новое;какие ии агенты существуют;84;0;;ии агент;общий
ии и новое;услуга ии агент;84;0;;ии агент;общий
ии и новое;нейросети для бизнеса скачать;84;0;;нейросеть для бизнеса;навигация
данные и справочники;мастер ввода данных;84;0;;мастер данные;общий
конкуренты и бренды;бесплатный аналог notion;83;0;;notion;выбор
конкуренты и бренды;google таблица база;83;0;;google таблицы;общий
конкуренты и бренды;электронная таблица google;83;0;;google таблицы;общий
конкуренты и бренды;google таблицы вход;83;0;;google таблицы;навигация
конкуренты и бренды;google таблица календарь;83;0;;google таблицы;общий
конкуренты и бренды;power bi виды;83;0;;power bi;общий
конкуренты и бренды;how to power bi;83;0;;power bi;общий
конкуренты и бренды;аналитические отчеты в microsoft power bi;83;0;;power bi;общий
конкуренты и бренды;des tableaux;83;0;;tableau;общий
конкуренты и бренды;google forms 4;83;0;;google forms;общий
язык задач — учёт;аренда склада учет;83;0;;учет склада;общий
язык задач — учёт;журнал учета движения на складе;83;0;;учет склада;общий
язык задач — учёт;инвентаризация складского учета;83;0;;складской учет;общий
язык задач — учёт;обеспечение складского учета;83;0;;складской учет;общий
язык задач — учёт;что входит в кадровый учет;83;0;;кадровый учет;навигация
язык задач — учёт;учет ремонта в бюджетном учреждении;83;0;;учет ремонтов;общий
язык задач — система/программа;формирование системы управления проектом;83;0;;система управления проектами;общий
язык задач — система/программа;системы управления проектами позволяют;83;0;;система управления проектами;общий
язык задач — система/программа;crm система агентства;83;0;;crm система;общий
язык задач — система/программа;системы сбора и обработки отчетности;83;0;;система отчетности;общий
задачи и боли Excel;впр функция excel для чайников пошаговая;83;0;;впр excel;учебное
задачи и боли Excel;сводные таблицы excel отчет;83;0;;сводные таблицы excel;общий
задачи и боли Excel;таблица excel для учета расходов скачать;83;0;;excel для учета;навигация
создание и внедрение;автоматизация бизнес процессов с помощью;83;0;;автоматизация бизнес процессов;общий
создание и внедрение;процесс внедрения erp;83;0;;внедрение erp;покупка
создание и внедрение;разработка технического задания на информационную систему;83;0;;техническое задание на систему;общий
конкуренты и бренды;1с заменить ссылку;82;0;;заменить 1с;выбор
конкуренты и бренды;amocrm com;82;0;;amocrm;общий
конкуренты и бренды;менеджер amocrm;82;0;;amocrm;общий
конкуренты и бренды;notion вход;82;0;;notion;навигация
конкуренты и бренды;как скачать notion в россии;82;0;;notion;навигация
конкуренты и бренды;клиенты google таблицы;82;0;;google таблицы;общий
конкуренты и бренды;google таблицы значение ячейки;82;0;;google таблицы;общий
конкуренты и бренды;microsoft access 2007;82;0;;microsoft access;общий
язык задач — учёт;заявка на поверку приборов учета;82;0;;учет заявок;общий
язык задач — учёт;учет складов на несколько складов;82;0;;учет склада;общий
язык задач — учёт;учет склада и сотрудников;82;0;;учет склада;общий
язык задач — учёт;организация учета запасов на складах;82;0;;учет склада;общий
язык задач — учёт;примеры учета склада;82;0;;учет склада;учебное
язык задач — учёт;складской и производственный учет;82;0;;складской учет;общий
язык задач — система/программа;программа для журнала учета;82;0;;программа для учета;общий
язык задач — система/программа;ооо системы управления проектами;82;0;;система управления проектами;общий
язык задач — система/программа;централизованное планирование производства экономическая система;82;0;;система планирования производства;общий
язык задач — система/программа;crm системы названия;82;0;;crm система;общий
язык задач — система/программа;внедрение систем управления erp;82;0;;erp система;покупка
язык задач — система/программа;система самостоятельной сдачи отчетности фнс;82;0;;система отчетности;общий
задачи и боли Excel;excel обновление сводной таблицы;82;0;;сводные таблицы excel;общий
создание и внедрение;автоматизация учета персонала;82;0;;автоматизация учета;общий
создание и внедрение;автоматизация процесса внедрения информационной системы;82;0;;внедрение информационной системы;покупка
импортозамещение и закупка;импортозамещение по 2025;82;0;;импортозамещение по;общий
импортозамещение и закупка;бфт закупки по 223 фз личный кабинет;82;0;;закупка по 223 фз;навигация
данные и справочники;мастер данные mdm;82;0;;мастер данные;общий
данные и справочники;дал мастер скачать;82;0;;мастер данные;навигация
данные и справочники;дала мастеру по компьютерам;82;0;;мастер данные;общий
конкуренты и бренды;форма amocrm;81;0;;amocrm;общий
конкуренты и бренды;notion планирование;81;0;;notion;общий
конкуренты и бренды;notion code;81;0;;notion;общий
конкуренты и бренды;chrystal the days notion remix скачать;81;0;;notion;навигация
конкуренты и бренды;расходы google таблицы;81;0;;google таблицы;общий
конкуренты и бренды;excel google таблицы pro;81;0;;google таблицы;общий
конкуренты и бренды;как установить power bi;81;0;;power bi;общий
конкуренты и бренды;google forms android;81;0;;google forms;общий
конкуренты и бренды;microsoft access 2003;81;0;;microsoft access;общий
язык задач — учёт;строительство учет склада;81;0;;учет склада;общий
язык задач — учёт;журнал учета движения товаров на складе;81;0;;учет склада;общий
язык задач — учёт;настройки складского учета;81;0;;складской учет;общий
язык задач — учёт;назначение кадрового учета;81;0;;кадровый учет;общий
язык задач — учёт;обслуживание и ремонт приборов учета;81;0;;учет ремонтов;общий
язык задач — учёт;ремонт приборов учета электроэнергии;81;0;;учет ремонтов;общий
язык задач — система/программа;программа для учета часов;81;0;;программа для учета;общий
язык задач — система/программа;информационная система управления заявками;81;0;;система управления заявками;общий
язык задач — система/программа;система планирования и контроля производства;81;0;;система планирования производства;общий
язык задач — система/программа;бесплатная crm система для малого бизнеса;81;0;;crm система;общий
язык задач — система/программа;основные функции crm системы;81;0;;crm система;общий
язык задач — система/программа;продажа erp систем;81;0;;erp система;общий
язык задач — система/программа;система аналитики и отчетности;81;0;;система отчетности;общий
язык задач — система/программа;инструменты bi системы;81;0;;bi система;общий
создание и внедрение;автоматизация учета и отчетности;81;0;;автоматизация учета;общий
создание и внедрение;заказать разработку приложения;81;0;;заказать разработку;покупка
создание и внедрение;техническое задание на систему пожаротушения;81;0;;техническое задание на систему;общий
данные и справочники;справочник номенклатуры в ерп;81;0;;справочник номенклатуры;общий
данные и справочники;обработка персональных данных мастерам маникюра;81;0;;мастер данные;общий
конкуренты и бренды;аналоги битрикс24;80;0;;аналог битрикс24;выбор
конкуренты и бренды;power bi бесплатная версия;80;0;;power bi;общий
конкуренты и бренды;microsoft access driver;80;0;;microsoft access;общий
язык задач — учёт;анализ кадрового учета;80;0;;кадровый учет;общий
язык задач — учёт;цель обработки персональных данных кадровый учет;80;0;;кадровый учет;общий
язык задач — учёт;резерв на гарантийный ремонт в налоговом учете;80;0;;учет ремонтов;общий
язык задач — учёт;журнал учета ремонта автотранспортных средств;80;0;;учет ремонтов;общий
язык задач — учёт;текущий ремонт налоговый учет;80;0;;учет ремонтов;общий
язык задач — учёт;табельный учет сотрудников;80;0;;табельный учет;общий
язык задач — система/программа;программа для учета мероприятий;80;0;;программа для учета;общий
язык задач — система/программа;программа для учета аренды;80;0;;программа для учета;общий
язык задач — система/программа;программа для учета расходов для дома;80;0;;программа для учета;общий
язык задач — система/программа;управление проектами специалист по информационным системам;80;0;;система управления проектами;общий
язык задач — система/программа;в crm системе можно;80;0;;crm система;общий
язык задач — система/программа;crm система отдел продаж;80;0;;crm система;общий
язык задач — система/программа;erp системы курсы;80;0;;erp система;учебное
язык задач — система/программа;система астрал отчетность;80;0;;система отчетности;общий
язык задач — система/программа;программа для магазин скачать бесплатно;80;0;;программа для магазина;навигация
задачи и боли Excel;аналог впр в excel;80;0;;впр excel;выбор
задачи и боли Excel;как объединить сводные таблицы в одну excel;80;0;;сводные таблицы excel;общий
создание и внедрение;приложения конструкторов карт;80;0;;конструктор приложений;общий
создание и внедрение;заказы на разработку систем;80;0;;разработка на заказ;общий
импортозамещение и закупка;регистрация в реестре отечественного по минцифры;80;0;;реестр отечественного по;общий
импортозамещение и закупка;импортозамещение по в рф;80;0;;импортозамещение по;общий
ии и новое;сделай нейросеть с помощью приложения;80;0;;приложение с помощью нейросети;общий
данные и справочники;как исправить сопоставление номенклатуры;80;0;;сопоставление номенклатуры;общий
данные и справочники;справочник номенклатура должностей;80;0;;справочник номенклатуры;общий
данные и справочники;загрузка в справочник номенклатура;80;0;;справочник номенклатуры;общий
данные и справочники;мастер данные это простыми;80;0;;мастер данные;учебное
данные и справочники;сводная сестра дает мастер класс по сексу;80;0;;мастер данные;общий
конкуренты и бренды;amocrm поддержка;79;0;;amocrm;общий
конкуренты и бренды;amocrm авито;79;0;;amocrm;общий
конкуренты и бренды;crystal notion remix;79;0;;notion;общий
конкуренты и бренды;notion альтернатива;79;0;;notion;выбор
конкуренты и бренды;notion song;79;0;;notion;общий
конкуренты и бренды;условное форматирование google таблицы;79;0;;google таблицы;общий
конкуренты и бренды;сотрудники google таблицы;79;0;;google таблицы;общий
конкуренты и бренды;query google таблицы;79;0;;google таблицы;общий
конкуренты и бренды;microsoft access ошибка;79;0;;microsoft access;проблема
язык задач — учёт;учет заказов магазина;79;0;;учет заказов;общий
язык задач — учёт;складской учет документооборот;79;0;;складской учет;общий
язык задач — система/программа;crm система с нуля;79;0;;crm система;общий
язык задач — система/программа;администратор crm систем;79;0;;crm система;общий
язык задач — система/программа;crm система вход;79;0;;crm система;навигация
язык задач — система/программа;как пользоваться crm системой;79;0;;crm система;общий
язык задач — система/программа;бухгалтерская отчетность единая система;79;0;;система отчетности;общий
язык задач — система/программа;программы для остатков на складе;79;0;;программа для склада;общий
задачи и боли Excel;впр таблицы excel примеры;79;0;;впр excel;учебное
задачи и боли Excel;excel сводные таблицы график;79;0;;сводные таблицы excel;общий
создание и внедрение;приложение конструктор игра;79;0;;конструктор приложений;общий
создание и внедрение;условия автоматизации учета;79;0;;автоматизация учета;общий
создание и внедрение;комплексная автоматизация управления и учета;79;0;;автоматизация учета;общий
создание и внедрение;автоматизация бухгалтерского учета налогов;79;0;;автоматизация учета;общий
создание и внедрение;задачи внедрения erp;79;0;;внедрение erp;покупка
импортозамещение и закупка;по импортозамещению программного обеспечения;79;0;;импортозамещение по;общий
данные и справочники;сопоставление номенклатуры контрагентов;79;0;;сопоставление номенклатуры;общий
данные и справочники;реквизиты справочника номенклатура в 1с;79;0;;справочник номенклатуры;общий
конкуренты и бренды;сделано в amocrm;78;0;;amocrm;общий
конкуренты и бренды;amocrm сотрудники;78;0;;amocrm;общий
конкуренты и бренды;amocrm партнерам;78;0;;amocrm;общий
конкуренты и бренды;crm система amocrm;78;0;;amocrm;общий
конкуренты и бренды;fender notion;78;0;;notion;общий
конкуренты и бренды;crystal the days notion remix;78;0;;notion;общий
конкуренты и бренды;notion код;78;0;;notion;общий
конкуренты и бренды;подключить power bi;78;0;;power bi;покупка
конкуренты и бренды;power bi systems;78;0;;power bi;общий
конкуренты и бренды;microsoft access 2010 скачать;78;0;;microsoft access;навигация
язык задач — учёт;учет остатков на складе в 1с;78;0;;учет склада;общий
язык задач — учёт;организация работы по кадровому учету;78;0;;кадровый учет;общий
язык задач — учёт;кадровый учет проект;78;0;;кадровый учет;общий
язык задач — учёт;журнал учета закупок;78;0;;учет закупок;общий
язык задач — учёт;капитальный ремонт учет затрат;78;0;;учет ремонтов;общий
язык задач — система/программа;программа для бюджетного учета;78;0;;программа для учета;общий
язык задач — система/программа;программа для учета времени сотрудников;78;0;;программа для учета;общий
язык задач — система/программа;программа для учета заработной платы;78;0;;программа для учета;общий
язык задач — система/программа;программа сфера для учета;78;0;;программа для учета;общий
язык задач — система/программа;системы учета предоставления данных;78;0;;система учета данных;общий
язык задач — система/программа;crm система руководитель;78;0;;crm система;общий
язык задач — система/программа;crm система магазина;78;0;;crm система;общий
язык задач — система/программа;код crm системы;78;0;;crm система;общий
язык задач — система/программа;продукты crm системы;78;0;;crm система;общий
задачи и боли Excel;excel сводные таблицы формулы впр;78;0;;впр excel;общий
задачи и боли Excel;power query excel сводная таблица;78;0;;сводные таблицы excel;общий
создание и внедрение;комплексная автоматизация бизнес процессов;78;0;;автоматизация бизнес процессов;общий
создание и внедрение;автоматизация учета продукции;78;0;;автоматизация учета;общий
создание и внедрение;автоматизация бухгалтерского налогового учета;78;0;;автоматизация учета;общий
импортозамещение и закупка;постановления по импортозамещению;78;0;;импортозамещение по;общий
импортозамещение и закупка;директор по импортозамещению;78;0;;импортозамещение по;общий
ии и новое;начало вайб кодинг;78;0;;вайб кодинг;общий
данные и справочники;справочник номенклатура изменения;78;0;;справочник номенклатуры;общий
данные и справочники;номенклатура заполнение справочника;78;0;;справочник номенклатуры;общий
конкуренты и бренды;amocrm войти в личный;77;0;;amocrm;навигация
конкуренты и бренды;amocrm войти в личный кабинет;77;0;;amocrm;навигация
конкуренты и бренды;интегратор amocrm;77;0;;amocrm;общий
конкуренты и бренды;notion проект;77;0;;notion;общий
конкуренты и бренды;power bi павлов;77;0;;power bi;общий
конкуренты и бренды;power bi led;77;0;;power bi;общий
конкуренты и бренды;power bi datalens;77;0;;power bi;общий
конкуренты и бренды;app power bi com;77;0;;power bi;общий
конкуренты и бренды;power bi group;77;0;;power bi;общий
конкуренты и бренды;power bi календарь;77;0;;power bi;общий
конкуренты и бренды;power bi скачать версии;77;0;;power bi;навигация
конкуренты и бренды;power bi api;77;0;;power bi;общий
конкуренты и бренды;microsoft access документ;77;0;;microsoft access;общий
язык задач — учёт;учет пункт выдачи заказов;77;0;;учет заказов;общий
язык задач — учёт;ведение учета заявок;77;0;;учет заявок;общий
язык задач — учёт;шаблон учета склада;77;0;;учет склада;общий
язык задач — учёт;1с учет запасов по складам;77;0;;учет склада;общий
язык задач — учёт;склад гсм учет;77;0;;учет склада;общий
язык задач — учёт;автоматизация учета склад;77;0;;учет склада;общий
язык задач — учёт;унф складской учет;77;0;;складской учет;общий
язык задач — учёт;кадровый учет работников организации;77;0;;кадровый учет;общий
язык задач — учёт;учет закупок в бюджетных учреждениях;77;0;;учет закупок;общий
язык задач — учёт;восстановительный ремонт автомобиля без учета износа;77;0;;учет ремонтов;общий
язык задач — учёт;учет ремонта изделий;77;0;;учет ремонтов;общий
язык задач — система/программа;программа для учета ип бесплатно;77;0;;программа для учета;навигация
язык задач — система/программа;программа для учета машины;77;0;;программа для учета;общий
язык задач — система/программа;crm система телефон;77;0;;crm система;общий
язык задач — система/программа;crm и другие системы;77;0;;crm система;общий
язык задач — система/программа;создание erp системы;77;0;;erp система;общий
язык задач — система/программа;пользователи erp систем;77;0;;erp система;общий
язык задач — система/программа;система сдачи налоговой отчетности фнс россии;77;0;;система отчетности;общий
язык задач — система/программа;электронная система сдачи отчетности;77;0;;система отчетности;общий
язык задач — система/программа;программы для склада магазина;77;0;;программа для склада;общий
создание и внедрение;автоматизация учета программного обеспечения;77;0;;автоматизация учета;общий
импортозамещение и закупка;импортозамещение по компания;77;0;;импортозамещение по;общий
ии и новое;вайб кодинг вакансии;77;0;;вайб кодинг;общий
данные и справочники;сопоставление товаров работа;77;0;;сопоставление товаров;общий
данные и справочники;мастер считывания данных мирт;77;0;;мастер данные;общий
конкуренты и бренды;amocrm бот;76;0;;amocrm;общий
конкуренты и бренды;amocrm вакансии;76;0;;amocrm;общий
конкуренты и бренды;the days notion slowed скачать;76;0;;notion;навигация
конкуренты и бренды;notion how to;76;0;;notion;общий
конкуренты и бренды;заявки google таблицы;76;0;;google таблицы;общий
конкуренты и бренды;визуализация данных в power bi;76;0;;power bi;общий
конкуренты и бренды;power bi задачи;76;0;;power bi;общий
конкуренты и бренды;power bi что это за программа;76;0;;power bi;учебное
конкуренты и бренды;tableau дашборд;76;0;;tableau;общий
язык задач — учёт;база учета заказов;76;0;;учет заказов;общий
язык задач — учёт;форма заявки на учет негативного воздействия;76;0;;учет заявок;общий
язык задач — учёт;программа складского учета бесплатно простая;76;0;;складской учет;навигация
язык задач — учёт;части складского учета;76;0;;складской учет;общий
язык задач — учёт;кадровый учет является;76;0;;кадровый учет;общий
язык задач — учёт;отсутствие кадрового учета;76;0;;кадровый учет;общий
язык задач — учёт;постановка кадрового учета;76;0;;кадровый учет;общий
язык задач — учёт;кадровый учет в сбис;76;0;;кадровый учет;общий
язык задач — учёт;учет закупок программа;76;0;;учет закупок;общий
язык задач — учёт;карточка учета ремонтов;76;0;;учет ремонтов;общий
язык задач — система/программа;данные в системе налогового учета;76;0;;система учета данных;общий
язык задач — система/программа;crm системы для салонов;76;0;;crm система;общий
язык задач — система/программа;crm система недвижимости;76;0;;crm система;общий
язык задач — система/программа;crm система excel;76;0;;crm система;общий
язык задач — система/программа;система планирования ресурсов предприятия erp;76;0;;erp система;общий
язык задач — система/программа;система формирования бухгалтерской отчетности;76;0;;система отчетности;общий
язык задач — система/программа;международные системы отчетности;76;0;;система отчетности;общий
язык задач — система/программа;система анализа данных bi;76;0;;bi система;общий
язык задач — система/программа;типы bi систем;76;0;;bi система;общий
язык задач — система/программа;купить программу для магазина;76;0;;программа для магазина;покупка
задачи и боли Excel;ошибка в формуле excel впр;76;0;;впр excel;проблема
задачи и боли Excel;как добавить столбец в сводную таблицу excel;76;0;;сводные таблицы excel;общий
создание и внедрение;искусственный интеллект и автоматизация бизнес процессов;76;0;;автоматизация бизнес процессов;общий
создание и внедрение;центр разработки и внедрения информационных систем;76;0;;внедрение информационной системы;покупка
создание и внедрение;мероприятия по внедрению информационной системы;76;0;;внедрение информационной системы;покупка
данные и справочники;дают ли баллы за мастера спорта;76;0;;мастер данные;общий
конкуренты и бренды;notion взлом скачать;75;0;;notion;навигация
конкуренты и бренды;google таблицы посчитать;75;0;;google таблицы;общий
конкуренты и бренды;трекер google таблицы;75;0;;google таблицы;общий
конкуренты и бренды;таблица google 4;75;0;;google таблицы;общий
конкуренты и бренды;power bi charts;75;0;;power bi;общий
конкуренты и бренды;параметр power bi;75;0;;power bi;общий
конкуренты и бренды;ответы power bi;75;0;;power bi;общий
конкуренты и бренды;microsoft access database engine 2016 x64;75;0;;microsoft access;общий
конкуренты и бренды;microsoft access 2016 x64;75;0;;microsoft access;общий
язык задач — учёт;складской учет шаблон;75;0;;складской учет;общий
язык задач — учёт;1с складской учет торговля;75;0;;складской учет;общий
язык задач — учёт;обращение с отходами учет и правила;75;0;;учет обращений;общий
язык задач — система/программа;программы для производственного учета;75;0;;программа для учета;общий
язык задач — система/программа;программы для учета строительства;75;0;;программа для учета;общий
язык задач — система/программа;программа для учета дохода дома;75;0;;программа для учета;общий
язык задач — система/программа;система учета данных показателей;75;0;;система учета данных;общий
язык задач — система/программа;автоматизированной системы crm;75;0;;crm система;общий
язык задач — система/программа;crm системах банка;75;0;;crm система;общий
язык задач — система/программа;российские erp системы;75;0;;erp система;общий
язык задач — система/программа;система сбора отчетности статистика башкортостан;75;0;;система отчетности;общий
язык задач — система/программа;налоговая отчетность упрощенная система;75;0;;система отчетности;общий
язык задач — система/программа;вмс программа для склада;75;0;;программа для склада;общий
язык задач — система/программа;программа для склада скачать бесплатно;75;0;;программа для склада;навигация
задачи и боли Excel;сводные таблицы в excel простыми словами;75;0;;сводные таблицы excel;учебное
задачи и боли Excel;изменение данных в сводной таблице excel;75;0;;сводные таблицы excel;общий
создание и внедрение;цели автоматизации бизнес процессов;75;0;;автоматизация бизнес процессов;общий
создание и внедрение;разработка систем автоматизации бизнес процессов;75;0;;автоматизация бизнес процессов;общий
создание и внедрение;налоговый учет в комплексной автоматизации;75;0;;автоматизация учета;общий
создание и внедрение;стоимость внедрения erp;75;0;;внедрение erp;покупка
создание и внедрение;отдел внедрения информационных систем;75;0;;внедрение информационной системы;покупка
импортозамещение и закупка;включение в реестр отечественного по минцифры;75;0;;реестр отечественного по;общий
импортозамещение и закупка;заявления реестр отечественного по;75;0;;реестр отечественного по;общий
импортозамещение и закупка;импортозамещение отечественного по;75;0;;импортозамещение по;общий
данные и справочники;как отменить сопоставление номенклатуры в 1с;75;0;;сопоставление номенклатуры;общий
данные и справочники;справочник категории номенклатуры;75;0;;справочник номенклатуры;общий
конкуренты и бренды;1с заменить объект;74;0;;заменить 1с;выбор
конкуренты и бренды;amocrm пользователи;74;0;;amocrm;общий
конкуренты и бренды;google таблицы для бизнеса;74;0;;google таблицы;общий
конкуренты и бренды;не открывается google таблицы;74;0;;google таблицы;общий
язык задач — учёт;учет информации о клиентах;74;0;;учет клиентов;общий
язык задач — учёт;учет операций на складе;74;0;;учет склада;общий
язык задач — учёт;учет по местам склад;74;0;;учет склада;общий
язык задач — учёт;карточка складского учета м 17 бланк;74;0;;складской учет;общий
язык задач — учёт;единый кадровый учет;74;0;;кадровый учет;общий
язык задач — учёт;кадровый учет закон;74;0;;кадровый учет;общий
язык задач — учёт;бесплатные программы кадровый учет;74;0;;кадровый учет;общий
язык задач — учёт;кадровый учет включает в себя;74;0;;кадровый учет;общий
язык задач — учёт;бухгалтерский учет закупки товаров;74;0;;учет закупок;общий
язык задач — учёт;система учета ремонта оборудования;74;0;;учет ремонтов;общий
язык задач — учёт;с учетом отсутствия обращения;74;0;;учет обращений;общий
язык задач — учёт;данные табельного учета;74;0;;табельный учет;общий
язык задач — система/программа;какая программа для учета товара;74;0;;программа для учета;общий
язык задач — система/программа;интернет программа для учета;74;0;;программа для учета;общий
язык задач — система/программа;возможности системы управления проектами;74;0;;система управления проектами;общий
язык задач — система/программа;система управления региональными проектами;74;0;;система управления проектами;общий
язык задач — система/программа;crm система яндекса;74;0;;crm система;общий
язык задач — система/программа;интеграция bi систем;74;0;;bi система;общий
задачи и боли Excel;просмотр впр excel;74;0;;впр excel;общий
задачи и боли Excel;впр двух файлов в excel;74;0;;впр excel;общий
задачи и боли Excel;excel сводная таблица по месяцам;74;0;;сводные таблицы excel;общий
создание и внедрение;автоматизация бизнес процессов и технологии анализа данных;74;0;;автоматизация бизнес процессов;общий
создание и внедрение;автоматизация бизнес процессов в 1с;74;0;;автоматизация бизнес процессов;общий
создание и внедрение;цель автоматизации учета;74;0;;автоматизация учета;общий
создание и внедрение;внедрение современных информационных систем;74;0;;внедрение информационной системы;покупка
создание и внедрение;техническое задание на внедрение системы;74;0;;техническое задание на систему;покупка
ии и новое;как создать приложение с помощью нейросети;74;0;;приложение с помощью нейросети;общий
данные и справочники;организация справочника номенклатура;74;0;;справочник номенклатуры;общий
данные и справочники;справочник цена номенклатуры в 1с;74;0;;справочник номенклатуры;покупка
конкуренты и бренды;база amocrm;73;0;;amocrm;общий
конкуренты и бренды;amocrm 24;73;0;;amocrm;общий
конкуренты и бренды;google таблицы примеры;73;0;;google таблицы;учебное
конкуренты и бренды;power bi лицензия;73;0;;power bi;общий
конкуренты и бренды;microsoft access торрент;73;0;;microsoft access;общий
язык задач — учёт;управленческий учет склада;73;0;;учет склада;общий
язык задач — учёт;средства складского учета;73;0;;складской учет;общий
язык задач — учёт;складская карточка учета материалов образец;73;0;;складской учет;общий
язык задач — учёт;1с кадровый учет 8;73;0;;кадровый учет;общий
язык задач — учёт;кадровый учет образцы;73;0;;кадровый учет;общий
язык задач — учёт;принципы кадрового учета;73;0;;кадровый учет;общий
язык задач — учёт;ведение учета закупок;73;0;;учет закупок;общий
язык задач — учёт;учет денежного обращения;73;0;;учет обращений;общий
язык задач — система/программа;программа для учета дел;73;0;;программа для учета;общий
язык задач — система/программа;система учета статистических данных;73;0;;система учета данных;общий
язык задач — система/программа;crm системы рассылки;73;0;;crm система;общий
язык задач — система/программа;астрал отчетность 5.0 вход в систему;73;0;;система отчетности;навигация
язык задач — система/программа;общую систему налогообложения какие отчетности;73;0;;система отчетности;общий
задачи и боли Excel;excel поискпоз вместо впр;73;0;;впр excel;выбор
задачи и боли Excel;как правильно впр в excel;73;0;;впр excel;общий
задачи и боли Excel;excel добавить данные в сводную таблицу;73;0;;сводные таблицы excel;общий
задачи и боли Excel;excel сводная таблица количество уникальных;73;0;;сводные таблицы excel;общий
создание и внедрение;этапы автоматизации бизнес процессов;73;0;;автоматизация бизнес процессов;общий
создание и внедрение;направления автоматизации бизнес процессов;73;0;;автоматизация бизнес процессов;общий
создание и внедрение;автоматизация учета договоров;73;0;;автоматизация учета;общий
создание и внедрение;центр автоматизации учета;73;0;;автоматизация учета;общий
создание и внедрение;автоматизация финансового учета 1с;73;0;;автоматизация учета;общий
импортозамещение и закупка;вопрос по импортозамещению;73;0;;импортозамещение по;общий
конкуренты и бренды;amocrm download;72;0;;amocrm;общий
конкуренты и бренды;power bi visual;72;0;;power bi;общий
конкуренты и бренды;microsoft outlook access;72;0;;microsoft access;общий
язык задач — учёт;простой учет клиентов;72;0;;учет клиентов;общий
язык задач — учёт;crm учета клиентов;72;0;;учет клиентов;общий
язык задач — учёт;учет материалов без склада;72;0;;учет склада;общий
язык задач — учёт;какой учет есть на складе;72;0;;учет склада;общий
язык задач — учёт;erp учет закупок;72;0;;учет закупок;общий
язык задач — система/программа;программы учета для ип усн;72;0;;программа для учета;общий
язык задач — система/программа;программы для бух учета;72;0;;программа для учета;общий
язык задач — система/программа;система управления проектами project;72;0;;система управления проектами;общий
язык задач — система/программа;система управления проектами 1с;72;0;;система управления проектами;общий
язык задач — система/программа;рынок crm системы;72;0;;crm система;общий
язык задач — система/программа;crm система чаты;72;0;;crm система;общий
язык задач — система/программа;crm система помогает;72;0;;crm система;общий
язык задач — система/программа;crm системы договор;72;0;;crm система;общий
язык задач — система/программа;erp системы на базе 1с;72;0;;erp система;общий
язык задач — система/программа;erp plm системы;72;0;;erp система;общий
язык задач — система/программа;модели erp систем;72;0;;erp система;общий
язык задач — система/программа;внедрения erp системы 1с;72;0;;erp система;покупка
язык задач — система/программа;ип общая система налогообложения отчетность;72;0;;система отчетности;общий
язык задач — система/программа;формирование системы отчетности организации;72;0;;система отчетности;общий
язык задач — система/программа;система планирования учета и отчетности;72;0;;система отчетности;общий
задачи и боли Excel;индекс поискпоз excel вместо впр;72;0;;впр excel;выбор
задачи и боли Excel;совместная работа в excel;72;0;;совместная работа excel;общий
задачи и боли Excel;сводная таблица excel преобразовать;72;0;;сводные таблицы excel;общий
задачи и боли Excel;сводные таблицы excel с нуля;72;0;;сводные таблицы excel;общий
создание и внедрение;приложение разработка конструктор;72;0;;конструктор приложений;общий
создание и внедрение;автоматизация бизнес процессов примеры;72;0;;автоматизация бизнес процессов;учебное
создание и внедрение;автоматизация учета и анализа;72;0;;автоматизация учета;общий
создание и внедрение;комплексная автоматизация учета предприятий;72;0;;автоматизация учета;общий
создание и внедрение;план внедрения информационной системы;72;0;;внедрение информационной системы;покупка
импортозамещение и закупка;предприятия по импортозамещению;72;0;;импортозамещение по;общий
ии и новое;вайб кодинг работа;72;0;;вайб кодинг;общий
данные и справочники;отбор справочник номенклатуры;72;0;;справочник номенклатуры;общий
конкуренты и бренды;amocrm дубли;71;0;;amocrm;общий
конкуренты и бренды;инструкция amocrm;71;0;;amocrm;учебное
конкуренты и бренды;работа в excel и google таблицах;71;0;;google таблицы;общий
конкуренты и бренды;google таблицы символ;71;0;;google таблицы;общий
конкуренты и бренды;платформа power bi;71;0;;power bi;общий
конкуренты и бренды;power bi доступ;71;0;;power bi;общий
конкуренты и бренды;docs google com forms тест;71;0;;google forms;учебное
конкуренты и бренды;forms google com тест;71;0;;google forms;учебное
конкуренты и бренды;microsoft office word access;71;0;;microsoft access;общий
конкуренты и бренды;microsoft access database 2016 скачать;71;0;;microsoft access;навигация
конкуренты и бренды;microsoft access database engine 2016 скачать;71;0;;microsoft access;навигация
язык задач — учёт;настроить складской учет;71;0;;складской учет;общий
язык задач — учёт;скачать форма складского учета материалов;71;0;;складской учет;навигация
язык задач — учёт;кадровый учет иностранных граждан;71;0;;кадровый учет;общий
язык задач — система/программа;учет расходов и доходов программа для дома;71;0;;программа для учета;общий
язык задач — система/программа;mes система предприятия;71;0;;mes система;общий
язык задач — система/программа;системы ведения бухгалтерского учета и отчетности;71;0;;система отчетности;общий
язык задач — система/программа;система банковской отчетности;71;0;;система отчетности;общий
язык задач — система/программа;отчетность в системе бюджетного учета;71;0;;система отчетности;общий
язык задач — система/программа;система управления финансовой отчетности;71;0;;система отчетности;общий
язык задач — система/программа;система учета и статистической отчетности;71;0;;система отчетности;общий
язык задач — система/программа;программа для розницы магазина;71;0;;программа для магазина;общий
задачи и боли Excel;впр таблицы excel что это;71;0;;впр excel;учебное
задачи и боли Excel;модель данных в сводной таблице excel;71;0;;сводные таблицы excel;общий
задачи и боли Excel;сводные таблицы в excel основы;71;0;;сводные таблицы excel;общий
задачи и боли Excel;excel для учета финансов;71;0;;excel для учета;общий
создание и внедрение;яндекс конструктор приложение;71;0;;конструктор приложений;общий
создание и внедрение;автоматизация учета обучение;71;0;;автоматизация учета;учебное
создание и внедрение;финансовый учет в комплексной автоматизации;71;0;;автоматизация учета;общий
создание и внедрение;жизненный цикл внедрения информационных систем;71;0;;внедрение информационной системы;покупка
конкуренты и бренды;google таблицы с нуля до pro;70;0;;google таблицы;общий
конкуренты и бренды;как скопировать google таблицу;70;0;;google таблицы;общий
конкуренты и бренды;сортировка power bi;70;0;;power bi;общий
конкуренты и бренды;les tableaux;70;0;;tableau;общий
конкуренты и бренды;embed google form;70;0;;google forms;общий
язык задач — учёт;стоимость заказа с учетом скидки;70;0;;учет заказов;покупка
язык задач — учёт;журнал учета заявок и работ;70;0;;учет заявок;общий
язык задач — учёт;склад учет специалист;70;0;;учет склада;общий
язык задач — учёт;складской учет накладные;70;0;;складской учет;общий
язык задач — учёт;торгово складской учет;70;0;;складской учет;общий
язык задач — учёт;программа для ведения кадрового учета;70;0;;кадровый учет;общий
язык задач — учёт;кадровое делопроизводство и учет персонала;70;0;;кадровый учет;общий
язык задач — учёт;порядок кадрового учета;70;0;;кадровый учет;общий
язык задач — учёт;инструкция по кадровому учету;70;0;;кадровый учет;учебное
язык задач — учёт;установка приборов учета капитальный ремонт;70;0;;учет ремонтов;общий
язык задач — учёт;1с учет обращений;70;0;;учет обращений;общий
язык задач — система/программа;национальная система учета данных;70;0;;система учета данных;общий
язык задач — система/программа;элементы системы управления проектом;70;0;;система управления проектами;общий
язык задач — система/программа;разработка корпоративной системы управления проектами;70;0;;система управления проектами;общий
язык задач — система/программа;erp система используется;70;0;;erp система;общий
язык задач — система/программа;системы управления ресурсами предприятия erp;70;0;;erp система;общий
язык задач — система/программа;тирика программа для магазина;70;0;;программа для магазина;общий
язык задач — система/программа;программа производственного контроля для магазина продуктов;70;0;;программа для магазина;общий
задачи и боли Excel;что значит впр в excel;70;0;;впр excel;общий
задачи и боли Excel;сводные таблицы сводные диаграммы в excel;70;0;;сводные таблицы excel;общий
задачи и боли Excel;анализ данных в сводной таблице excel;70;0;;сводные таблицы excel;общий
задачи и боли Excel;сложная сводная таблица в excel;70;0;;сводные таблицы excel;общий
задачи и боли Excel;как изменить диапазон сводной таблицы excel;70;0;;сводные таблицы excel;общий
задачи и боли Excel;формат сводной таблицы excel;70;0;;сводные таблицы excel;общий
создание и внедрение;приложение конструктор электрощитов;70;0;;конструктор приложений;общий
создание и внедрение;автоматизация бизнес процессов программное обеспечение;70;0;;автоматизация бизнес процессов;общий
создание и внедрение;эффективность автоматизации бизнес процессов;70;0;;автоматизация бизнес процессов;общий
создание и внедрение;автоматизации учета основных средств;70;0;;автоматизация учета;общий
создание и внедрение;выбор и внедрение информационных систем;70;0;;внедрение информационной системы;покупка
данные и справочники;мастер считывания данных 141;70;0;;мастер данные;общий
данные и справочники;мастер считывания данных мирт 141;70;0;;мастер данные;общий
данные и справочники;1с управление мастер данными;70;0;;мастер данные;общий
конкуренты и бренды;airtable аналоги;69;0;;airtable;выбор
конкуренты и бренды;power bi b;69;0;;power bi;общий
конкуренты и бренды;power bi группы;69;0;;power bi;общий
конкуренты и бренды;docs google com forms u 0;69;0;;google forms;общий
конкуренты и бренды;google forms создать тест онлайн;69;0;;google forms;учебное
конкуренты и бренды;https docs google com forms тест;69;0;;google forms;учебное
конкуренты и бренды;https google com forms тест;69;0;;google forms;учебное
конкуренты и бренды;microsoft access скачать торрент;69;0;;microsoft access;навигация
конкуренты и бренды;microsoft access denied;69;0;;microsoft access;общий
язык задач — учёт;учет материалов на складах организации;69;0;;учет склада;общий
язык задач — учёт;учет товаров на складе ведет;69;0;;учет склада;общий
язык задач — учёт;учет склада онлайн;69;0;;учет склада;общий
язык задач — учёт;журнал складского учета образец заполнения;69;0;;складской учет;общий
язык задач — учёт;складской учет в 1с бухгалтерия 8.3;69;0;;складской учет;общий
язык задач — учёт;кадровая работа воинский учет;69;0;;кадровый учет;общий
язык задач — учёт;ведение кадрового учета в 1с;69;0;;кадровый учет;общий
язык задач — учёт;основы кадрового учета;69;0;;кадровый учет;общий
язык задач — учёт;текущий ремонт зданий учет;69;0;;учет ремонтов;общий
язык задач — учёт;ремонт помещения бухгалтерский учет;69;0;;учет ремонтов;общий
язык задач — система/программа;программы для учета студентов;69;0;;программа для учета;общий
язык задач — система/программа;управление проектами в системе образования;69;0;;система управления проектами;общий
язык задач — система/программа;финансовая система erp;69;0;;erp система;общий
язык задач — система/программа;erp системы практический курс;69;0;;erp система;учебное
язык задач — система/программа;система регулирования бухгалтерской отчетности;69;0;;система отчетности;общий
язык задач — система/программа;фсгс система сбора отчетности статистика башкортостан;69;0;;система отчетности;общий
язык задач — система/программа;патентная система налогообложения отчетность;69;0;;система отчетности;общий
язык задач — система/программа;простейшая программа для склада;69;0;;программа для склада;общий
задачи и боли Excel;построение сводной таблицы в excel;69;0;;сводные таблицы excel;общий
задачи и боли Excel;большие сводные таблицы в excel;69;0;;сводные таблицы excel;общий
создание и внедрение;конструктор через приложение;69;0;;конструктор приложений;общий
создание и внедрение;автоматизация основных бизнес процессов;69;0;;автоматизация бизнес процессов;общий
создание и внедрение;интеграция и автоматизация бизнес процессов;69;0;;автоматизация бизнес процессов;общий
создание и внедрение;ооо автоматизация учета;69;0;;автоматизация учета;общий
создание и внедрение;внедрение crm битрикс24;69;0;;внедрение crm;покупка
создание и внедрение;методологии внедрения информационных систем;69;0;;внедрение информационной системы;покупка
создание и внедрение;разработка и внедрения отраслевых информационных систем;69;0;;внедрение информационной системы;покупка
данные и справочники;диадок сопоставление номенклатуры;69;0;;сопоставление номенклатуры;общий
конкуренты и бренды;google таблицы на компьютер;68;0;;google таблицы;общий
конкуренты и бренды;google таблица api;68;0;;google таблицы;общий
конкуренты и бренды;google таблицы андроид;68;0;;google таблицы;общий
конкуренты и бренды;power bi торрент;68;0;;power bi;общий
конкуренты и бренды;система tableau;68;0;;tableau;общий
конкуренты и бренды;microsoft ms access;68;0;;microsoft access;общий
конкуренты и бренды;microsoft office access скачать;68;0;;microsoft access;навигация
конкуренты и бренды;microsoft access запрос;68;0;;microsoft access;общий
язык задач — учёт;склад учет скачать бесплатно;68;0;;учет склада;навигация
язык задач — учёт;ремонт склада учет;68;0;;учет склада;общий
язык задач — учёт;единица учета склада;68;0;;учет склада;общий
язык задач — учёт;журнал учета склада образец;68;0;;учет склада;общий
язык задач — учёт;сбис складской учет;68;0;;складской учет;общий
язык задач — учёт;договор складского учета;68;0;;складской учет;общий
язык задач — учёт;складской учет в 1с erp;68;0;;складской учет;общий
язык задач — учёт;c складской учет;68;0;;складской учет;общий
язык задач — учёт;кадровый учет в организации пошаговая инструкция;68;0;;кадровый учет;учебное
язык задач — учёт;кадровый учет трудовых отношений;68;0;;кадровый учет;общий
язык задач — учёт;микропредприятие кадровый учет;68;0;;кадровый учет;общий
язык задач — учёт;капитальный ремонт основных средств в бухгалтерском учете;68;0;;учет ремонтов;общий
язык задач — система/программа;бесплатные программы для учета товара и продаж;68;0;;программа для учета;общий
язык задач — система/программа;1 этап управления системами проекта;68;0;;система управления проектами;общий
язык задач — система/программа;внедрение системы управления проектами в компании;68;0;;система управления проектами;покупка
язык задач — система/программа;стандарты системы управления проектами;68;0;;система управления проектами;общий
язык задач — система/программа;профессиональные системы управления проектами;68;0;;система управления проектами;общий
язык задач — система/программа;бесплатные crm системы на русском;68;0;;crm система;общий
язык задач — система/программа;erp системы обеспечивают;68;0;;erp система;общий
язык задач — система/программа;erp системы управления производством;68;0;;erp система;общий
язык задач — система/программа;система показателей финансовой отчетности;68;0;;система отчетности;общий
язык задач — система/программа;программа для склада запчастей;68;0;;программа для склада;общий
язык задач — система/программа;программа для сбора данных на складе;68;0;;программа для склада;общий
задачи и боли Excel;как работает формула впр в excel;68;0;;впр excel;общий
создание и внедрение;внедрения технологий создания информационных систем;68;0;;внедрение информационной системы;покупка
импортозамещение и закупка;реестр отечественного по изменениям;68;0;;реестр отечественного по;общий
ии и новое;программы для вайб кодинга;68;0;;вайб кодинг;общий
данные и справочники;справочники номенклатуры материалов;68;0;;справочник номенклатуры;общий
данные и справочники;мастер классы даны романовой;68;0;;мастер данные;общий
конкуренты и бренды;amocrm цена;67;0;;amocrm;покупка
конкуренты и бренды;amocrm 3;67;0;;amocrm;общий
конкуренты и бренды;ошибки amocrm;67;0;;amocrm;проблема
конкуренты и бренды;excel google таблицы с нуля до pro;67;0;;google таблицы;общий
конкуренты и бренды;тема power bi;67;0;;power bi;общий
конкуренты и бренды;power bi иерархия;67;0;;power bi;общий
конкуренты и бренды;power bi среднее;67;0;;power bi;общий
конкуренты и бренды;microsoft access database engine runtime 2016 x64;67;0;;microsoft access;общий
язык задач — учёт;карточка складского учета 1с;67;0;;складской учет;общий
язык задач — учёт;счета складского учета;67;0;;складской учет;общий
язык задач — учёт;складской учет материалов скачать бесплатно;67;0;;складской учет;навигация
язык задач — учёт;складская учет магазин;67;0;;складской учет;общий
язык задач — учёт;скачать карточку складского учета;67;0;;складской учет;навигация
язык задач — учёт;складской учет продуктов;67;0;;складской учет;общий
язык задач — учёт;кадровый учет усн;67;0;;кадровый учет;общий
язык задач — учёт;правила кадрового учета;67;0;;кадровый учет;общий
язык задач — учёт;скачать программу кадрового учета;67;0;;кадровый учет;навигация
язык задач — система/программа;программа для учета товара в магазине;67;0;;программа для учета;общий
язык задач — система/программа;настраиваемая crm система;67;0;;crm система;общий
язык задач — система/программа;менеджер по продажам crm систем;67;0;;crm система;общий
язык задач — система/программа;crm система для салона красоты;67;0;;crm система;общий
язык задач — система/программа;erp системы цены;67;0;;erp система;покупка
язык задач — система/программа;настройка системы erp;67;0;;erp система;общий
язык задач — система/программа;система форм бухгалтерской отчетности;67;0;;система отчетности;общий
язык задач — система/программа;система управленческого учета и отчетности;67;0;;система отчетности;общий
язык задач — система/программа;отчетность представляет собой систему;67;0;;система отчетности;общий
язык задач — система/программа;программы для создания магазина;67;0;;программа для магазина;общий
язык задач — система/программа;программа для кассы магазина бесплатно;67;0;;программа для магазина;навигация
задачи и боли Excel;работа с впр в excel;67;0;;впр excel;общий
задачи и боли Excel;как настроить сводную таблицу в excel;67;0;;сводные таблицы excel;общий
задачи и боли Excel;сводные таблицы в excel билл джелен;67;0;;сводные таблицы excel;общий
задачи и боли Excel;сводные таблицы в microsoft excel джелен;67;0;;сводные таблицы excel;общий
задачи и боли Excel;макрос сводной таблицы excel;67;0;;сводные таблицы excel;общий
создание и внедрение;решение для автоматизации учета;67;0;;автоматизация учета;общий
создание и внедрение;автоматизация учета продаж;67;0;;автоматизация учета;общий
импортозамещение и закупка;планы по импортозамещению в промышленности;67;0;;импортозамещение по;общий
данные и справочники;мастер дай план;67;0;;мастер данные;общий
конкуренты и бренды;установите google таблицы;66;0;;google таблицы;общий
конкуренты и бренды;программа google таблицы;66;0;;google таблицы;общий
конкуренты и бренды;бизнес аналитик power bi;66;0;;power bi;общий
конкуренты и бренды;бизнес аналитика power bi;66;0;;power bi;общий
конкуренты и бренды;открыть google forms;66;0;;google forms;общий
язык задач — учёт;заказ журналов учета;66;0;;учет заказов;общий
язык задач — учёт;учет упаковки на складе;66;0;;учет склада;общий
язык задач — учёт;единица складского учета;66;0;;складской учет;общий
язык задач — учёт;цели складского учета;66;0;;складской учет;общий
язык задач — учёт;карточка складского учета бланк образец;66;0;;складской учет;общий
язык задач — учёт;карточка складского учета материалов бланк образец;66;0;;складской учет;общий
язык задач — учёт;личное дело кадрового учета;66;0;;кадровый учет;общий
язык задач — учёт;единая система учета обращений граждан;66;0;;учет обращений;общий
язык задач — система/программа;программа для учета топлива;66;0;;программа для учета;общий
язык задач — система/программа;интеллектуальная система управления проектами;66;0;;система управления проектами;общий
язык задач — система/программа;знание crm систем;66;0;;crm система;общий
язык задач — система/программа;основы erp системы;66;0;;erp система;общий
язык задач — система/программа;система внутреннего контроля бухгалтерской отчетности;66;0;;система отчетности;общий
язык задач — система/программа;упрощенная система налогообложения бухгалтерская отчетность;66;0;;система отчетности;общий
язык задач — система/программа;программа 1с для магазина розничной;66;0;;программа для магазина;общий
задачи и боли Excel;функция впр в excel н д;66;0;;впр excel;общий
задачи и боли Excel;использование функции впр в excel;66;0;;впр excel;общий
задачи и боли Excel;список сводных таблиц excel;66;0;;сводные таблицы excel;общий
создание и внедрение;ии конструктор приложений;66;0;;конструктор приложений;общий
создание и внедрение;заказать разработку проекта;66;0;;заказать разработку;покупка
импортозамещение и закупка;1 on premise;66;0;;on premise;общий
данные и справочники;справочник номенклатура контрагента 1с;66;0;;справочник номенклатуры;общий
данные и справочники;мастер сохраненных данных;66;0;;мастер данные;общий
конкуренты и бренды;программы заменяющие 1с;65;0;;заменить 1с;общий
конкуренты и бренды;power bi базы данных;65;0;;power bi;общий
конкуренты и бренды;tableau перевод;65;0;;tableau;общий
конкуренты и бренды;microsoft access разработки;65;0;;microsoft access;общий
язык задач — учёт;подарки клиентам учет;65;0;;учет клиентов;общий
язык задач — учёт;учет звонков клиентов;65;0;;учет клиентов;общий
язык задач — учёт;электронный учет клиентов;65;0;;учет клиентов;общий
язык задач — учёт;информационная система учета заявок;65;0;;учет заявок;общий
язык задач — учёт;журнал учета заявок на ремонт;65;0;;учет заявок;общий
язык задач — учёт;учет материалов на складе документы;65;0;;учет склада;общий
язык задач — учёт;складского учета wms;65;0;;складской учет;общий
язык задач — учёт;система складского учета 1с;65;0;;складской учет;общий
язык задач — учёт;скачать книга складского учета материалов;65;0;;складской учет;навигация
язык задач — система/программа;программа для учета людей;65;0;;программа для учета;общий
язык задач — система/программа;система управления образовательными проектами;65;0;;система управления проектами;общий
язык задач — система/программа;этапы внедрения системы управления проектами;65;0;;система управления проектами;покупка
язык задач — система/программа;система государственного управления национальными проектами;65;0;;система управления проектами;общий
язык задач — система/программа;crm система лиды;65;0;;crm система;общий
язык задач — система/программа;эффективная crm система;65;0;;crm система;общий
язык задач — система/программа;crm системы фитнес;65;0;;crm система;общий
язык задач — система/программа;обслуживание crm систем;65;0;;crm система;общий
язык задач — система/программа;учетная система crm;65;0;;crm система;общий
язык задач — система/программа;erp система какие есть;65;0;;erp система;общий
язык задач — система/программа;информационная система 1с erp;65;0;;erp система;общий
язык задач — система/программа;erp система виды;65;0;;erp система;общий
язык задач — система/программа;укажите erp системы;65;0;;erp система;общий
язык задач — система/программа;erp enterprise resource planning системы;65;0;;erp система;общий
язык задач — система/программа;систем класса mes;65;0;;mes система;общий
язык задач — система/программа;электронные системы учета и отчетности;65;0;;система отчетности;общий
язык задач — система/программа;система производственной отчетности;65;0;;система отчетности;общий
язык задач — система/программа;система бизнес аналитики bi;65;0;;bi система;общий
язык задач — система/программа;бизнес аналитика bi системы;65;0;;bi система;общий
язык задач — система/программа;простые bi системы;65;0;;bi система;общий
язык задач — система/программа;программа wms для склада что это;65;0;;программа для склада;учебное
задачи и боли Excel;впр двух столбцов на совпадения в excel;65;0;;впр excel;общий
задачи и боли Excel;сводные таблицы в microsoft excel скачать;65;0;;сводные таблицы excel;навигация
задачи и боли Excel;вычисления в сводной таблице excel;65;0;;сводные таблицы excel;общий
создание и внедрение;учет ндс в комплексной автоматизации;65;0;;автоматизация учета;общий
создание и внедрение;технологии автоматизации бухгалтерского учета;65;0;;автоматизация учета;общий
создание и внедрение;поддержка и внедрение информационных систем;65;0;;внедрение информационной системы;покупка
создание и внедрение;техническое задание на систему электроснабжения;65;0;;техническое задание на систему;общий
импортозамещение и закупка;планы импортозамещения по отраслям;65;0;;импортозамещение по;общий
импортозамещение и закупка;мероприятия по импортозамещению в промышленности;65;0;;импортозамещение по;общий
импортозамещение и закупка;on premises cloud;65;0;;on premise;общий
ии и новое;вайб кодинг курс бесплатно;65;0;;вайб кодинг;учебное
ии и новое;приложение для генерации картинок с помощью нейросети;65;0;;приложение с помощью нейросети;общий
данные и справочники;справочник номенклатура иерархия;65;0;;справочник номенклатуры;общий
конкуренты и бренды;amocrm что это такое простыми;64;0;;amocrm;учебное
конкуренты и бренды;google таблицы ии;64;0;;google таблицы;общий
конкуренты и бренды;power bi кабинет;64;0;;power bi;общий
конкуренты и бренды;power bi личный кабинет;64;0;;power bi;навигация
конкуренты и бренды;power bi calculate;64;0;;power bi;общий
конкуренты и бренды;power bi ссылка;64;0;;power bi;общий
конкуренты и бренды;microsoft power bi excel;64;0;;power bi;общий
конкуренты и бренды;google forms iframe;64;0;;google forms;общий
язык задач — учёт;учет выполнения заявки на перевозку груза;64;0;;учет заявок;общий
язык задач — учёт;ласт дей склад учета;64;0;;учет склада;общий
язык задач — учёт;малое предприятие кадровый учет;64;0;;кадровый учет;общий
язык задач — учёт;ремонт кровли учет;64;0;;учет ремонтов;общий
язык задач — система/программа;программы для учета программного обеспечения;64;0;;программа для учета;общий
язык задач — система/программа;программа для ведения налогового учета;64;0;;программа для учета;общий
язык задач — система/программа;учет систем обработки персональных данных;64;0;;система учета данных;общий
язык задач — система/программа;сколько стоит crm система;64;0;;crm система;покупка
язык задач — система/программа;crm система для автосервиса;64;0;;crm система;общий
язык задач — система/программа;программа для ведения магазина;64;0;;программа для магазина;общий
задачи и боли Excel;excel 2016 сводная таблица;64;0;;сводные таблицы excel;общий
создание и внедрение;услуги автоматизации бизнес процессов;64;0;;автоматизация бизнес процессов;общий
создание и внедрение;ai автоматизация бизнес процессов;64;0;;автоматизация бизнес процессов;общий
создание и внедрение;модель автоматизации бизнес процессов;64;0;;автоматизация бизнес процессов;общий
создание и внедрение;1с комплексная автоматизация бухгалтерский учет;64;0;;автоматизация учета;общий
создание и внедрение;заказ на разработку документации;64;0;;разработка на заказ;общий
импортозамещение и закупка;совет по импортозамещению;64;0;;импортозамещение по;общий
данные и справочники;сопоставление номенклатуры бэд;64;0;;сопоставление номенклатуры;общий
данные и справочники;1с выгрузить справочник номенклатуры;64;0;;справочник номенклатуры;общий
данные и справочники;мастер бой дам дам;64;0;;мастер данные;общий
данные и справочники;мастер игры иммунитет кому дали;64;0;;мастер данные;общий
конкуренты и бренды;русский аналог notion;63;0;;аналог notion;выбор
конкуренты и бренды;планирование google таблицы;63;0;;google таблицы;общий
конкуренты и бренды;google таблиц кнопки;63;0;;google таблицы;общий
конкуренты и бренды;sql google таблицы;63;0;;google таблицы;общий
конкуренты и бренды;табель google таблицы;63;0;;google таблицы;общий
конкуренты и бренды;power bi mac;63;0;;power bi;общий
конкуренты и бренды;python sql power bi;63;0;;power bi;общий
конкуренты и бренды;power bi filter;63;0;;power bi;общий
конкуренты и бренды;визуализации tableau;63;0;;tableau;общий
конкуренты и бренды;tableau 2;63;0;;tableau;общий
конкуренты и бренды;microsoft sql server access;63;0;;microsoft access;общий
язык задач — учёт;сервис учета заказов;63;0;;учет заказов;общий
язык задач — учёт;учет заявок скачать;63;0;;учет заявок;навигация
язык задач — учёт;как организовать учет склада;63;0;;учет склада;общий
язык задач — учёт;складские документы учета товара;63;0;;складской учет;общий
язык задач — учёт;карточки складского учета образец м 17;63;0;;складской учет;общий
язык задач — учёт;ут складской учет;63;0;;складской учет;общий
язык задач — учёт;электронный складской учет;63;0;;складской учет;общий
язык задач — учёт;скачать программу складского учета;63;0;;складской учет;навигация
язык задач — учёт;первичный кадровый учет;63;0;;кадровый учет;общий
язык задач — учёт;ответственный за ведение кадрового учета;63;0;;кадровый учет;общий
язык задач — учёт;автоматизация учета закупок;63;0;;учет закупок;общий
язык задач — учёт;учет расходов на гарантийный ремонт;63;0;;учет ремонтов;общий
язык задач — учёт;организация учета и ремонта оборудования;63;0;;учет ремонтов;общий
язык задач — учёт;учет ремонта у арендатора;63;0;;учет ремонтов;общий
язык задач — система/программа;программы для учета заявлений;63;0;;программа для учета;общий
язык задач — система/программа;программа для ведения учета финансов;63;0;;программа для учета;общий
язык задач — система/программа;программа для учета продукции;63;0;;программа для учета;общий
язык задач — система/программа;5 система управления проектами;63;0;;система управления проектами;общий
язык задач — система/программа;система планов в управлении проектами;63;0;;система управления проектами;общий
язык задач — система/программа;моделирование систем управления проектами;63;0;;система управления проектами;общий
язык задач — система/программа;состав системы управления проектом;63;0;;система управления проектами;общий
язык задач — система/программа;форсайт система управления проектами;63;0;;система управления проектами;общий
язык задач — система/программа;проект система управления в российской федерации;63;0;;система управления проектами;общий
язык задач — система/программа;информационная система планирования производства;63;0;;система планирования производства;общий
язык задач — система/программа;какие системы относятся к crm;63;0;;crm система;общий
язык задач — система/программа;crm система обучение бесплатно;63;0;;crm система;учебное
язык задач — система/программа;эффективность crm систем;63;0;;crm система;общий
язык задач — система/программа;5 crm система;63;0;;crm система;общий
язык задач — система/программа;crm система реклама;63;0;;crm система;общий
язык задач — система/программа;контур экстерн сдача отчетности вход в систему;63;0;;система отчетности;навигация
язык задач — система/программа;внедрение bi системы;63;0;;bi система;покупка
задачи и боли Excel;как работать с впр в excel примеры;63;0;;впр excel;учебное
задачи и боли Excel;excel формулы функция впр;63;0;;впр excel;общий
задачи и боли Excel;сводная таблица с нескольких листов excel;63;0;;сводные таблицы excel;общий
создание и внедрение;автоматизация учета товаров 1с;63;0;;автоматизация учета;общий
создание и внедрение;1с erp внедрение производства;63;0;;внедрение erp;покупка
создание и внедрение;внедрение информационных образовательных систем;63;0;;внедрение информационной системы;покупка
ии и новое;инструменты для вайб кодинга;63;0;;вайб кодинг;общий
данные и справочники;1с предприятие справочник номенклатура;63;0;;справочник номенклатуры;общий
данные и справочники;даешь каждому мастеру по;63;0;;мастер данные;общий
конкуренты и бренды;как заменить отчет в 1с;62;0;;заменить 1с;выбор
конкуренты и бренды;1с это crm система или нет;62;0;;1с или crm;учебное
конкуренты и бренды;сервисы amocrm;62;0;;amocrm;общий
конкуренты и бренды;amocrm оплата;62;0;;amocrm;общий
конкуренты и бренды;airtable скачать;62;0;;airtable;навигация
конкуренты и бренды;google таблицы интеграции;62;0;;google таблицы;общий
конкуренты и бренды;google sheets создать таблицу;62;0;;google таблицы;общий
конкуренты и бренды;источник данных power bi;62;0;;power bi;общий
конкуренты и бренды;разработка power bi;62;0;;power bi;общий
конкуренты и бренды;яндекс power bi;62;0;;power bi;общий
конкуренты и бренды;power bi анализ данных excel;62;0;;power bi;общий
конкуренты и бренды;c power bi;62;0;;power bi;общий
конкуренты и бренды;power bi pdf;62;0;;power bi;общий
конкуренты и бренды;etudes tableaux op 39;62;0;;tableau;общий
конкуренты и бренды;metabase https;62;0;;metabase;общий
конкуренты и бренды;metabase sky pro;62;0;;metabase;общий
язык задач — учёт;автоматизация учета клиентов;62;0;;учет клиентов;общий
язык задач — учёт;учет заказов и финансов;62;0;;учет заказов;общий
язык задач — учёт;заявка постановки на учет автомобиля;62;0;;учет заявок;общий
язык задач — учёт;как правильно вести учет склада;62;0;;учет склада;общий
язык задач — учёт;порядок складского учета;62;0;;складской учет;общий
язык задач — учёт;скачать бесплатно книгу складского учета;62;0;;складской учет;навигация
язык задач — учёт;ведение и учет кадрового делопроизводства;62;0;;кадровый учет;общий
язык задач — учёт;кадровый учет скачать бесплатно;62;0;;кадровый учет;навигация
язык задач — учёт;кадровый учет с нуля;62;0;;кадровый учет;общий
язык задач — учёт;курсы по кадровому учету;62;0;;кадровый учет;учебное
язык задач — учёт;учет расходов на ремонт основных средств;62;0;;учет ремонтов;общий
язык задач — учёт;капитальный ремонт в бухгалтерском и налоговом учете;62;0;;учет ремонтов;общий
язык задач — учёт;учет расходов на ремонт помещения;62;0;;учет ремонтов;общий
язык задач — система/программа;программа для учета электроэнергии;62;0;;программа для учета;общий
язык задач — система/программа;crm систему клиентская база;62;0;;crm система;общий
язык задач — система/программа;crm системы цены;62;0;;crm система;покупка
язык задач — система/программа;процесс внедрения erp системы;62;0;;erp система;покупка
язык задач — система/программа;анализ erp систем;62;0;;erp система;общий
язык задач — система/программа;государственная система бухгалтерской отчетности;62;0;;система отчетности;общий
язык задач — система/программа;требования к системе отчетности;62;0;;система отчетности;общий
задачи и боли Excel;как прописать впр в excel;62;0;;впр excel;общий
задачи и боли Excel;функция впр в excel простыми словами;62;0;;впр excel;учебное
задачи и боли Excel;курс excel впр;62;0;;впр excel;учебное
задачи и боли Excel;excel как работать со сводными таблицами;62;0;;сводные таблицы excel;общий
задачи и боли Excel;как открыть сводную таблицу в excel;62;0;;сводные таблицы excel;общий
создание и внедрение;конструктор для создания мобильного приложения;62;0;;конструктор приложений;общий
создание и внедрение;конструктор веб приложений;62;0;;конструктор приложений;общий
создание и внедрение;автоматизация технического учета;62;0;;автоматизация учета;общий
создание и внедрение;учет инструмента автоматизация;62;0;;автоматизация учета;общий
создание и внедрение;основы внедрения информационных систем;62;0;;внедрение информационной системы;покупка
создание и внедрение;мобильная разработка заказать;62;0;;заказать разработку;покупка
создание и внедрение;техническое задание на проектирование системы оповещения;62;0;;техническое задание на систему;общий
импортозамещение и закупка;реестр отечественного по ндс;62;0;;реестр отечественного по;общий
импортозамещение и закупка;импортозамещение по 2024;62;0;;импортозамещение по;общий
данные и справочники;создать справочник номенклатура 1с;62;0;;справочник номенклатуры;общий
данные и справочники;1с загрузка справочника номенклатуры;62;0;;справочник номенклатуры;общий
данные и справочники;порно сестра дает мастер класс по сексу;62;0;;мастер данные;общий
конкуренты и бренды;amocrm бизнес;61;0;;amocrm;общий
конкуренты и бренды;amocrm метрика;61;0;;amocrm;общий
конкуренты и бренды;google таблицы отзывы;61;0;;google таблицы;общий
конкуренты и бренды;google таблицы столбцы в строки;61;0;;google таблицы;общий
конкуренты и бренды;https google ru таблицы;61;0;;google таблицы;общий
конкуренты и бренды;аналог google таблиц;61;0;;google таблицы;выбор
конкуренты и бренды;николай павлов power bi;61;0;;power bi;общий
конкуренты и бренды;power bi создать таблицу;61;0;;power bi;общий
конкуренты и бренды;microsoft access download;61;0;;microsoft access;общий
язык задач — учёт;учет заявок на материалы;61;0;;учет заявок;общий
язык задач — учёт;стол учета склад ласт дей;61;0;;учет склада;общий
язык задач — учёт;программа для учета товара на складе;61;0;;учет склада;общий
язык задач — учёт;учет склада топлива;61;0;;учет склада;общий
язык задач — учёт;учет материалов на складах ведут;61;0;;учет склада;общий
язык задач — учёт;анализ складской учет;61;0;;складской учет;общий
язык задач — учёт;как заполнять журнал складского учета;61;0;;складской учет;общий
язык задач — учёт;оказание услуг кадрового учета;61;0;;кадровый учет;общий
язык задач — учёт;кадровый учет персонала программа;61;0;;кадровый учет;общий
язык задач — учёт;кадровый воинский учет организаций;61;0;;кадровый учет;общий
язык задач — учёт;учет ремонта помещения арендатора;61;0;;учет ремонтов;общий
язык задач — система/программа;программа для учета инвестиций;61;0;;программа для учета;общий
язык задач — система/программа;программа для учета выполненных работ;61;0;;программа для учета;общий
язык задач — система/программа;учет лицензии на программу для эвм;61;0;;программа для учета;общий
язык задач — система/программа;программа для бухгалтерского учета усн;61;0;;программа для учета;общий
язык задач — система/программа;программа учета для библиотеки;61;0;;программа для учета;общий
язык задач — система/программа;корпоративная система управления проектом ксуп;61;0;;система управления проектами;общий
язык задач — система/программа;подбор crm системы;61;0;;crm система;общий
язык задач — система/программа;история crm систем;61;0;;crm система;общий
язык задач — система/программа;возможности crm система;61;0;;crm система;общий
язык задач — система/программа;система сводной отчетности;61;0;;система отчетности;общий
язык задач — система/программа;упрощенная система налогообложения какая отчетность;61;0;;система отчетности;общий
язык задач — система/программа;отчетность ооо общая система;61;0;;система отчетности;общий
задачи и боли Excel;excel сводные таблицы функция впр;61;0;;впр excel;общий
задачи и боли Excel;excel впр нд;61;0;;впр excel;общий
задачи и боли Excel;excel впр диапазон;61;0;;впр excel;общий
создание и внедрение;автоматизация учета информации;61;0;;автоматизация учета;общий
импортозамещение и закупка;реестр отечественного по сроки;61;0;;реестр отечественного по;общий
импортозамещение и закупка;план мероприятий по импортозамещению в промышленности;61;0;;импортозамещение по;общий
ии и новое;вайб кодингу на claude code;61;0;;вайб кодинг;общий
данные и справочники;справочник товарной номенклатуры;61;0;;справочник номенклатуры;общий
конкуренты и бренды;чем можно заменить 1с;60;0;;заменить 1с;выбор
конкуренты и бренды;amocrm виджеты;60;0;;amocrm;общий
конкуренты и бренды;google таблицы на пк;60;0;;google таблицы;общий
конкуренты и бренды;видео power bi;60;0;;power bi;общий
конкуренты и бренды;microsoft access помощь;60;0;;microsoft access;общий
конкуренты и бренды;microsoft access 2013;60;0;;microsoft access;общий
конкуренты и бренды;microsoft access 2.0;60;0;;microsoft access;общий
язык задач — учёт;учет клиентов excel;60;0;;учет клиентов;общий
язык задач — учёт;заявка на государственный учет объектов нвос;60;0;;учет заявок;общий
язык задач — учёт;как сделать учет склада;60;0;;учет склада;общий
язык задач — учёт;учет склада на каком счете;60;0;;учет склада;общий
язык задач — учёт;оформление складского учета;60;0;;складской учет;общий
язык задач — учёт;как организовать складской учет;60;0;;складской учет;общий
язык задач — учёт;ведение кадрового учета и заработной платы;60;0;;кадровый учет;общий
язык задач — учёт;где в 1с кадровый учет;60;0;;кадровый учет;общий
язык задач — учёт;системы бухгалтерского кадрового учета;60;0;;кадровый учет;общий
язык задач — учёт;государственную единую республиканскую систему учета обращений;60;0;;учет обращений;общий
язык задач — система/программа;программа для учета доходов ип;60;0;;программа для учета;общий
язык задач — система/программа;программы для учета кодов;60;0;;программа для учета;общий
язык задач — система/программа;программа для учета пользователей;60;0;;программа для учета;общий
язык задач — система/программа;программа для ведения бухгалтерского учета ип;60;0;;программа для учета;общий
язык задач — система/программа;лучшие системы управления проектами;60;0;;система управления проектами;выбор
язык задач — система/программа;производственная система и планирование производства;60;0;;система планирования производства;общий
язык задач — система/программа;система внутреннего контроля отчетности организации;60;0;;система отчетности;общий
язык задач — система/программа;bi системы для аналитики;60;0;;bi система;общий
язык задач — система/программа;магазин программ для андроид;60;0;;программа для магазина;общий
задачи и боли Excel;как применить впр в excel;60;0;;впр excel;общий
задачи и боли Excel;как настроить впр в excel;60;0;;впр excel;общий
создание и внедрение;автоматизация бизнеса ооо процесс;60;0;;автоматизация бизнес процессов;общий
создание и внедрение;разработка дизайна заказать;60;0;;заказать разработку;покупка
создание и внедрение;техническое задание на монтаж системы оповещения;60;0;;техническое задание на систему;общий
импортозамещение и закупка;план мероприятий по импортозамещению в отрасли;60;0;;импортозамещение по;общий
данные и справочники;справочник номенклатуры дел;60;0;;справочник номенклатуры;общий
конкуренты и бренды;заменить обработку в 1с;59;0;;заменить 1с;выбор
конкуренты и бренды;amocrm мессенджер;59;0;;amocrm;общий
конкуренты и бренды;amocrm как удалить удаленные;59;0;;amocrm;общий
конкуренты и бренды;как удалить amocrm;59;0;;amocrm;общий
конкуренты и бренды;google таблицы сегодня;59;0;;google таблицы;общий
конкуренты и бренды;kpi power bi;59;0;;power bi;общий
конкуренты и бренды;tableau бесплатно;59;0;;tableau;навигация
конкуренты и бренды;microsoft access формы;59;0;;microsoft access;общий
язык задач — учёт;учет клиентов отзывы;59;0;;учет клиентов;общий
язык задач — учёт;строительный склад учет;59;0;;учет склада;общий
язык задач — учёт;учет склада спецодежды;59;0;;учет склада;общий
язык задач — учёт;учета товара склада бесплатно;59;0;;учет склада;навигация
язык задач — учёт;как вести учет склада в 1с;59;0;;учет склада;общий
язык задач — учёт;программа для ведения учета склада;59;0;;учет склада;общий
язык задач — учёт;курсы 1с складской учет;59;0;;складской учет;учебное
язык задач — учёт;ерп учет ремонтов;59;0;;учет ремонтов;общий
язык задач — учёт;учет капитализируемого ремонта;59;0;;учет ремонтов;общий
язык задач — система/программа;программы для учета для windows;59;0;;программа для учета;общий
язык задач — система/программа;бесплатная программа для учета табеля;59;0;;программа для учета;общий
язык задач — система/программа;программа для учета честного знака;59;0;;программа для учета;общий
язык задач — система/программа;программы для автоматизированного учета;59;0;;программа для учета;общий
язык задач — система/программа;бесплатная программы для учета кадров;59;0;;программа для учета;общий
язык задач — система/программа;написать crm систему;59;0;;crm система;общий
язык задач — система/программа;10 crm систем;59;0;;crm система;общий
язык задач — система/программа;работа в erp системе 1с;59;0;;erp система;общий
язык задач — система/программа;система регулирования бухгалтерского учета и отчетности;59;0;;система отчетности;общий
язык задач — система/программа;единая система аналитической отчетности;59;0;;система отчетности;общий
язык задач — система/программа;система анализа финансовой отчетности;59;0;;система отчетности;общий
язык задач — система/программа;международная система финансовой отчетности;59;0;;система отчетности;общий
язык задач — система/программа;магазин для покупки программ;59;0;;программа для магазина;общий
задачи и боли Excel;как делать впр в excel для чайников;59;0;;впр excel;учебное
задачи и боли Excel;файлы excel тормозят;59;0;;excel тормозит;общий
задачи и боли Excel;сводные таблицы excel для начинающих;59;0;;сводные таблицы excel;общий
задачи и боли Excel;количество уникальных значений в сводной таблице excel;59;0;;сводные таблицы excel;общий
создание и внедрение;конструктор приложений без кода;59;0;;конструктор приложений;общий
создание и внедрение;автоматизация направлений учета;59;0;;автоматизация учета;общий
создание и внедрение;заказать разработку игры;59;0;;заказать разработку;покупка
импортозамещение и закупка;реестр отечественного по документы;59;0;;реестр отечественного по;общий
ии и новое;вайб кодинг примеры;59;0;;вайб кодинг;учебное
данные и справочники;справочник номенклатуры в excel;59;0;;справочник номенклатуры;общий
данные и справочники;система управления мастер данными;59;0;;мастер данные;общий
данные и справочники;сколько баллов дает кандидат мастера спорта;59;0;;мастер данные;общий
данные и справочники;сколько баллов дает мастер спорта к егэ;59;0;;мастер данные;учебное
данные и справочники;что дают за мастера спорта в россии;59;0;;мастер данные;общий
конкуренты и бренды;1с запрос заменить текст;58;0;;заменить 1с;выбор
конкуренты и бренды;команды google таблицы;58;0;;google таблицы;общий
конкуренты и бренды;power bi power query курсы;58;0;;power bi;учебное
конкуренты и бренды;поля microsoft access;58;0;;microsoft access;общий
конкуренты и бренды;разработка баз данных microsoft access;58;0;;microsoft access;общий
язык задач — учёт;учет клиентов программа бесплатно;58;0;;учет клиентов;навигация
язык задач — учёт;учет материалов на складе на производстве;58;0;;учет склада;общий
язык задач — учёт;1с бухгалтерия включить учет по складам;58;0;;учет склада;общий
язык задач — учёт;книга складского учета м 17 скачать;58;0;;складской учет;навигация
язык задач — учёт;кадровый учет трудовых книжек;58;0;;кадровый учет;общий
язык задач — учёт;кадровые учет москва;58;0;;кадровый учет;общий
язык задач — учёт;приборы учета тепла ремонт;58;0;;учет ремонтов;общий
язык задач — учёт;журнал учета технического обслуживания и ремонта аттракциона;58;0;;учет ремонтов;общий
язык задач — учёт;ремонта квартир учетом материалов;58;0;;учет ремонтов;общий
язык задач — учёт;капитальный ремонт учет в 1с;58;0;;учет ремонтов;общий
язык задач — учёт;учет ремонта зданий и сооружений;58;0;;учет ремонтов;общий
язык задач — учёт;капитальный ремонт счет бухгалтерского учета;58;0;;учет ремонтов;общий
язык задач — учёт;издержки обращения учет;58;0;;учет обращений;общий
язык задач — система/программа;программа для табеля учета рабочего времени бесплатно;58;0;;программа для учета;навигация
язык задач — система/программа;оператор crm систем;58;0;;crm система;общий
язык задач — система/программа;crm системы телефония;58;0;;crm система;общий
язык задач — система/программа;автоматизация продаж crm система;58;0;;crm система;общий
язык задач — система/программа;внедрение crm систем для бизнеса;58;0;;crm система;покупка
язык задач — система/программа;crm система для школы;58;0;;crm система;общий
язык задач — система/программа;складская программа для склада;58;0;;программа для склада;общий
язык задач — система/программа;программа 1с для учета склада;58;0;;программа для склада;общий
язык задач — система/программа;программа 1 с для магазина;58;0;;программа для магазина;общий
задачи и боли Excel;впр в excel сравнить две таблицы;58;0;;впр excel;общий
задачи и боли Excel;сводные таблицы в excel 2021;58;0;;сводные таблицы excel;общий
задачи и боли Excel;сводная таблица по листам excel;58;0;;сводные таблицы excel;общий
задачи и боли Excel;как преобразовать сводную таблицу в обычную excel;58;0;;сводные таблицы excel;общий
создание и внедрение;автоматизация бизнес процессов управления предприятием;58;0;;автоматизация бизнес процессов;общий
создание и внедрение;отдел автоматизации бизнес процессов;58;0;;автоматизация бизнес процессов;общий
создание и внедрение;автоматизация бухгалтерского учета услуги;58;0;;автоматизация учета;общий
создание и внедрение;1с внедрение информационных систем;58;0;;внедрение информационной системы;покупка
создание и внедрение;техническое задание на создание системы защиты информации;58;0;;техническое задание на систему;общий
создание и внедрение;техническое задание на сплит систему;58;0;;техническое задание на систему;общий
ии и новое;создать приложение с помощью нейросети бесплатно;58;0;;приложение с помощью нейросети;навигация
данные и справочники;сопоставление номенклатуры в 1 с;58;0;;сопоставление номенклатуры;общий
данные и справочники;управление справочником номенклатура;58;0;;справочник номенклатуры;общий
данные и справочники;перенос справочника номенклатура;58;0;;справочник номенклатуры;общий
данные и справочники;справочник номенклатуры медицинских услуг;58;0;;справочник номенклатуры;общий
данные и справочники;1с справочник характеристики номенклатуры;58;0;;справочник номенклатуры;общий
данные и справочники;дала мастеру за интернет;58;0;;мастер данные;общий
конкуренты и бренды;строка заменить в запросе 1с;57;0;;заменить 1с;выбор
конкуренты и бренды;google power bi;57;0;;power bi;общий
конкуренты и бренды;российский power bi;57;0;;power bi;общий
конкуренты и бренды;power bi desktop rs;57;0;;power bi;общий
конкуренты и бренды;power bi с нуля;57;0;;power bi;общий
язык задач — учёт;учета клиентов предприятия;57;0;;учет клиентов;общий
язык задач — учёт;учет заявок в производство;57;0;;учет заявок;общий
язык задач — учёт;учет температуры на складе;57;0;;учет склада;общий
язык задач — учёт;таблица учета склада в excel;57;0;;учет склада;общий
язык задач — учёт;учет товара простой склад;57;0;;учет склада;общий
язык задач — учёт;учет кладовщика на складе;57;0;;учет склада;общий
язык задач — учёт;типы складского учета;57;0;;складской учет;общий
язык задач — учёт;создание складского учета;57;0;;складской учет;общий
язык задач — учёт;техник складского учета;57;0;;складской учет;общий
язык задач — учёт;учет складской техники;57;0;;складской учет;общий
язык задач — учёт;модуль складского учета;57;0;;складской учет;общий
язык задач — учёт;книга складского учета материалов скачать бесплатно;57;0;;складской учет;навигация
язык задач — учёт;кадровый учет государственных служащих;57;0;;кадровый учет;общий
язык задач — учёт;бухгалтерские услуги кадровый учет;57;0;;кадровый учет;общий
язык задач — учёт;карточки кадрового учета;57;0;;кадровый учет;общий
язык задач — учёт;1с кадровый учет и управление персоналом;57;0;;кадровый учет;общий
язык задач — учёт;воинский учет в кадровом делопроизводстве;57;0;;кадровый учет;общий
язык задач — система/программа;система управления проектами agile;57;0;;система управления проектами;общий
язык задач — система/программа;организация системы управления персоналом проекта;57;0;;система управления проектами;общий
язык задач — система/программа;crm система контакты;57;0;;crm система;общий
язык задач — система/программа;crm система документооборот;57;0;;crm система;общий
язык задач — система/программа;crm система автоматизация бизнеса;57;0;;crm система;общий
язык задач — система/программа;интерфейс crm системы;57;0;;crm система;общий
язык задач — система/программа;сайт налоговой система регистрации сдачи отчетности;57;0;;система отчетности;общий
язык задач — система/программа;сайт регистрации в системе сдачи отчетности;57;0;;система отчетности;общий
язык задач — система/программа;система электронной отчетности и документооборота;57;0;;система отчетности;общий
язык задач — система/программа;система сбора отчетности по инн;57;0;;система отчетности;общий
язык задач — система/программа;магазин для поиска программ;57;0;;программа для магазина;общий
задачи и боли Excel;впр с условием если в excel;57;0;;впр excel;общий
задачи и боли Excel;функция сравнения в excel впр;57;0;;впр excel;выбор
задачи и боли Excel;впр и сводные таблицы в excel обучение;57;0;;впр excel;учебное
создание и внедрение;сделать приложение конструктор;57;0;;конструктор приложений;общий
создание и внедрение;автоматизация бизнес процессов определения;57;0;;автоматизация бизнес процессов;общий
создание и внедрение;программные автоматизации бухгалтерского учета;57;0;;автоматизация учета;общий
создание и внедрение;пример внедрения erp;57;0;;внедрение erp;учебное
импортозамещение и закупка;выписка из реестра отечественного по;57;0;;реестр отечественного по;общий
импортозамещение и закупка;закупки по импортозамещению;57;0;;импортозамещение по;общий
данные и справочники;как выгрузить справочник номенклатура;57;0;;справочник номенклатуры;общий
конкуренты и бренды;amocrm ru api;56;0;;amocrm;общий
конкуренты и бренды;google таблицы адрес;56;0;;google таблицы;общий
конкуренты и бренды;сервис google таблицы;56;0;;google таблицы;общий
конкуренты и бренды;аналитика google таблицы;56;0;;google таблицы;общий
конкуренты и бренды;power bi date;56;0;;power bi;общий
конкуренты и бренды;tableau online;56;0;;tableau;общий
конкуренты и бренды;bi системы tableau;56;0;;tableau;общий
конкуренты и бренды;microsoft access 365;56;0;;microsoft access;общий
язык задач — учёт;учет клиентов склад;56;0;;учет клиентов;общий
язык задач — учёт;учет клиентов для бизнеса;56;0;;учет клиентов;общий
язык задач — учёт;учет и обработка заказа;56;0;;учет заказов;общий
язык задач — учёт;складской учет приход расход;56;0;;складской учет;общий
язык задач — учёт;складской учет онлайн;56;0;;складской учет;общий
язык задач — учёт;ведение складского учета в 1с;56;0;;складской учет;общий
язык задач — учёт;складской учет номенклатура;56;0;;складской учет;общий
язык задач — учёт;структура кадрового учета;56;0;;кадровый учет;общий
язык задач — учёт;ведение кадрового и воинского учета;56;0;;кадровый учет;общий
язык задач — учёт;как вести учет закупок;56;0;;учет закупок;общий
язык задач — учёт;возмещение восстановительного ремонта без учета износа;56;0;;учет ремонтов;общий
язык задач — система/программа;разработка проекта системы управления предприятием;56;0;;система управления проектами;общий
язык задач — система/программа;современные системы управления проектами;56;0;;система управления проектами;общий
язык задач — система/программа;система управления проектами москва;56;0;;система управления проектами;общий
язык задач — система/программа;система crm видео;56;0;;crm система;общий
язык задач — система/программа;технологии erp систем;56;0;;erp система;общий
язык задач — система/программа;erp и другие системы;56;0;;erp система;общий
язык задач — система/программа;scada mes системы;56;0;;mes система;общий
язык задач — система/программа;система самостоятельной регистрации абонента отчетности;56;0;;система отчетности;общий
язык задач — система/программа;ип на общей системе какая отчетность;56;0;;система отчетности;общий
язык задач — система/программа;bi система аналитики данных;56;0;;bi система;общий
язык задач — система/программа;программа для контроля склада;56;0;;программа для склада;общий
задачи и боли Excel;впр excel сравнить два столбца;56;0;;впр excel;общий
задачи и боли Excel;ms excel впр;56;0;;впр excel;общий
задачи и боли Excel;расчеты в сводных таблицах excel;56;0;;сводные таблицы excel;общий
создание и внедрение;учет ндс в 1с комплексная автоматизация;56;0;;автоматизация учета;общий
импортозамещение и закупка;товары по импортозамещению;56;0;;импортозамещение по;общий
ии и новое;приложения для вайб кодинга;56;0;;вайб кодинг;общий
данные и справочники;примеры справочника номенклатуры;56;0;;справочник номенклатуры;учебное
данные и справочники;давай свяжем вязание крючком мастер классы;56;0;;мастер данные;общий
конкуренты и бренды;как перенести таблицу из google;55;0;;google таблицы;общий
конкуренты и бренды;google таблицы просмотр;55;0;;google таблицы;общий
конкуренты и бренды;power bi excel скачать;55;0;;power bi;навигация
конкуренты и бренды;power bi основы;55;0;;power bi;общий
конкуренты и бренды;скачать отчет power bi;55;0;;power bi;навигация
конкуренты и бренды;power bi проценты;55;0;;power bi;общий
конкуренты и бренды;metabase bi;55;0;;metabase;общий
конкуренты и бренды;microsoft store access;55;0;;microsoft access;общий
язык задач — учёт;учет клиентов психолога;55;0;;учет клиентов;общий
язык задач — учёт;автоматизированный учет заявок;55;0;;учет заявок;общий
язык задач — учёт;приложение учета заявок;55;0;;учет заявок;общий
язык задач — учёт;складской учет рб;55;0;;складской учет;общий
язык задач — учёт;складской учет битрикс24;55;0;;складской учет;общий
язык задач — учёт;организовать кадровый учет;55;0;;кадровый учет;общий
язык задач — учёт;подбор персонала кадровый учет;55;0;;кадровый учет;общий
язык задач — учёт;сведения о мероприятиях кадрового учета;55;0;;кадровый учет;общий
язык задач — учёт;учет технического обслуживания ремонта автомобилей;55;0;;учет ремонтов;общий
язык задач — система/программа;система сбора данных приборов учета;55;0;;система учета данных;общий
язык задач — система/программа;построение системы управления проектом;55;0;;система управления проектами;общий
язык задач — система/программа;с какими crm системами вы работали;55;0;;crm система;общий
язык задач — система/программа;crm системы рф;55;0;;crm система;общий
язык задач — система/программа;crm система анализ данных;55;0;;crm система;общий
язык задач — система/программа;учетная система 1с erp;55;0;;erp система;общий
язык задач — система/программа;аналитик erp систем;55;0;;erp система;общий
язык задач — система/программа;возможности erp систем;55;0;;erp система;общий
язык задач — система/программа;система erp 5;55;0;;erp система;общий
язык задач — система/программа;проектирование erp системы;55;0;;erp система;общий
язык задач — система/программа;oracle erp системы;55;0;;erp система;общий
язык задач — система/программа;рынок erp системы;55;0;;erp система;общий
язык задач — система/программа;российская mes система;55;0;;mes система;общий
язык задач — система/программа;mes система 1с;55;0;;mes система;общий
язык задач — система/программа;аналитическая система сбора отчетности;55;0;;система отчетности;общий
язык задач — система/программа;программа для магазина установить;55;0;;программа для магазина;общий
задачи и боли Excel;впр в excel между двумя файлами;55;0;;впр excel;общий
задачи и боли Excel;мастер сводных таблиц в excel;55;0;;сводные таблицы excel;общий
задачи и боли Excel;исходные данные сводной таблицы excel;55;0;;сводные таблицы excel;общий
задачи и боли Excel;добавить строку в сводную таблицу excel;55;0;;сводные таблицы excel;общий
задачи и боли Excel;использование сводных таблиц в excel;55;0;;сводные таблицы excel;общий
создание и внедрение;автоматизация учета доходов;55;0;;автоматизация учета;общий
создание и внедрение;автоматизация учет материалов;55;0;;автоматизация учета;общий
создание и внедрение;внедрение erp решения;55;0;;внедрение erp;покупка
создание и внедрение;техническое задание на промывку системы отопления;55;0;;техническое задание на систему;общий
импортозамещение и закупка;отечественная crm;55;0;;отечественная crm;общий
ии и новое;нейросети для бизнеса 2026;55;0;;нейросеть для бизнеса;общий
ии и новое;ии сервис для автоматизации;55;0;;ии для автоматизации;общий
данные и справочники;мастер данные товара;55;0;;мастер данные;общий
конкуренты и бренды;подключение amocrm;54;0;;amocrm;общий
конкуренты и бренды;amocrm телефония;54;0;;amocrm;общий
конкуренты и бренды;выгрузка в google таблицы;54;0;;google таблицы;общий
конкуренты и бренды;birdyx excel и google таблицы для бизнеса;54;0;;google таблицы;общий
конкуренты и бренды;power bi button;54;0;;power bi;общий
конкуренты и бренды;power bi вход в личный;54;0;;power bi;навигация
конкуренты и бренды;power bi вход в личный кабинет;54;0;;power bi;навигация
конкуренты и бренды;power bi приложение;54;0;;power bi;общий
конкуренты и бренды;superset power bi;54;0;;power bi;общий
конкуренты и бренды;tableau maps;54;0;;tableau;общий
конкуренты и бренды;bi инструменты tableau;54;0;;tableau;общий
язык задач — учёт;учет заказов ремонт;54;0;;учет заказов;общий
язык задач — учёт;эксель учет заказов;54;0;;учет заказов;общий
язык задач — учёт;учет остатков на складе программа;54;0;;учет склада;общий
язык задач — учёт;учет товара склад онлайн;54;0;;учет склада;общий
язык задач — учёт;разработать складской учет;54;0;;складской учет;общий
язык задач — учёт;база 1с складской учет;54;0;;складской учет;общий
язык задач — учёт;складской учет видео;54;0;;складской учет;общий
язык задач — учёт;приказ о ведение кадрового учета;54;0;;кадровый учет;общий
язык задач — учёт;учет ремонта объектов основных средств;54;0;;учет ремонтов;общий
язык задач — учёт;ремонт площадки учет;54;0;;учет ремонтов;общий
язык задач — учёт;ремонт оборудования счет учета;54;0;;учет ремонтов;общий
язык задач — учёт;текущий ремонт имущества учет;54;0;;учет ремонтов;общий
язык задач — система/программа;центр управления проектами система;54;0;;система управления проектами;общий
язык задач — система/программа;системы управления проектом виды;54;0;;система управления проектами;общий
язык задач — система/программа;информационная система управления проектами цифровой проект;54;0;;система управления проектами;общий
язык задач — система/программа;crm системы инструкция;54;0;;crm система;учебное
язык задач — система/программа;crm системы для продаж какие бывают;54;0;;crm система;общий
язык задач — система/программа;системы управления отношениями с клиентами crm;54;0;;crm система;общий
язык задач — система/программа;поддержка erp систем;54;0;;erp система;общий
язык задач — система/программа;схема erp системы;54;0;;erp система;общий
язык задач — система/программа;информационные системы mes;54;0;;mes система;общий
язык задач — система/программа;системы mes уровня;54;0;;mes система;общий
язык задач — система/программа;упрощенная система налогообложения налоговая отчетность;54;0;;система отчетности;общий
язык задач — система/программа;bi системами аналитикой данных;54;0;;bi система;общий
язык задач — система/программа;bi системы примеры;54;0;;bi система;учебное
язык задач — система/программа;бесплатные программы для ведения склада;54;0;;программа для склада;общий
язык задач — система/программа;какую программу для магазина выбрать;54;0;;программа для магазина;выбор
язык задач — система/программа;образец программы производственного контроля для магазина;54;0;;программа для магазина;общий
задачи и боли Excel;знание excel впр;54;0;;впр excel;общий
задачи и боли Excel;excel для учета товара;54;0;;excel для учета;общий
создание и внедрение;конструктор android приложений;54;0;;конструктор приложений;общий
создание и внедрение;описание бизнес процесс автоматизация;54;0;;автоматизация бизнес процессов;общий
создание и внедрение;автоматизация учета реализации;54;0;;автоматизация учета;общий
создание и внедрение;уровень автоматизации учета;54;0;;автоматизация учета;общий
создание и внедрение;комплексная автоматизация учет зарплаты;54;0;;автоматизация учета;учебное
создание и внедрение;налоговый учет в 1с комплексная автоматизация;54;0;;автоматизация учета;общий
создание и внедрение;erp внедрение регламентированного учета;54;0;;внедрение erp;покупка
создание и внедрение;внедрение проект 1с erp;54;0;;внедрение erp;покупка
создание и внедрение;разработка проекта внедрения информационной системы;54;0;;внедрение информационной системы;покупка
импортозамещение и закупка;субсидия по импортозамещению;54;0;;импортозамещение по;общий
ии и новое;вайб кодинг игры;54;0;;вайб кодинг;общий
ии и новое;нейросеть для создания бизнес плана;54;0;;нейросеть для бизнеса;общий
данные и справочники;во сколько лет дают мастера;54;0;;мастер данные;общий
конкуренты и бренды;аналитик amocrm;53;0;;amocrm;общий
конкуренты и бренды;аналитика amocrm;53;0;;amocrm;общий
конкуренты и бренды;amocrm документация;53;0;;amocrm;общий
конкуренты и бренды;google таблицы базовый;53;0;;google таблицы;общий
конкуренты и бренды;google таблицы скачать на пк;53;0;;google таблицы;навигация
конкуренты и бренды;результаты google таблицы;53;0;;google таблицы;общий
конкуренты и бренды;power bi книга скачать;53;0;;power bi;навигация
конкуренты и бренды;шаблон power bi;53;0;;power bi;общий
конкуренты и бренды;обновить power bi;53;0;;power bi;общий
конкуренты и бренды;tableau python;53;0;;tableau;общий
конкуренты и бренды;microsoft access примеры;53;0;;microsoft access;учебное
конкуренты и бренды;microsoft access security;53;0;;microsoft access;общий
конкуренты и бренды;программирование microsoft access;53;0;;microsoft access;общий
язык задач — учёт;учет и контроль заказов;53;0;;учет заказов;общий
язык задач — учёт;учет транспортных заявок;53;0;;учет заявок;общий
язык задач — учёт;учет товарно материальных ценностей на складе;53;0;;учет склада;общий
язык задач — учёт;хранение и учет материалов на складе;53;0;;учет склада;общий
язык задач — учёт;документы складского учета 1с;53;0;;складской учет;общий
язык задач — учёт;сопровождения кадрового учета;53;0;;кадровый учет;общий
язык задач — учёт;кадровый учет командировок;53;0;;кадровый учет;общий
язык задач — учёт;учет и ведение кадровых документов;53;0;;кадровый учет;общий
язык задач — учёт;менеджер кадрового учета;53;0;;кадровый учет;общий
язык задач — учёт;централизованные закупки учет;53;0;;учет закупок;общий
язык задач — учёт;учет обращений родителей;53;0;;учет обращений;общий
язык задач — учёт;учет обращений в банке;53;0;;учет обращений;общий
язык задач — система/программа;управление проектами разработки информационных систем;53;0;;система управления проектами;общий
язык задач — система/программа;информационная система управления проектами и процессами;53;0;;система управления проектами;общий
язык задач — система/программа;модуль crm системы;53;0;;crm система;общий
язык задач — система/программа;erp система скачать;53;0;;erp система;навигация
язык задач — система/программа;характеристика erp системы;53;0;;erp система;общий
язык задач — система/программа;какую erp систему выбрать;53;0;;erp система;выбор
язык задач — система/программа;подсистемы erp системы;53;0;;erp система;общий
язык задач — система/программа;система бух отчетность;53;0;;система отчетности;общий
язык задач — система/программа;система налогообложения усн отчетность;53;0;;система отчетности;общий
язык задач — система/программа;отчетность в системе управления организацией;53;0;;система отчетности;общий
язык задач — система/программа;лучшие программы для склада;53;0;;программа для склада;выбор
язык задач — система/программа;программа для цен в магазинах;53;0;;программа для магазина;общий
язык задач — система/программа;программа gk для магазина;53;0;;программа для магазина;общий
задачи и боли Excel;впр функция excel видео;53;0;;впр excel;общий
задачи и боли Excel;excel сводная из разных таблиц;53;0;;сводные таблицы excel;общий
задачи и боли Excel;vba excel сводные таблицы;53;0;;сводные таблицы excel;общий
создание и внедрение;настройка учета в комплексной автоматизации 1с;53;0;;автоматизация учета;общий
создание и внедрение;внедрение 1с erp 2 2;53;0;;внедрение erp;покупка
создание и внедрение;внедрение 1с erp подготовка;53;0;;внедрение erp;покупка
создание и внедрение;мобильная разработка на заказ;53;0;;разработка на заказ;общий
импортозамещение и закупка;on premise версия;53;0;;on premise;общий
импортозамещение и закупка;on premises exchange;53;0;;on premise;общий
ии и новое;вайб кодинг ai;53;0;;вайб кодинг;общий
данные и справочники;во сколько лет дают мастера спорта;53;0;;мастер данные;общий
конкуренты и бренды;почему amocrm;52;0;;amocrm;общий
конкуренты и бренды;max amocrm;52;0;;amocrm;общий
конкуренты и бренды;amocrm установить;52;0;;amocrm;общий
конкуренты и бренды;amocrm списки;52;0;;amocrm;общий
конкуренты и бренды;уведомления amocrm;52;0;;amocrm;общий
конкуренты и бренды;google таблицы задания;52;0;;google таблицы;общий
конкуренты и бренды;склад google таблицы;52;0;;google таблицы;общий
конкуренты и бренды;как заполнить google таблицу;52;0;;google таблицы;общий
конкуренты и бренды;google таблицы скрипты;52;0;;google таблицы;общий
конкуренты и бренды;google таблицы word;52;0;;google таблицы;общий
конкуренты и бренды;power bi установка;52;0;;power bi;общий
конкуренты и бренды;курс аналитик power bi;52;0;;power bi;учебное
конкуренты и бренды;курсы аналитика power bi;52;0;;power bi;учебное
конкуренты и бренды;программа microsoft office access;52;0;;microsoft access;общий
язык задач — учёт;программа учет заказов клиентов;52;0;;учет клиентов;общий
язык задач — учёт;учета заявок на ремонт оборудования;52;0;;учет заявок;общий
язык задач — учёт;заявку на опломбировку приборов учета;52;0;;учет заявок;общий
язык задач — учёт;схемы учета склада;52;0;;учет склада;общий
язык задач — учёт;электронный учет склад;52;0;;учет склада;общий
язык задач — учёт;как вести учет товара на складе;52;0;;учет склада;общий
язык задач — учёт;сканер складского учета;52;0;;складской учет;общий
язык задач — учёт;руководитель складского учета;52;0;;складской учет;общий
язык задач — учёт;управленческий кадровый учет;52;0;;кадровый учет;общий
язык задач — учёт;кадровый учет книги;52;0;;кадровый учет;общий
язык задач — учёт;знание кадрового учета;52;0;;кадровый учет;общий
язык задач — учёт;бюджетный учет государственных закупок;52;0;;учет закупок;общий
язык задач — учёт;учет капитального и текущего ремонта;52;0;;учет ремонтов;общий
язык задач — учёт;учет ремонта автотранспорта;52;0;;учет ремонтов;общий
язык задач — учёт;лист учета ремонта;52;0;;учет ремонтов;общий
язык задач — учёт;учет капитального ремонта в проводках;52;0;;учет ремонтов;общий
язык задач — учёт;ремонт помещений в налоговом учете;52;0;;учет ремонтов;общий
язык задач — система/программа;какую систему управления проектами выбрать;52;0;;система управления проектами;выбор
язык задач — система/программа;проект информационного обеспечения системы управления проектами;52;0;;система управления проектами;общий
язык задач — система/программа;crm системы необходимы для;52;0;;crm система;общий
язык задач — система/программа;erp система обучение;52;0;;erp система;учебное
язык задач — система/программа;стоимость erp систем;52;0;;erp система;покупка
язык задач — система/программа;единая система бухгалтерского учета и отчетности;52;0;;система отчетности;общий
язык задач — система/программа;ао система отчетность;52;0;;система отчетности;общий
язык задач — система/программа;bi система это простыми словами;52;0;;bi система;учебное
язык задач — система/программа;bi информационная система;52;0;;bi система;общий
язык задач — система/программа;программа для кладовщика на складе;52;0;;программа для склада;общий
язык задач — система/программа;программа для карт магазинов;52;0;;программа для магазина;общий
язык задач — система/программа;магазин программ для игры;52;0;;программа для магазина;общий
язык задач — система/программа;программа 1с для магазина розничной торговли;52;0;;программа для магазина;общий
язык задач — система/программа;программа для автосервиса и магазина;52;0;;программа для магазина;общий
задачи и боли Excel;впр в excel значения формула;52;0;;впр excel;общий
задачи и боли Excel;уроки excel сводная таблица;52;0;;сводные таблицы excel;учебное
задачи и боли Excel;сделать срез в сводной таблице excel;52;0;;сводные таблицы excel;общий
создание и внедрение;программа конструктор приложения;52;0;;конструктор приложений;общий
создание и внедрение;программы автоматизации бухгалтерского учета;52;0;;автоматизация учета;общий
создание и внедрение;формы автоматизации учета;52;0;;автоматизация учета;общий
создание и внедрение;техническое задание на часть системы;52;0;;техническое задание на систему;общий
создание и внедрение;цифровизация экономики предприятия;52;0;;цифровизация предприятия;общий
импортозамещение и закупка;on premise перевод;52;0;;on premise;общий
импортозамещение и закупка;сервер on premise;52;0;;on premise;общий
ии и новое;лучший ии для вайб кодинга;52;0;;вайб кодинг;выбор
ии и новое;нейросети для бизнеса практикум;52;0;;нейросеть для бизнеса;общий
данные и справочники;сопоставление номенклатуры в 1с маркетплейс;52;0;;сопоставление номенклатуры;общий
конкуренты и бренды;yclients amocrm;51;0;;amocrm;общий
конкуренты и бренды;amocrm whatsapp;51;0;;amocrm;общий
конкуренты и бренды;amocrm 7;51;0;;amocrm;общий
конкуренты и бренды;российский аналог notion;51;0;;аналог notion;выбор
конкуренты и бренды;crm google таблицы;51;0;;google таблицы;общий
конкуренты и бренды;импорт google таблицы;51;0;;google таблицы;общий
конкуренты и бренды;excel google таблицы обучение;51;0;;google таблицы;учебное
конкуренты и бренды;power bi модель данных;51;0;;power bi;общий
конкуренты и бренды;как выглядит power bi;51;0;;power bi;общий
конкуренты и бренды;данные для tableau;51;0;;tableau;общий
конкуренты и бренды;google form регистрация;51;0;;google forms;общий
конкуренты и бренды;microsoft access database engine 64;51;0;;microsoft access;общий
язык задач — учёт;учет заказов сайт;51;0;;учет заказов;общий
язык задач — учёт;учет материальных запасов на складах;51;0;;учет склада;общий
язык задач — учёт;erp учет по складам;51;0;;учет склада;общий
язык задач — учёт;складской учет положение;51;0;;складской учет;общий
язык задач — учёт;включить складской учет;51;0;;складской учет;общий
язык задач — учёт;персональные данные в целях кадрового учета;51;0;;кадровый учет;общий
язык задач — учёт;восстановление кадрового учета;51;0;;кадровый учет;общий
язык задач — учёт;методы кадрового учета;51;0;;кадровый учет;общий
язык задач — учёт;кадровый учет онлайн;51;0;;кадровый учет;общий
язык задач — учёт;расходы на капитальный ремонт в налоговом учете;51;0;;учет ремонтов;общий
язык задач — учёт;налоговый учет резервов на ремонт основных;51;0;;учет ремонтов;общий
язык задач — система/программа;разработка автоматизированной системы управления проектами;51;0;;система управления проектами;общий
язык задач — система/программа;взаимодействие erp системы;51;0;;erp система;общий
язык задач — система/программа;лучшие erp системы;51;0;;erp система;выбор
язык задач — система/программа;система международных стандартов отчетности;51;0;;система отчетности;общий
задачи и боли Excel;впр суммесли в excel;51;0;;впр excel;общий
задачи и боли Excel;книга excel сводные таблицы;51;0;;сводные таблицы excel;общий
задачи и боли Excel;как убрать итоги в сводной таблице excel;51;0;;сводные таблицы excel;общий
задачи и боли Excel;excel таблица для учета товаров;51;0;;excel для учета;общий
создание и внедрение;конструктор карт яндекс приложение;51;0;;конструктор приложений;общий
создание и внедрение;бесплатный конструктор приложений на русском;51;0;;конструктор приложений;общий
создание и внедрение;автоматизация бизнес процессов основы;51;0;;автоматизация бизнес процессов;общий
создание и внедрение;требования автоматизации бизнес процессов;51;0;;автоматизация бизнес процессов;общий
создание и внедрение;сервис автоматизации бизнес процессов;51;0;;автоматизация бизнес процессов;общий
создание и внедрение;автоматизация учета онлайн;51;0;;автоматизация учета;общий
создание и внедрение;подготовка к внедрению erp;51;0;;внедрение erp;покупка
создание и внедрение;техническое задание на государственную информационную систему;51;0;;техническое задание на систему;общий
импортозамещение и закупка;реестр отечественного по linux;51;0;;реестр отечественного по;общий
импортозамещение и закупка;фз по импортозамещению;51;0;;импортозамещение по;общий
импортозамещение и закупка;реестр по импортозамещению;51;0;;импортозамещение по;общий
импортозамещение и закупка;compass on premise;51;0;;on premise;общий
импортозамещение и закупка;on premise лицензия;51;0;;on premise;общий
ии и новое;вайб кодинг сервисы;51;0;;вайб кодинг;общий
данные и справочники;сопоставление номенклатуры в 1с розница;51;0;;сопоставление номенклатуры;общий
данные и справочники;где находится справочник номенклатура;51;0;;справочник номенклатуры;общий
данные и справочники;справочник номенклатура в 1с ерп;51;0;;справочник номенклатуры;общий
данные и справочники;справочник номенклатура общие;51;0;;справочник номенклатуры;общий
данные и справочники;заполнить справочник номенклатуры в 1с;51;0;;справочник номенклатуры;общий
данные и справочники;мастер данные что значит;51;0;;мастер данные;общий
данные и справочники;мастер подключения данных;51;0;;мастер данные;общий
конкуренты и бренды;как заменить сертификат в 1с эдо;50;0;;заменить 1с;выбор
конкуренты и бренды;битрикс 24 amocrm;50;0;;amocrm;общий
конкуренты и бренды;amocrm не работает;50;0;;amocrm;проблема
конкуренты и бренды;amocrm лиды;50;0;;amocrm;общий
конкуренты и бренды;карточка в amocrm;50;0;;amocrm;общий
конкуренты и бренды;excel google таблицы скачать;50;0;;google таблицы;навигация
конкуренты и бренды;2024 google таблицы;50;0;;google таблицы;общий
конкуренты и бренды;google документы таблицы презентации;50;0;;google таблицы;общий
конкуренты и бренды;google таблицы вставить ссылку;50;0;;google таблицы;общий
конкуренты и бренды;power bi код;50;0;;power bi;общий
конкуренты и бренды;power bi vs;50;0;;power bi;общий
конкуренты и бренды;power bi скачать торрент;50;0;;power bi;навигация
конкуренты и бренды;как сделать таблицу в power bi;50;0;;power bi;общий
конкуренты и бренды;power bi 2025;50;0;;power bi;общий
конкуренты и бренды;условное форматирование в power bi;50;0;;power bi;общий
конкуренты и бренды;power bi возможности;50;0;;power bi;общий
конкуренты и бренды;текст в power bi;50;0;;power bi;общий
конкуренты и бренды;сделать google form;50;0;;google forms;общий
язык задач — учёт;учет клиентов скачать;50;0;;учет клиентов;навигация
язык задач — учёт;правила учета на складе;50;0;;учет склада;общий
язык задач — учёт;учет документооборот склада;50;0;;учет склада;общий
язык задач — учёт;учет прихода товара на склад;50;0;;учет склада;общий
язык задач — учёт;скачать программу складского учета бесплатно;50;0;;складской учет;навигация
язык задач — учёт;акт складского учета;50;0;;складской учет;общий
язык задач — учёт;начальник кадрового учета;50;0;;кадровый учет;общий
язык задач — учёт;курсы кадровый учет и делопроизводство;50;0;;кадровый учет;учебное
язык задач — учёт;программа учета заработной платы кадрового учета;50;0;;кадровый учет;общий
язык задач — учёт;система кадрового учета в организации;50;0;;кадровый учет;общий
язык задач — учёт;справочники кадрового учета;50;0;;кадровый учет;общий
язык задач — учёт;положение о закупках с учетом изменений;50;0;;учет закупок;общий
язык задач — учёт;учет ремонта полов;50;0;;учет ремонтов;общий
язык задач — учёт;отражение ремонта в бухгалтерском учете;50;0;;учет ремонтов;общий
язык задач — система/программа;система управления проектом положение;50;0;;система управления проектами;общий
язык задач — система/программа;jira система управления проектами;50;0;;система управления проектами;общий
язык задач — система/программа;erp система в управлении проектами;50;0;;система управления проектами;общий
язык задач — система/программа;система управления стоимостью проекта;50;0;;система управления проектами;покупка
язык задач — система/программа;эффективность erp системы;50;0;;erp система;общий
язык задач — система/программа;mes erp системы что это;50;0;;erp система;учебное
язык задач — система/программа;внедряет erp системы;50;0;;erp система;общий
язык задач — система/программа;ооо система бухгалтерская отчетность;50;0;;система отчетности;общий
язык задач — система/программа;какие bi системы есть;50;0;;bi система;общий
язык задач — система/программа;программы для сети магазинов;50;0;;программа для магазина;общий
язык задач — система/программа;программа для 2 магазинов;50;0;;программа для магазина;общий
задачи и боли Excel;как пользоваться формулой впр в excel;50;0;;впр excel;общий
задачи и боли Excel;работа функции впр в excel;50;0;;впр excel;общий
задачи и боли Excel;впр excel все про функцию;50;0;;впр excel;общий
задачи и боли Excel;добавить вычисляемое поле в сводную таблицу excel;50;0;;сводные таблицы excel;общий
создание и внедрение;crm автоматизации бизнес процессов;50;0;;автоматизация бизнес процессов;общий
создание и внедрение;программы автоматизации бизнес процессов;50;0;;автоматизация бизнес процессов;общий
создание и внедрение;технологии автоматизации бизнес процессов rpa;50;0;;автоматизация бизнес процессов;общий
создание и внедрение;автоматизация учета информационные технологии;50;0;;автоматизация учета;общий
создание и внедрение;автоматизация учета магазина;50;0;;автоматизация учета;общий
создание и внедрение;внедрение регламентированного учета 1с erp;50;0;;внедрение erp;покупка
создание и внедрение;внедрение 1с erp на предприятии;50;0;;внедрение erp;покупка
создание и внедрение;внедрение экономических информационных систем;50;0;;внедрение информационной системы;покупка
создание и внедрение;внедрение системы обеспечения информационной безопасности;50;0;;внедрение информационной системы;покупка
импортозамещение и закупка;центр компетенции по импортозамещению;50;0;;импортозамещение по;общий
ии и новое;вайб кодинг с нуля;50;0;;вайб кодинг;общий
ии и новое;вайб кодинг курсор;50;0;;вайб кодинг;учебное
данные и справочники;как отменить сопоставление номенклатуры в 1с эдо;50;0;;сопоставление номенклатуры;общий
данные и справочники;как исправить сопоставление номенклатуры в 1с;50;0;;сопоставление номенклатуры;общий
данные и справочники;1с справочники номенклатура наименование;50;0;;справочник номенклатуры;общий
данные и справочники;дают бесплатный мастер класс;50;0;;мастер данные;общий
данные и справочники;дала мастеру по вызову;50;0;;мастер данные;общий
данные и справочники;мастер класс дал возможность;50;0;;мастер данные;общий
конкуренты и бренды;amocrm проекты;49;0;;amocrm;общий
конкуренты и бренды;уроки amocrm;49;0;;amocrm;учебное
конкуренты и бренды;amocrm 2.0;49;0;;amocrm;общий
конкуренты и бренды;amocrm что это такое простыми словами;49;0;;amocrm;учебное
конкуренты и бренды;google таблицы 1с;49;0;;google таблицы;общий
конкуренты и бренды;power bi скачать для windows;49;0;;power bi;навигация
конкуренты и бренды;power bi вкладки;49;0;;power bi;общий
конкуренты и бренды;learn power bi;49;0;;power bi;общий
конкуренты и бренды;power bi learning;49;0;;power bi;общий
конкуренты и бренды;metabase скачать;49;0;;metabase;навигация
конкуренты и бренды;яндекс форм google forms;49;0;;google forms;общий
конкуренты и бренды;microsoft access runtime скачать;49;0;;microsoft access;навигация
конкуренты и бренды;6 microsoft access;49;0;;microsoft access;общий
конкуренты и бренды;microsoft access 64 скачать;49;0;;microsoft access;навигация
язык задач — учёт;учет клиентов онлайн;49;0;;учет клиентов;общий
язык задач — учёт;excel учет заказов;49;0;;учет заказов;общий
язык задач — учёт;первичный учет на складе;49;0;;учет склада;общий
язык задач — учёт;приход расход склад учет товара;49;0;;учет склада;общий
язык задач — учёт;оператор складского учета вакансии;49;0;;складской учет;общий
язык задач — учёт;складская система учета товара;49;0;;складской учет;общий
язык задач — учёт;должности складского учета;49;0;;складской учет;общий
язык задач — учёт;складской учет внедрение;49;0;;складской учет;покупка
язык задач — учёт;учет кадровых резервов;49;0;;кадровый учет;общий
язык задач — учёт;1с зуп 8.3 кадровый учет;49;0;;кадровый учет;общий
язык задач — учёт;ведение кадрового учета что входит;49;0;;кадровый учет;навигация
язык задач — учёт;кадровый учет в зуп 8.3;49;0;;кадровый учет;общий
язык задач — учёт;первичные документы кадрового учета;49;0;;кадровый учет;общий
язык задач — система/программа;система управления проектами организации обучение;49;0;;система управления проектами;учебное
язык задач — система/программа;erp система функции;49;0;;erp система;общий
язык задач — система/программа;бухгалтерская erp система;49;0;;erp система;общий
язык задач — система/программа;определение erp систем;49;0;;erp система;общий
язык задач — система/программа;erp crm bi систем;49;0;;erp система;общий
язык задач — система/программа;bi системы 1с аналитика;49;0;;bi система;общий
язык задач — система/программа;бонусная программа для магазина;49;0;;программа для магазина;общий
задачи и боли Excel;excel программа впр;49;0;;впр excel;общий
задачи и боли Excel;функция впр на английском в excel;49;0;;впр excel;общий
задачи и боли Excel;как прописать формулу впр в excel;49;0;;впр excel;общий
задачи и боли Excel;уроки excel впр;49;0;;впр excel;учебное
задачи и боли Excel;виды сводных таблиц в excel;49;0;;сводные таблицы excel;общий
создание и внедрение;конструктор простых приложений;49;0;;конструктор приложений;общий
создание и внедрение;2 технологии внедрения информационных систем;49;0;;внедрение информационной системы;покупка
создание и внедрение;оценка эффективности внедрения информационной системы;49;0;;внедрение информационной системы;покупка
создание и внедрение;разработка моделей на заказ;49;0;;разработка на заказ;общий
создание и внедрение;техническое задание на разработку системы управления;49;0;;техническое задание на систему;общий
импортозамещение и закупка;разработка по импортозамещение;49;0;;импортозамещение по;общий
импортозамещение и закупка;темы по импортозамещению;49;0;;импортозамещение по;общий
импортозамещение и закупка;распоряжение по импортозамещению;49;0;;импортозамещение по;общий
ии и новое;вайб кодинг 2026;49;0;;вайб кодинг;общий
ии и новое;нейросети для бизнеса яндекс практикум;49;0;;нейросеть для бизнеса;общий
данные и справочники;смотреть порно дала мастеру;49;0;;мастер данные;общий
конкуренты и бренды;google docs создать таблицу;48;0;;google таблицы;общий
конкуренты и бренды;повторяющиеся значения google таблицы;48;0;;google таблицы;общий
конкуренты и бренды;power bi сайт;48;0;;power bi;общий
конкуренты и бренды;bi инструменты power bi tableau;48;0;;tableau;общий
конкуренты и бренды;google form contact;48;0;;google forms;общий
конкуренты и бренды;microsoft access онлайн;48;0;;microsoft access;общий
конкуренты и бренды;microsoft access отчет;48;0;;microsoft access;общий
конкуренты и бренды;драйвер odbc microsoft access;48;0;;microsoft access;общий
язык задач — учёт;бесплатная учет заказов;48;0;;учет заказов;общий
язык задач — учёт;учет расходов по заказам;48;0;;учет заказов;общий
язык задач — учёт;учет заказов шаблоны;48;0;;учет заказов;общий
язык задач — учёт;электронная система учета заявок;48;0;;учет заявок;общий
язык задач — учёт;таблица учета заявок;48;0;;учет заявок;общий
язык задач — учёт;программа учета склада скачать;48;0;;учет склада;навигация
язык задач — учёт;учет температуры и влажности на складе;48;0;;учет склада;общий
язык задач — учёт;обязательный документ кадрового учета;48;0;;кадровый учет;общий
язык задач — учёт;ответственный за кадровый учет приказ;48;0;;кадровый учет;общий
язык задач — учёт;удаленный кадровый учет;48;0;;кадровый учет;общий
язык задач — учёт;таблица учета закупок;48;0;;учет закупок;общий
язык задач — учёт;учет государственных закупок и контрактов;48;0;;учет закупок;общий
язык задач — учёт;затраты на ремонт в налоговом учете;48;0;;учет ремонтов;общий
язык задач — учёт;взыскание стоимости ремонта без учета износа;48;0;;учет ремонтов;общий
язык задач — учёт;вакансии табельный учет;48;0;;табельный учет;общий
язык задач — система/программа;подходы к системе управления проектами;48;0;;система управления проектами;общий
язык задач — система/программа;централизованное планирование производства тип экономической системы;48;0;;система планирования производства;общий
язык задач — система/программа;информация система erp;48;0;;erp система;общий
язык задач — система/программа;принципы erp систем;48;0;;erp система;общий
язык задач — система/программа;современные erp системы;48;0;;erp система;общий
язык задач — система/программа;существующие erp системы;48;0;;erp система;общий
язык задач — система/программа;системы управления бизнесом erp системы;48;0;;erp система;общий
язык задач — система/программа;системы управления производственными процессами mes;48;0;;mes система;общий
язык задач — система/программа;упрощенная система бухгалтерской финансовой отчетности;48;0;;система отчетности;общий
язык задач — система/программа;системы консолидации отчетности;48;0;;система отчетности;общий
язык задач — система/программа;программа для управления складом;48;0;;программа для склада;общий
задачи и боли Excel;фильтрация в сводной таблице excel;48;0;;сводные таблицы excel;общий
задачи и боли Excel;имя сводной таблицы в excel;48;0;;сводные таблицы excel;общий
задачи и боли Excel;сводные таблицы в microsoft excel 2021;48;0;;сводные таблицы excel;общий
задачи и боли Excel;сводная таблица в excel где найти;48;0;;сводные таблицы excel;общий
задачи и боли Excel;программа excel для учета;48;0;;excel для учета;общий
создание и внедрение;конструкторы приложения программирование;48;0;;конструктор приложений;общий
создание и внедрение;бесплатный онлайн конструктор приложений;48;0;;конструктор приложений;общий
создание и внедрение;приложения для сборки конструктора;48;0;;конструктор приложений;общий
создание и внедрение;средства автоматизации бизнес процессов;48;0;;автоматизация бизнес процессов;общий
создание и внедрение;автоматизация оперативного учета;48;0;;автоматизация учета;общий
создание и внедрение;стоимость внедрения 1с erp;48;0;;внедрение erp;покупка
создание и внедрение;требования к внедрению информационной системы;48;0;;внедрение информационной системы;покупка
создание и внедрение;разработка мобильного приложения заказать;48;0;;заказать разработку;покупка
импортозамещение и закупка;постановление правительства по импортозамещению;48;0;;импортозамещение по;общий
ии и новое;вайб кодинг где;48;0;;вайб кодинг;общий
ии и новое;вайб кодинг для начинающих;48;0;;вайб кодинг;общий
данные и справочники;где найти справочник номенклатура;48;0;;справочник номенклатуры;общий
конкуренты и бренды;статус amocrm;47;0;;amocrm;общий
конкуренты и бренды;amocrm как выглядит;47;0;;amocrm;общий
конкуренты и бренды;amocrm номер телефона;47;0;;amocrm;общий
конкуренты и бренды;google таблицы картинки;47;0;;google таблицы;общий
конкуренты и бренды;bi системы power bi tableau;47;0;;tableau;общий
конкуренты и бренды;регистрация docs google com forms;47;0;;google forms;общий
конкуренты и бренды;регистрация docs google com forms d;47;0;;google forms;общий
язык задач — учёт;автоматизированная система учета заявок;47;0;;учет заявок;общий
язык задач — учёт;заявка на постановку на кадастровый учет;47;0;;учет заявок;общий
язык задач — учёт;учет движения материалов на складе;47;0;;учет склада;общий
язык задач — учёт;обязанности по ведению кадрового учета;47;0;;кадровый учет;общий
язык задач — учёт;кадровый учет и расчеты с персоналом;47;0;;кадровый учет;общий
язык задач — учёт;программа для кадрового учета скачать бесплатно;47;0;;кадровый учет;навигация
язык задач — учёт;оформление и учет кадровых документов;47;0;;кадровый учет;общий
язык задач — учёт;учет ремонта автомобилей в организации;47;0;;учет ремонтов;общий
язык задач — учёт;учет фондов обращения;47;0;;учет обращений;общий
язык задач — учёт;журнал учета обращений субъектов пдн;47;0;;учет обращений;общий
язык задач — система/программа;обзор erp систем;47;0;;erp система;выбор
язык задач — система/программа;упрощенная система учет и отчетность;47;0;;система отчетности;общий
язык задач — система/программа;система оценки bi rads;47;0;;bi система;общий
язык задач — система/программа;магазин для установки программ;47;0;;программа для магазина;общий
язык задач — система/программа;магазин программ для пк;47;0;;программа для магазина;общий
задачи и боли Excel;впр из другого файла excel;47;0;;впр excel;общий
задачи и боли Excel;excel впр интервальный просмотр;47;0;;впр excel;общий
задачи и боли Excel;впр интервальная в excel;47;0;;впр excel;общий
задачи и боли Excel;замена впр в excel;47;0;;впр excel;выбор
задачи и боли Excel;название сводной таблицы в excel;47;0;;сводные таблицы excel;общий
создание и внедрение;конструктор андроид приложений на русском;47;0;;конструктор приложений;общий
создание и внедрение;автоматизация бизнес процессов предназначена для;47;0;;автоматизация бизнес процессов;общий
создание и внедрение;автоматизация и цифровизация бизнес процессов;47;0;;автоматизация бизнес процессов;общий
создание и внедрение;автоматизация корпоративных бизнес процессов;47;0;;автоматизация бизнес процессов;общий
создание и внедрение;1с бухгалтерия автоматизация учета;47;0;;автоматизация учета;общий
создание и внедрение;организация автоматизации бухгалтерского учета;47;0;;автоматизация учета;общий
создание и внедрение;автоматизация учета и планирования;47;0;;автоматизация учета;общий
создание и внедрение;веб разработка на заказ;47;0;;разработка на заказ;общий
данные и справочники;остатки в справочнике номенклатура 1с;47;0;;справочник номенклатуры;общий
данные и справочники;вызвала мастера и дала ему;47;0;;мастер данные;общий
конкуренты и бренды;как заменить номенклатуру в 1с;46;0;;заменить 1с;выбор
конкуренты и бренды;nova amocrm;46;0;;amocrm;общий
конкуренты и бренды;amocrm bitrix24;46;0;;amocrm;общий
конкуренты и бренды;amocrm mcp;46;0;;amocrm;общий
конкуренты и бренды;amocrm адрес;46;0;;amocrm;общий
конкуренты и бренды;amocrm техподдержка;46;0;;amocrm;общий
конкуренты и бренды;amocrm ооо;46;0;;amocrm;общий
конкуренты и бренды;amocrm счета;46;0;;amocrm;общий
конкуренты и бренды;создание таблиц в google и sql;46;0;;google таблицы;общий
конкуренты и бренды;создать документ google таблица;46;0;;google таблицы;общий
конкуренты и бренды;оплаты google таблицы;46;0;;google таблицы;общий
конкуренты и бренды;google таблицы комментарии;46;0;;google таблицы;общий
конкуренты и бренды;google таблица книга;46;0;;google таблицы;общий
конкуренты и бренды;http google forms;46;0;;google forms;общий
конкуренты и бренды;microsoft access 10;46;0;;microsoft access;общий
язык задач — учёт;учет покупок клиента;46;0;;учет клиентов;общий
язык задач — учёт;учет заказов и заказчиков;46;0;;учет заказов;общий
язык задач — учёт;учет заведующего складом;46;0;;учет склада;общий
язык задач — учёт;шаблон эксель учет склада;46;0;;учет склада;общий
язык задач — учёт;учет ремонт телефонов;46;0;;учет ремонтов;общий
язык задач — учёт;учет ремонтов и агрегатов;46;0;;учет ремонтов;общий
язык задач — учёт;ремонт арендованного помещения учет расходов;46;0;;учет ремонтов;общий
язык задач — учёт;журнал учета ремонта инструмента;46;0;;учет ремонтов;общий
язык задач — учёт;учет и обращение документации;46;0;;учет обращений;общий
язык задач — система/программа;гибкая система управления проектами;46;0;;система управления проектами;общий
язык задач — система/программа;управление проектами в области информационных систем;46;0;;система управления проектами;общий
язык задач — система/программа;комплексные системы управления проектами;46;0;;система управления проектами;общий
язык задач — система/программа;форсайт система управления проектами ур;46;0;;система управления проектами;общий
язык задач — система/программа;система оперативного планирования производства;46;0;;система планирования производства;общий
язык задач — система/программа;erp система 1с производство;46;0;;erp система;общий
язык задач — система/программа;erp система требования;46;0;;erp система;общий
язык задач — система/программа;знание erp системы;46;0;;erp система;общий
язык задач — система/программа;цели erp систем;46;0;;erp система;общий
язык задач — система/программа;варианты bi система;46;0;;bi система;общий
язык задач — система/программа;программа для организации склада;46;0;;программа для склада;общий
язык задач — система/программа;сап программа для склада;46;0;;программа для склада;общий
язык задач — система/программа;программа для склада и продаж;46;0;;программа для склада;общий
язык задач — система/программа;программа gk для магазина пятерочка;46;0;;программа для магазина;общий
язык задач — система/программа;программы для онлайн магазина;46;0;;программа для магазина;общий
язык задач — система/программа;программы для магазинов магнит;46;0;;программа для магазина;общий
язык задач — система/программа;торговые программа для магазина;46;0;;программа для магазина;общий
задачи и боли Excel;как сделать формулу впр в excel;46;0;;впр excel;общий
задачи и боли Excel;условное форматирование в сводной таблице excel;46;0;;сводные таблицы excel;общий
задачи и боли Excel;excel для учета рабочего времени;46;0;;excel для учета;общий
задачи и боли Excel;excel для учета продаж;46;0;;excel для учета;общий
создание и внедрение;скачать бесплатный конструктор приложений;46;0;;конструктор приложений;навигация
создание и внедрение;конструктор приложений для телефона;46;0;;конструктор приложений;общий
создание и внедрение;автоматизация процесса бизнес планирования;46;0;;автоматизация бизнес процессов;общий
создание и внедрение;система автоматизации бизнес процессов организации;46;0;;автоматизация бизнес процессов;общий
создание и внедрение;автоматизация управления бизнес процессов компании;46;0;;автоматизация бизнес процессов;общий
создание и внедрение;этапы внедрения erp;46;0;;внедрение erp;покупка
создание и внедрение;внедрение информационных систем ис;46;0;;внедрение информационной системы;покупка
создание и внедрение;что относится к внедрению информационных систем;46;0;;внедрение информационной системы;покупка
создание и внедрение;техническое задание на систему связи;46;0;;техническое задание на систему;общий
импортозамещение и закупка;поддержка по импортозамещению;46;0;;импортозамещение по;общий
ии и новое;вайб кодинг обучение бесплатно;46;0;;вайб кодинг;учебное
ии и новое;промты для нейросети для бизнеса;46;0;;нейросеть для бизнеса;общий
данные и справочники;справочник номенклатуры упп;46;0;;справочник номенклатуры;общий
данные и справочники;1с розница справочник номенклатуры;46;0;;справочник номенклатуры;общий
данные и справочники;мастерам спорта дают пенсию;46;0;;мастер данные;общий
конкуренты и бренды;smkt amocrm;45;0;;amocrm;общий
конкуренты и бренды;mail amocrm ru;45;0;;amocrm;общий
конкуренты и бренды;amocrm partner;45;0;;amocrm;общий
конкуренты и бренды;http amocrm;45;0;;amocrm;общий
конкуренты и бренды;google таблицы инструкция;45;0;;google таблицы;учебное
конкуренты и бренды;google sheets как сделать таблицу;45;0;;google таблицы;общий
конкуренты и бренды;скачать windows microsoft access;45;0;;microsoft access;навигация
язык задач — учёт;учет клиентов купить;45;0;;учет клиентов;покупка
язык задач — учёт;системы учета клиентов crm;45;0;;учет клиентов;общий
язык задач — учёт;1с учет материалов на складе;45;0;;учет склада;общий
язык задач — учёт;учет закупок в компании;45;0;;учет закупок;общий
язык задач — учёт;учет затрат ремонта основных средств;45;0;;учет ремонтов;общий
язык задач — учёт;капитальный ремонт отражение учете;45;0;;учет ремонтов;общий
язык задач — учёт;ремонт пожарной сигнализации учет;45;0;;учет ремонтов;общий
язык задач — учёт;журнал учета текущих ремонтов;45;0;;учет ремонтов;общий
язык задач — учёт;капитальный ремонт ос учет;45;0;;учет ремонтов;общий
язык задач — учёт;учет планово предупредительного ремонта;45;0;;учет ремонтов;общий
язык задач — учёт;ремонт приборов учета газа;45;0;;учет ремонтов;общий
язык задач — учёт;1с табельный учет;45;0;;табельный учет;общий
язык задач — система/программа;система управления коммуникациями проекта;45;0;;система управления проектами;общий
язык задач — система/программа;система стратегическим управлением проектами;45;0;;система управления проектами;общий
язык задач — система/программа;система планирования производства продукции;45;0;;система планирования производства;общий
язык задач — система/программа;erp система логистика;45;0;;erp система;общий
язык задач — система/программа;бухгалтерская отчетность общая система;45;0;;система отчетности;общий
язык задач — система/программа;сайт системы сбора отчетности;45;0;;система отчетности;общий
язык задач — система/программа;система внутреннего контроля учета и отчетности;45;0;;система отчетности;общий
язык задач — система/программа;региональная система отчетности;45;0;;система отчетности;общий
язык задач — система/программа;bi системы визуализации данных;45;0;;bi система;общий
язык задач — система/программа;bi технологии и системы;45;0;;bi система;общий
язык задач — система/программа;какая программа лучше для магазина;45;0;;программа для магазина;выбор
язык задач — система/программа;программа для магазина одежды;45;0;;программа для магазина;общий
задачи и боли Excel;как вывести сводную таблицу в excel;45;0;;сводные таблицы excel;общий
задачи и боли Excel;настройки сводной таблицы excel;45;0;;сводные таблицы excel;общий
задачи и боли Excel;сводная таблица из нескольких файлов excel;45;0;;сводные таблицы excel;общий
создание и внедрение;автоматизация бизнес процессов документооборот;45;0;;автоматизация бизнес процессов;общий
создание и внедрение;автоматизация бизнес процессов приложения;45;0;;автоматизация бизнес процессов;общий
создание и внедрение;вакансия автоматизация бизнес процессов;45;0;;автоматизация бизнес процессов;общий
создание и внедрение;автоматизация складского учета 1с;45;0;;автоматизация учета;общий
создание и внедрение;1с комплексная автоматизация 8 учет;45;0;;автоматизация учета;общий
создание и внедрение;автоматизация узлов учета;45;0;;автоматизация учета;общий
создание и внедрение;проекты по автоматизации учета;45;0;;автоматизация учета;общий
создание и внедрение;автоматизация учета запасов;45;0;;автоматизация учета;общий
создание и внедрение;разработка и внедрение информационных систем управления;45;0;;внедрение информационной системы;покупка
создание и внедрение;цифровизация предприятий в области радиоэлектроники;45;0;;цифровизация предприятия;общий
импортозамещение и закупка;saas или on premise;45;0;;on premise;выбор
ии и новое;модели для вайб кодинга;45;0;;вайб кодинг;общий
конкуренты и бренды;amocrm скачать бесплатно;44;0;;amocrm;навигация
конкуренты и бренды;smkt amocrm ru;44;0;;amocrm;общий
конкуренты и бренды;salesbot в amocrm;44;0;;amocrm;общий
конкуренты и бренды;https burist amocrm ru leads;44;0;;amocrm;общий
конкуренты и бренды;amocrm ru личный;44;0;;amocrm;общий
конкуренты и бренды;amocrm ru личный кабинет;44;0;;amocrm;навигация
конкуренты и бренды;google excel сводная таблица;44;0;;google таблицы;общий
конкуренты и бренды;как работать с google таблицами;44;0;;google таблицы;общий
конкуренты и бренды;tableau 5;44;0;;tableau;общий
конкуренты и бренды;визуализации данных tableau;44;0;;tableau;общий
конкуренты и бренды;metabase docker;44;0;;metabase;общий
конкуренты и бренды;скачать microsoft access database 2010;44;0;;microsoft access;навигация
конкуренты и бренды;microsoft access database что это;44;0;;microsoft access;учебное
язык задач — учёт;база данных учета клиентов;44;0;;учет клиентов;общий
язык задач — учёт;бесплатная система учета заявок;44;0;;учет заявок;общий
язык задач — учёт;учет склада штрих код;44;0;;учет склада;общий
язык задач — учёт;учет склад с отчетами;44;0;;учет склада;общий
язык задач — учёт;приложение для учета ремонта;44;0;;учет ремонтов;общий
язык задач — учёт;учет расходов на текущий ремонт;44;0;;учет ремонтов;общий
язык задач — учёт;регистрация и учет обращений граждан;44;0;;учет обращений;общий
язык задач — система/программа;исследования систем управления проектами;44;0;;система управления проектами;общий
язык задач — система/программа;функциональная система управления проектом;44;0;;система управления проектами;общий
язык задач — система/программа;с помощью erp системы;44;0;;erp система;общий
язык задач — система/программа;erp системы какие бывают;44;0;;erp система;общий
язык задач — система/программа;wms mes системы;44;0;;mes система;общий
язык задач — система/программа;система отчетности охраны труда;44;0;;система отчетности;общий
язык задач — система/программа;бухсофт отчетность вход в систему личный кабинет;44;0;;система отчетности;навигация
язык задач — система/программа;учет и отчетность системы налогообложения;44;0;;система отчетности;общий
язык задач — система/программа;информационно аналитическая система сбора отчетности;44;0;;система отчетности;общий
язык задач — система/программа;электронная отчетность бюджетной системы;44;0;;система отчетности;общий
язык задач — система/программа;бухгалтерская отчетность это система данных;44;0;;система отчетности;учебное
язык задач — система/программа;система статистической отчетности в российской федерации;44;0;;система отчетности;общий
язык задач — система/программа;система искажения отчетности;44;0;;система отчетности;общий
язык задач — система/программа;программа 1с для кладовщика склада;44;0;;программа для склада;общий
язык задач — система/программа;программы для розничного магазина бесплатно;44;0;;программа для магазина;навигация
задачи и боли Excel;ссылки впр excel;44;0;;впр excel;общий
задачи и боли Excel;недопустимое имя сводной таблицы в excel;44;0;;сводные таблицы excel;общий
задачи и боли Excel;получить данные сводной таблицы excel пример;44;0;;сводные таблицы excel;учебное
задачи и боли Excel;сводная таблица в excel текст;44;0;;сводные таблицы excel;общий
создание и внедрение;системы автоматизации бизнес процессов предприятия;44;0;;автоматизация бизнес процессов;общий
создание и внедрение;автоматизация учета ос;44;0;;автоматизация учета;общий
создание и внедрение;crm внедрение разработка;44;0;;внедрение crm;покупка
создание и внедрение;заказать разработку 1с;44;0;;заказать разработку;покупка
создание и внедрение;разработка дизайна на заказ;44;0;;разработка на заказ;общий
импортозамещение и закупка;реестр отечественного по минцифры рф;44;0;;реестр отечественного по;общий
импортозамещение и закупка;импортозамещение зарубежного по;44;0;;импортозамещение по;общий
ии и новое;курсы по claude code вайб кодинг;44;0;;вайб кодинг;учебное
ии и новое;нейросеть для бизнеса отзывы;44;0;;нейросеть для бизнеса;общий
данные и справочники;1с ут 11 справочник номенклатура;44;0;;справочник номенклатуры;общий
данные и справочники;сколько дают за мастера спорта к егэ;44;0;;мастер данные;учебное
данные и справочники;1с mdm управление мастер данными;44;0;;мастер данные;общий
данные и справочники;порно дала мастеру по компьютеру;44;0;;мастер данные;общий
данные и справочники;мастер не дал чек;44;0;;мастер данные;общий
конкуренты и бренды;как заменить электронную подпись в 1с;43;0;;заменить 1с;выбор
конкуренты и бренды;amocrm ai;43;0;;amocrm;общий
конкуренты и бренды;таблицы google фото;43;0;;google таблицы;общий
конкуренты и бренды;google таблицы сортировка;43;0;;google таблицы;общий
конкуренты и бренды;docs google com forms опрос;43;0;;google forms;общий
конкуренты и бренды;объектом microsoft access;43;0;;microsoft access;общий
конкуренты и бренды;microsoft access ключ;43;0;;microsoft access;общий
конкуренты и бренды;microsoft access создать базу;43;0;;microsoft access;общий
конкуренты и бренды;microsoft access 32;43;0;;microsoft access;общий
язык задач — учёт;учет потенциальных клиентов;43;0;;учет клиентов;общий
язык задач — учёт;реестр учета клиентов;43;0;;учет клиентов;общий
язык задач — учёт;учет клиентов мастер;43;0;;учет клиентов;общий
язык задач — учёт;сервис учета заявок;43;0;;учет заявок;общий
язык задач — учёт;учет заявок на выполнение работ;43;0;;учет заявок;общий
язык задач — учёт;бланк учета заявки;43;0;;учет заявок;общий
язык задач — учёт;таблица эксель для учета товара на складе;43;0;;учет склада;общий
язык задач — учёт;журнал учета влажности на складе;43;0;;учет склада;общий
язык задач — учёт;учет деталей на складе;43;0;;учет склада;общий
язык задач — учёт;учет политики склада 1с;43;0;;учет склада;общий
язык задач — учёт;автоматизированный учет склада;43;0;;учет склада;общий
язык задач — учёт;управление бухгалтерского учета и закупок;43;0;;учет закупок;общий
язык задач — учёт;учет ремонта арендованного основного средства;43;0;;учет ремонтов;общий
язык задач — учёт;капитальный ремонт узла учета тепловой энергии;43;0;;учет ремонтов;общий
язык задач — учёт;ремонт ос налоговый учет;43;0;;учет ремонтов;общий
язык задач — учёт;восстановительный ремонт без учета износа деталей;43;0;;учет ремонтов;общий
язык задач — учёт;учет ремонтов электрооборудования;43;0;;учет ремонтов;общий
язык задач — учёт;журнал учета дефектов и ремонтов;43;0;;учет ремонтов;общий
язык задач — учёт;учет в области обращения установлен;43;0;;учет обращений;общий
язык задач — учёт;данные учета в области обращения обобщаются;43;0;;учет обращений;общий
язык задач — учёт;единый учет обращений лиц;43;0;;учет обращений;общий
язык задач — система/программа;как выбрать систему управления проектами;43;0;;система управления проектами;выбор
язык задач — система/программа;проект системы управления знаниями;43;0;;система управления проектами;общий
язык задач — система/программа;системы управления проектами и задачами примеры;43;0;;система управления проектами;учебное
язык задач — система/программа;erp система бухгалтерия;43;0;;erp система;общий
язык задач — система/программа;система планирования управления ресурсами предприятия erp;43;0;;erp система;общий
язык задач — система/программа;популярные erp системы;43;0;;erp система;общий
язык задач — система/программа;финансовая отчетность представляет собой систему;43;0;;система отчетности;общий
язык задач — система/программа;афк система отчетность мсфо;43;0;;система отчетности;общий
язык задач — система/программа;ип патентная система отчетность;43;0;;система отчетности;общий
язык задач — система/программа;выбор bi системы;43;0;;bi система;выбор
язык задач — система/программа;бесплатные bi системы;43;0;;bi система;общий
задачи и боли Excel;сводные таблицы в excel обучение бесплатно;43;0;;сводные таблицы excel;учебное
создание и внедрение;приложение моделиста конструктора;43;0;;конструктор приложений;общий
создание и внедрение;курсы по автоматизации бизнес процессов;43;0;;автоматизация бизнес процессов;учебное
создание и внедрение;учет производства комплексная автоматизация;43;0;;автоматизация учета;общий
создание и внедрение;автоматизация документооборота и учета;43;0;;автоматизация учета;общий
создание и внедрение;автоматизация учета труда;43;0;;автоматизация учета;общий
создание и внедрение;раздельный учет в комплексной автоматизации;43;0;;автоматизация учета;общий
создание и внедрение;разработка логотипа на заказ;43;0;;разработка на заказ;общий
импортозамещение и закупка;политика по импортозамещению;43;0;;импортозамещение по;общий
импортозамещение и закупка;on premise ai;43;0;;on premise;общий
ии и новое;мобильное приложение с помощью нейросети;43;0;;приложение с помощью нейросети;общий
данные и справочники;жена дает мастеру;43;0;;мастер данные;общий
данные и справочники;какие привилегии дает мастер спорта;43;0;;мастер данные;общий
конкуренты и бренды;amocrm онлайн;42;0;;amocrm;общий
конкуренты и бренды;google таблицы проценты;42;0;;google таблицы;общий
конкуренты и бренды;google таблицы csv;42;0;;google таблицы;общий
конкуренты и бренды;использование google таблиц;42;0;;google таблицы;общий
конкуренты и бренды;владение google таблицами;42;0;;google таблицы;общий
конкуренты и бренды;tableau курс;42;0;;tableau;учебное
конкуренты и бренды;платформа tableau;42;0;;tableau;общий
конкуренты и бренды;zapier com;42;0;;zapier;общий
конкуренты и бренды;http forms google com;42;0;;google forms;общий
конкуренты и бренды;https docs google com forms регистрация;42;0;;google forms;общий
конкуренты и бренды;работа с google form;42;0;;google forms;общий
конкуренты и бренды;google form опросник;42;0;;google forms;общий
конкуренты и бренды;microsoft access создать таблицу;42;0;;microsoft access;общий
конкуренты и бренды;microsoft access database engine 2010 скачать;42;0;;microsoft access;навигация
конкуренты и бренды;microsoft access engine 2010 скачать;42;0;;microsoft access;навигация
конкуренты и бренды;microsoft access 7;42;0;;microsoft access;общий
конкуренты и бренды;microsoft access support;42;0;;microsoft access;общий
конкуренты и бренды;microsoft access ru;42;0;;microsoft access;общий
язык задач — учёт;журнал учета выдачи со склада;42;0;;учет склада;общий
язык задач — учёт;построить стол учета склад ласт;42;0;;учет склада;общий
язык задач — учёт;карточка склада учета материалов;42;0;;учет склада;общий
язык задач — учёт;ремонт узлов учета газа;42;0;;учет ремонтов;общий
язык задач — учёт;журнал учета ремонта оборудования скачать;42;0;;учет ремонтов;навигация
язык задач — учёт;журнал учета обращений за медицинской помощью;42;0;;учет обращений;общий
язык задач — система/программа;2 система управления проектами в организации;42;0;;система управления проектами;общий
язык задач — система/программа;автоматизированным информационным системам управления проектами;42;0;;система управления проектами;общий
язык задач — система/программа;наличие автоматизированной erp системы;42;0;;erp система;общий
язык задач — система/программа;почему erp система;42;0;;erp система;общий
язык задач — система/программа;как работает erp система;42;0;;erp система;общий
язык задач — система/программа;сколько erp система;42;0;;erp система;общий
язык задач — система/программа;erp система книги;42;0;;erp система;общий
язык задач — система/программа;база данных erp системы;42;0;;erp система;общий
язык задач — система/программа;система bi rads категория;42;0;;bi система;общий
язык задач — система/программа;программа для сканера склада;42;0;;программа для склада;общий
язык задач — система/программа;программа для создания склада;42;0;;программа для склада;общий
язык задач — система/программа;программа для заказов интернет магазина;42;0;;программа для магазина;общий
язык задач — система/программа;магазин для телефона программу;42;0;;программа для магазина;общий
задачи и боли Excel;excel впр макросы;42;0;;впр excel;общий
задачи и боли Excel;excel изменить источник данных сводной таблицы;42;0;;сводные таблицы excel;общий
создание и внедрение;комплексная автоматизация учет основных средств;42;0;;автоматизация учета;общий
создание и внедрение;автоматизация аналитического учета;42;0;;автоматизация учета;общий
создание и внедрение;управленческий учет в 1с комплексная автоматизация;42;0;;автоматизация учета;общий
создание и внедрение;автоматизация учета статья;42;0;;автоматизация учета;общий
создание и внедрение;внедрение crm в продажи;42;0;;внедрение crm;покупка
создание и внедрение;позитивными сторонами внедрения erp;42;0;;внедрение erp;покупка
создание и внедрение;организация процесса внедрения информационных систем;42;0;;внедрение информационной системы;покупка
создание и внедрение;концепция внедрения информационной системы;42;0;;внедрение информационной системы;покупка
создание и внедрение;техническое задание на разработку автоматизированной системы;42;0;;техническое задание на систему;общий
создание и внедрение;техническое задание на опрессовку системы отопления;42;0;;техническое задание на систему;общий
создание и внедрение;цифровизация производственного предприятия;42;0;;цифровизация предприятия;общий
импортозамещение и закупка;реестр отечественного по минкомсвязь;42;0;;реестр отечественного по;общий
импортозамещение и закупка;реестр минкомсвязи отечественного по;42;0;;реестр отечественного по;общий
ии и новое;лучшая нейросеть для вайб кодинга;42;0;;вайб кодинг;выбор
ии и новое;написать приложение с помощью нейросети;42;0;;приложение с помощью нейросети;общий
данные и справочники;справочника спецификации номенклатуры;42;0;;справочник номенклатуры;общий
данные и справочники;справочник серии номенклатуры;42;0;;справочник номенклатуры;общий
данные и справочники;ведение справочника номенклатура;42;0;;справочник номенклатуры;общий
данные и справочники;единый справочник номенклатуры;42;0;;справочник номенклатуры;общий
данные и справочники;мастер класс футболки тай дай;42;0;;мастер данные;общий
данные и справочники;мастер спорта по футболу за что дают;42;0;;мастер данные;общий
конкуренты и бренды;amocrm товары;41;0;;amocrm;общий
конкуренты и бренды;amocrm коды;41;0;;amocrm;общий
конкуренты и бренды;amocrm интерфейс;41;0;;amocrm;общий
конкуренты и бренды;amocrm этапы;41;0;;amocrm;общий
конкуренты и бренды;итог google таблицы;41;0;;google таблицы;общий
конкуренты и бренды;google таблица importrange;41;0;;google таблицы;общий
конкуренты и бренды;гугл таблица google sheets;41;0;;google таблицы;общий
конкуренты и бренды;google таблицы нейросеть;41;0;;google таблицы;общий
конкуренты и бренды;zapier вакансии;41;0;;zapier;общий
конкуренты и бренды;ресурс google forms;41;0;;google forms;общий
конкуренты и бренды;работа с базами microsoft access;41;0;;microsoft access;общий
конкуренты и бренды;работа с microsoft access база данных;41;0;;microsoft access;общий
конкуренты и бренды;windows microsoft access скачать бесплатно;41;0;;microsoft access;навигация
конкуренты и бренды;бесплатные microsoft access для windows;41;0;;microsoft access;общий
конкуренты и бренды;microsoft access 8;41;0;;microsoft access;общий
конкуренты и бренды;microsoft access запись;41;0;;microsoft access;общий
конкуренты и бренды;microsoft access database engine redistributable скачать;41;0;;microsoft access;навигация
язык задач — учёт;книга учета клиентов;41;0;;учет клиентов;общий
язык задач — учёт;учет заявок пользователей;41;0;;учет заявок;общий
язык задач — учёт;журнал учета заявок на ремонт оборудования;41;0;;учет заявок;общий
язык задач — учёт;единая система учета заявок;41;0;;учет заявок;общий
язык задач — учёт;снять с учета на время ремонта;41;0;;учет ремонтов;общий
язык задач — учёт;ремонт основных средств счет учета;41;0;;учет ремонтов;общий
язык задач — учёт;ремонт учета рабочего времени;41;0;;учет ремонтов;общий
язык задач — учёт;налоговый учет капитального ремонта основных средств;41;0;;учет ремонтов;общий
язык задач — учёт;учет обращений производится;41;0;;учет обращений;общий
язык задач — учёт;книга учета обращений граждан;41;0;;учет обращений;общий
язык задач — система/программа;система учета данных федерация лыжных гонок;41;0;;система учета данных;общий
язык задач — система/программа;бесплатные системы управления проектами;41;0;;система управления проектами;общий
язык задач — система/программа;проблемы системы управления проектом;41;0;;система управления проектами;проблема
язык задач — система/программа;корпоративная система управления проектом пример;41;0;;система управления проектами;учебное
язык задач — система/программа;государственное планирование производства тип экономической системы;41;0;;система планирования производства;общий
язык задач — система/программа;erp система статьи;41;0;;erp система;общий
язык задач — система/программа;mrp и erp системы;41;0;;erp система;общий
язык задач — система/программа;рынок mes систем;41;0;;mes система;общий
язык задач — система/программа;пользователи bi системы;41;0;;bi система;общий
язык задач — система/программа;программа для автосервиса и магазина автозапчастей;41;0;;программа для магазина;общий
задачи и боли Excel;как настроить функцию впр в excel;41;0;;впр excel;общий
задачи и боли Excel;что значит функция впр в excel;41;0;;впр excel;общий
задачи и боли Excel;microsoft excel впр;41;0;;впр excel;общий
задачи и боли Excel;почему тормозит excel;41;0;;excel тормозит;проблема
задачи и боли Excel;меры в сводной таблице excel;41;0;;сводные таблицы excel;общий
задачи и боли Excel;как сгруппировать сводную таблицу в excel;41;0;;сводные таблицы excel;общий
задачи и боли Excel;сводная таблица excel среднее значение;41;0;;сводные таблицы excel;общий
задачи и боли Excel;excel сводные таблицы сложные формулы;41;0;;сводные таблицы excel;общий
создание и внедрение;автоматизация хозяйственного учета;41;0;;автоматизация учета;общий
создание и внедрение;автоматизация учета пермь;41;0;;автоматизация учета;общий
создание и внедрение;crm системы для продаж внедрение;41;0;;внедрение crm;покупка
создание и внедрение;внедрение бюджетирования 1с erp;41;0;;внедрение erp;покупка
создание и внедрение;внедрение информационных систем в промышленности;41;0;;внедрение информационной системы;покупка
создание и внедрение;методические разработки заказать;41;0;;заказать разработку;покупка
создание и внедрение;техническое задание на проектирование системы вентиляции;41;0;;техническое задание на систему;общий
импортозамещение и закупка;статусы реестра отечественного по;41;0;;реестр отечественного по;общий
импортозамещение и закупка;импортозамещение в россии по годам;41;0;;импортозамещение по;общий
данные и справочники;настройка сопоставления номенклатуры;41;0;;сопоставление номенклатуры;общий
данные и справочники;1с упп справочник номенклатура;41;0;;справочник номенклатуры;общий
данные и справочники;красивая дала мастеру;41;0;;мастер данные;общий
данные и справочники;порно сводная сестра дает мастер класс;41;0;;мастер данные;общий
данные и справочники;2 дан мастер спорта;41;0;;мастер данные;общий
конкуренты и бренды;amocrm реклама;40;0;;amocrm;общий
конкуренты и бренды;https airtable com;40;0;;airtable;общий
конкуренты и бренды;аналог notion в россии бесплатно;40;0;;аналог notion;выбор
конкуренты и бренды;бесплатные курсы google таблицы;40;0;;google таблицы;учебное
конкуренты и бренды;расширение google таблицы;40;0;;google таблицы;общий
конкуренты и бренды;синтаксическая ошибка в формуле google таблицы;40;0;;google таблицы;проблема
конкуренты и бренды;работа tableau;40;0;;tableau;общий
конкуренты и бренды;tableau wta toronto 2026;40;0;;tableau;общий
конкуренты и бренды;google forms тестирование;40;0;;google forms;учебное
конкуренты и бренды;google forms гугл формы;40;0;;google forms;общий
конкуренты и бренды;microsoft data access component;40;0;;microsoft access;общий
конкуренты и бренды;тип microsoft access;40;0;;microsoft access;общий
конкуренты и бренды;microsoft access используется;40;0;;microsoft access;общий
конкуренты и бренды;microsoft access 2021;40;0;;microsoft access;общий
конкуренты и бренды;самоучитель microsoft access;40;0;;microsoft access;общий
конкуренты и бренды;программирование в microsoft access 2016 на примерах;40;0;;microsoft access;учебное
конкуренты и бренды;microsoft access система управления;40;0;;microsoft access;общий
конкуренты и бренды;odbc microsoft access driver;40;0;;microsoft access;общий
язык задач — учёт;учет индивидуальных особенностей клиента;40;0;;учет клиентов;общий
язык задач — учёт;учет внутренних заказов;40;0;;учет заказов;общий
язык задач — учёт;складской учет документооборот склада;40;0;;учет склада;общий
язык задач — учёт;учет продуктов питания на складе;40;0;;учет склада;общий
язык задач — учёт;бухгалтерский учет материалов на складе;40;0;;учет склада;общий
язык задач — учёт;учет сроков годности на складе;40;0;;учет склада;общий
язык задач — учёт;специалист по учету закупок;40;0;;учет закупок;общий
язык задач — система/программа;система управления финансами проекта;40;0;;система управления проектами;общий
язык задач — система/программа;управление проектами создания информационных систем;40;0;;система управления проектами;общий
язык задач — система/программа;система erp на предприятии что это;40;0;;erp система;учебное
язык задач — система/программа;облачная erp система;40;0;;erp система;общий
язык задач — система/программа;1с erp настройка системы;40;0;;erp система;общий
язык задач — система/программа;позитивной стороной внедрения erp систем;40;0;;erp система;покупка
язык задач — система/программа;отчет в bi системах;40;0;;bi система;общий
язык задач — система/программа;систем класса bi;40;0;;bi система;общий
язык задач — система/программа;программа для учета остатков на складе;40;0;;программа для склада;общий
язык задач — система/программа;программы для 1с торговля и склад;40;0;;программа для склада;общий
язык задач — система/программа;какую программу использовать для магазина;40;0;;программа для магазина;общий
задачи и боли Excel;функция впр в excel ошибки;40;0;;впр excel;проблема
задачи и боли Excel;не работает впр в excel причины;40;0;;впр excel;проблема
задачи и боли Excel;знание excel сводные таблицы;40;0;;сводные таблицы excel;общий
задачи и боли Excel;общий итог в сводной таблице excel;40;0;;сводные таблицы excel;общий
задачи и боли Excel;excel вставка таблицы сводной;40;0;;сводные таблицы excel;общий
создание и внедрение;автоматизация бизнес процессов с помощью ии;40;0;;автоматизация бизнес процессов;общий
создание и внедрение;автоматизация бизнес процессов и разработка прикладных решений;40;0;;автоматизация бизнес процессов;общий
создание и внедрение;автоматизация бизнес процессов отькало;40;0;;автоматизация бизнес процессов;общий
создание и внедрение;автоматизация учета поступления;40;0;;автоматизация учета;общий
создание и внедрение;автоматизация системы складского учета;40;0;;автоматизация учета;общий
создание и внедрение;проекты внедрение проекта crm;40;0;;внедрение crm;покупка
создание и внедрение;1с erp примеры внедрения;40;0;;внедрение erp;учебное
создание и внедрение;внедрение комплексной информационной системы;40;0;;внедрение информационной системы;покупка
создание и внедрение;госты внедрению информационных систем;40;0;;внедрение информационной системы;покупка
создание и внедрение;существует внедрения информационных систем;40;0;;внедрение информационной системы;покупка
создание и внедрение;внедрение программного обеспечения в информационную систему;40;0;;внедрение информационной системы;покупка
создание и внедрение;где заказать разработку;40;0;;заказать разработку;покупка
создание и внедрение;разработка электроники на заказ;40;0;;разработка на заказ;общий
создание и внедрение;заказы на новые разработки;40;0;;разработка на заказ;общий
создание и внедрение;техническое задание на систему учета;40;0;;техническое задание на систему;общий
создание и внедрение;уровня цифровизации предприятия;40;0;;цифровизация предприятия;общий
импортозамещение и закупка;импортозамещение иностранного по;40;0;;импортозамещение по;общий
импортозамещение и закупка;on premise развертывание;40;0;;on premise;общий
ии и новое;почему вайб кодинг;40;0;;вайб кодинг;общий
ии и новое;вайб кодинг как заработать;40;0;;вайб кодинг;общий
ии и новое;вайб кодинг с чего начать;40;0;;вайб кодинг;общий
ии и новое;нейросеть для бизнес анализа;40;0;;нейросеть для бизнеса;общий
ии и новое;ии для автоматизации бизнес процессов;40;0;;ии для автоматизации;общий
данные и справочники;1с сопоставление номенклатуры егаис;40;0;;сопоставление номенклатуры;общий
данные и справочники;1с создание справочника номенклатура;40;0;;справочник номенклатуры;общий
данные и справочники;скачать справочник номенклатуры;40;0;;справочник номенклатуры;навигация
данные и справочники;справочник номенклатура предназначен;40;0;;справочник номенклатуры;общий
данные и справочники;мастер спорта что дает при поступлении;40;0;;мастер данные;общий
конкуренты и бренды;заменить конфигурацию 1с;39;0;;заменить 1с;выбор
конкуренты и бренды;amocrm таблицы;39;0;;amocrm;общий
конкуренты и бренды;amocrm команда;39;0;;amocrm;общий
конкуренты и бренды;c google таблицы;39;0;;google таблицы;общий
конкуренты и бренды;google таблицы база данных;39;0;;google таблицы;общий
конкуренты и бренды;связь таблиц google;39;0;;google таблицы;общий
конкуренты и бренды;google таблицы как использовать;39;0;;google таблицы;общий
конкуренты и бренды;карты google таблицы;39;0;;google таблицы;общий
конкуренты и бренды;google таблица общий доступ;39;0;;google таблицы;общий
конкуренты и бренды;un tableau;39;0;;tableau;общий
конкуренты и бренды;google apps app forms;39;0;;google forms;общий
конкуренты и бренды;google forms скачать;39;0;;google forms;навигация
конкуренты и бренды;microsoft access управление базами данных;39;0;;microsoft access;общий
конкуренты и бренды;microsoft access install;39;0;;microsoft access;общий
конкуренты и бренды;microsoft access visual;39;0;;microsoft access;общий
конкуренты и бренды;система управления базами данных microsoft access;39;0;;microsoft access;общий
язык задач — учёт;клиенты деньги учет сотрудники;39;0;;учет клиентов;общий
язык задач — учёт;организация учета затрат по заказам;39;0;;учет заказов;общий
язык задач — учёт;постановка на учет нвос форма заявки;39;0;;учет заявок;общий
язык задач — учёт;учет заявок в электронном виде;39;0;;учет заявок;общий
язык задач — учёт;учет на складе шаблон таблиц;39;0;;учет склада;общий
язык задач — учёт;учет комплектующих на складе;39;0;;учет склада;общий
язык задач — учёт;учет выдачи материалов со склада;39;0;;учет склада;общий
язык задач — учёт;бухгалтерский учет услуга ремонта;39;0;;учет ремонтов;общий
язык задач — учёт;окпд 2 ремонт узла учета;39;0;;учет ремонтов;общий
язык задач — система/программа;простая система управления проектами;39;0;;система управления проектами;общий
язык задач — система/программа;основная система организации управления проектом;39;0;;система управления проектами;общий
язык задач — система/программа;к системам управления проектами относятся;39;0;;система управления проектами;общий
язык задач — система/программа;функционал erp системы;39;0;;erp система;общий
язык задач — система/программа;негативные стороны внедрения erp систем;39;0;;erp система;покупка
язык задач — система/программа;crm и bi системы;39;0;;bi система;общий
язык задач — система/программа;программы лояльности для клиентов магазина;39;0;;программа для магазина;общий
задачи и боли Excel;excel впр разные листы;39;0;;впр excel;общий
задачи и боли Excel;впр формула excel пример для чайников;39;0;;впр excel;учебное
задачи и боли Excel;excel функция впр с условием;39;0;;впр excel;общий
задачи и боли Excel;excel ссылка на сводную таблицу;39;0;;сводные таблицы excel;общий
задачи и боли Excel;проценты в сводной таблице excel;39;0;;сводные таблицы excel;общий
задачи и боли Excel;как удалить сводную таблицу с листа excel;39;0;;сводные таблицы excel;общий
задачи и боли Excel;анализ сводной таблицы в excel где;39;0;;сводные таблицы excel;общий
создание и внедрение;приложение 3d конструктор;39;0;;конструктор приложений;общий
создание и внедрение;автоматизация бизнес процессов позволит;39;0;;автоматизация бизнес процессов;общий
создание и внедрение;уровни автоматизации бизнес процессов;39;0;;автоматизация бизнес процессов;общий
создание и внедрение;автоматизация учета торговли;39;0;;автоматизация учета;общий
создание и внедрение;автоматизация статистического учета;39;0;;автоматизация учета;общий
создание и внедрение;методы внедрения информационных систем;39;0;;внедрение информационной системы;покупка
создание и внедрение;необходимость внедрения информационных систем;39;0;;внедрение информационной системы;покупка
создание и внедрение;заказать разработку бота;39;0;;заказать разработку;покупка
создание и внедрение;заказ на разработку и производство;39;0;;разработка на заказ;общий
создание и внедрение;управление предприятием в условиях цифровизации мирэа;39;0;;цифровизация предприятия;общий
импортозамещение и закупка;битрикс реестр отечественного по;39;0;;реестр отечественного по;общий
импортозамещение и закупка;регистрационный номер в реестре отечественного по;39;0;;реестр отечественного по;общий
импортозамещение и закупка;реестр заявок отечественное по;39;0;;реестр отечественного по;общий
импортозамещение и закупка;планы по импортозамещению минпромторг;39;0;;импортозамещение по;общий
импортозамещение и закупка;модель on premises;39;0;;on premise;общий
данные и справочники;нормализация справочника номенклатуры;39;0;;нормализация справочников;общий
данные и справочники;какую норму дал мите мастер;39;0;;мастер данные;общий
данные и справочники;какую норму работы дал мастер мите;39;0;;мастер данные;общий
данные и справочники;мастер импорта данных;39;0;;мастер данные;общий
данные и справочники;дайте характеристику мастера;39;0;;мастер данные;общий
данные и справочники;давать заказ мастерам;39;0;;мастер данные;общий
конкуренты и бренды;amocrm яндекс метрика;38;0;;amocrm;общий
конкуренты и бренды;amocrm партнерская;38;0;;amocrm;общий
конкуренты и бренды;договор amocrm;38;0;;amocrm;общий
конкуренты и бренды;amocrm сравнение;38;0;;amocrm;выбор
конкуренты и бренды;amocrm вк;38;0;;amocrm;общий
конкуренты и бренды;google таблицы это просто;38;0;;google таблицы;учебное
конкуренты и бренды;перенести excel в google таблицу;38;0;;google таблицы;общий
конкуренты и бренды;базовый excel google таблицы;38;0;;google таблицы;общий
конкуренты и бренды;metabase dashboard;38;0;;metabase;общий
конкуренты и бренды;google forms gle;38;0;;google forms;общий
конкуренты и бренды;сайт google forms;38;0;;google forms;общий
конкуренты и бренды;docs google forms ответы;38;0;;google forms;общий
конкуренты и бренды;google form задание;38;0;;google forms;общий
конкуренты и бренды;microsoft access создание базы;38;0;;microsoft access;общий
конкуренты и бренды;пакет microsoft access;38;0;;microsoft access;общий
конкуренты и бренды;microsoft access обучение;38;0;;microsoft access;учебное
язык задач — учёт;книга учета заказов;38;0;;учет заказов;общий
язык задач — учёт;приказ об учете заявок;38;0;;учет заявок;общий
язык задач — учёт;аналитический учет по складам;38;0;;учет склада;общий
язык задач — учёт;построить стол учета склад ласт дей;38;0;;учет склада;общий
язык задач — учёт;процесс учета товаров на складе;38;0;;учет склада;общий
язык задач — учёт;программа учета продаж склад;38;0;;учет склада;общий
язык задач — учёт;учет закупок сырья;38;0;;учет закупок;общий
язык задач — учёт;учет расходов на ремонт автомобиля;38;0;;учет ремонтов;общий
язык задач — учёт;организация табельного учета;38;0;;табельный учет;общий
язык задач — система/программа;информационная система управления строительными проектами;38;0;;система управления проектами;общий
язык задач — система/программа;позитивной стороной внедрения erp систем является;38;0;;erp система;покупка
язык задач — система/программа;позитивными сторонами erp систем являются;38;0;;erp система;общий
язык задач — система/программа;erp система управления складом;38;0;;erp система;общий
язык задач — система/программа;какие есть программы для склада;38;0;;программа для склада;общий
задачи и боли Excel;функция впр и поискпоз в excel;38;0;;впр excel;общий
задачи и боли Excel;функция впр в excel интервальный просмотр;38;0;;впр excel;общий
задачи и боли Excel;тормозит таблица excel;38;0;;excel тормозит;проблема
задачи и боли Excel;сводные таблицы excel 2019;38;0;;сводные таблицы excel;общий
задачи и боли Excel;обновление данных в сводной таблице excel;38;0;;сводные таблицы excel;общий
создание и внедрение;конструктор приложений для андроид на русском бесплатно;38;0;;конструктор приложений;навигация
создание и внедрение;автоматизация учета рабочего времени сотрудников;38;0;;автоматизация учета;общий
создание и внедрение;внедрение 1с crm;38;0;;внедрение crm;покупка
создание и внедрение;проектирование разработка и внедрение информационной системы;38;0;;внедрение информационной системы;покупка
создание и внедрение;техническое задание на программную систему;38;0;;техническое задание на систему;общий
создание и внедрение;техническое задание на системы кондиционирования;38;0;;техническое задание на систему;общий
импортозамещение и закупка;перечень по импортозамещению;38;0;;импортозамещение по;общий
импортозамещение и закупка;мероприятия по импортозамещению в отраслях промышленности;38;0;;импортозамещение по;общий
импортозамещение и закупка;меры по импортозамещению;38;0;;импортозамещение по;общий
импортозамещение и закупка;отечественные crm системы;38;0;;отечественная crm;общий
данные и справочники;1с заполнение справочника номенклатура;38;0;;справочник номенклатуры;общий
данные и справочники;за что дают мастера в танках;38;0;;мастер данные;общий
конкуренты и бренды;1с стр заменить;37;0;;заменить 1с;выбор
конкуренты и бренды;заменить кавычки 1с;37;0;;заменить 1с;выбор
конкуренты и бренды;amocrm claude;37;0;;amocrm;общий
конкуренты и бренды;amocrm на компьютер;37;0;;amocrm;общий
конкуренты и бренды;airtables российский;37;0;;airtable;общий
конкуренты и бренды;российский аналог airtable;37;0;;airtable;выбор
конкуренты и бренды;планшет google таблицы;37;0;;google таблицы;общий
конкуренты и бренды;tableau public скачать;37;0;;tableau;навигация
конкуренты и бренды;tableau catalog;37;0;;tableau;общий
конкуренты и бренды;www google forms;37;0;;google forms;общий
конкуренты и бренды;docs google com forms ответы;37;0;;google forms;общий
конкуренты и бренды;создание базы данных microsoft access;37;0;;microsoft access;общий
конкуренты и бренды;microsoft access programming;37;0;;microsoft access;общий
конкуренты и бренды;microsoft access позволяет;37;0;;microsoft access;общий
конкуренты и бренды;microsoft access открыть;37;0;;microsoft access;общий
конкуренты и бренды;microsoft access создать базу данных;37;0;;microsoft access;общий
конкуренты и бренды;microsoft access software;37;0;;microsoft access;общий
язык задач — учёт;заявка на замену прибора учета электроэнергии;37;0;;учет заявок;общий
язык задач — учёт;оперативный учет на складе;37;0;;учет склада;общий
язык задач — учёт;как называется учет на складе;37;0;;учет склада;общий
язык задач — учёт;учет закупок информационная система;37;0;;учет закупок;общий
язык задач — учёт;капитальный ремонт здания бухгалтерский учет;37;0;;учет ремонтов;общий
язык задач — учёт;взыскание восстановительного ремонта без учета износа;37;0;;учет ремонтов;общий
язык задач — учёт;гарантийный ремонт бухгалтерский и налоговый учет;37;0;;учет ремонтов;общий
язык задач — учёт;отчет учета обращения с отходами;37;0;;учет обращений;общий
язык задач — система/программа;система управления проектами рф;37;0;;система управления проектами;общий
язык задач — система/программа;системы управления проектами в социальной сфере;37;0;;система управления проектами;общий
язык задач — система/программа;системы управления научными проектами;37;0;;система управления проектами;общий
язык задач — система/программа;проект системы контроля управления доступом;37;0;;система управления проектами;общий
язык задач — система/программа;система оперативного управления проектами;37;0;;система управления проектами;общий
язык задач — система/программа;системы crm управление проектами;37;0;;система управления проектами;общий
язык задач — система/программа;erp scm системы;37;0;;erp система;общий
язык задач — система/программа;система 1с erp склад;37;0;;erp система;общий
язык задач — система/программа;система учета mes;37;0;;mes система;общий
язык задач — система/программа;отечественная mes система;37;0;;mes система;общий
язык задач — система/программа;mes aps системы;37;0;;mes система;общий
язык задач — система/программа;bi системы business intelligence;37;0;;bi система;общий
язык задач — система/программа;bi системы olap;37;0;;bi система;общий
язык задач — система/программа;программы для тсд склад;37;0;;программа для склада;общий
язык задач — система/программа;простая программа для магазина;37;0;;программа для магазина;общий
язык задач — система/программа;программа для автоматизация магазина;37;0;;программа для магазина;общий
язык задач — система/программа;программы для магазинов запчастей;37;0;;программа для магазина;общий
создание и внедрение;автоматизация бизнес процессов продаж;37;0;;автоматизация бизнес процессов;общий
создание и внедрение;автоматизация внутренних бизнес процессов;37;0;;автоматизация бизнес процессов;общий
создание и внедрение;автоматизация операций по учету;37;0;;автоматизация учета;общий
создание и внедрение;автоматизация учета и управления бизнеса;37;0;;автоматизация учета;общий
создание и внедрение;автоматизация учета аренды;37;0;;автоматизация учета;общий
создание и внедрение;автоматизация учета ресурсов;37;0;;автоматизация учета;общий
создание и внедрение;системы учета автоматизация программы;37;0;;автоматизация учета;общий
создание и внедрение;специалист по внедрению crm;37;0;;внедрение crm;покупка
создание и внедрение;внедрение crm системы в компании;37;0;;внедрение crm;покупка
создание и внедрение;стратегии внедрения информационной системы;37;0;;внедрение информационной системы;покупка
создание и внедрение;разработка сайта на шаблоне 1с битрикс заказать;37;0;;заказать разработку;покупка
создание и внедрение;заказы на конструкторскую разработку;37;0;;разработка на заказ;общий
создание и внедрение;разработка одежды на заказ;37;0;;разработка на заказ;общий
создание и внедрение;разработка и изготовление на заказ;37;0;;разработка на заказ;общий
создание и внедрение;поиск заказов на разработку;37;0;;разработка на заказ;общий
создание и внедрение;техническое задание на информационную систему безопасности;37;0;;техническое задание на систему;общий
импортозамещение и закупка;министерство по импортозамещению;37;0;;импортозамещение по;общий
ии и новое;что значит вайб кодинг;37;0;;вайб кодинг;общий
ии и новое;mcp серверы для вайб кодинга;37;0;;вайб кодинг;общий
данные и справочники;сопоставление номенклатуры в 1с унф;37;0;;сопоставление номенклатуры;общий
данные и справочники;как убрать сопоставление номенклатуры в 1с;37;0;;сопоставление номенклатуры;общий
данные и справочники;мастер айкидо дан;37;0;;мастер данные;общий
данные и справочники;ученику и мастеру дано;37;0;;мастер данные;общий
данные и справочники;генная база данных мастера как работает майнкрафт;37;0;;мастер данные;общий
данные и справочники;дала мастеру трах;37;0;;мастер данные;общий
конкуренты и бренды;http amocrm ru;36;0;;amocrm;общий
конкуренты и бренды;импорт amocrm;36;0;;amocrm;общий
конкуренты и бренды;внедрить amocrm;36;0;;amocrm;общий
конкуренты и бренды;tableau скачать бесплатно;36;0;;tableau;навигация
конкуренты и бренды;google form s;36;0;;google forms;общий
конкуренты и бренды;google form варианты;36;0;;google forms;общий
конкуренты и бренды;microsoft access предназначена для;36;0;;microsoft access;общий
конкуренты и бренды;microsoft 365 access runtime;36;0;;microsoft access;общий
язык задач — учёт;учет клиенты доходы и расходы;36;0;;учет клиентов;общий
язык задач — учёт;учет и отчетность на складе;36;0;;учет склада;общий
язык задач — учёт;журнал учета температуры на складе;36;0;;учет склада;общий
язык задач — учёт;учет товаров в магазине склада;36;0;;учет склада;общий
язык задач — учёт;учет поступления материалов на складе;36;0;;учет склада;общий
язык задач — учёт;бухгалтерский учет остатков на складе;36;0;;учет склада;общий
язык задач — учёт;учет гарантийного ремонта проводки;36;0;;учет ремонтов;общий
язык задач — учёт;налоговый учет ремонта арендованного помещения;36;0;;учет ремонтов;общий
язык задач — учёт;сервис учета обращений;36;0;;учет обращений;общий
язык задач — система/программа;подсистемы системы управления проектами;36;0;;система управления проектами;общий
язык задач — система/программа;создать erp систему;36;0;;erp система;общий
язык задач — система/программа;erp системы и прикладное программирование;36;0;;erp система;общий
язык задач — система/программа;структура erp систем;36;0;;erp система;общий
язык задач — система/программа;erp система список;36;0;;erp система;общий
язык задач — система/программа;erp ii системы;36;0;;erp система;общий
язык задач — система/программа;функции bi системы;36;0;;bi система;общий
язык задач — система/программа;скачать программу для учета склада;36;0;;программа для склада;навигация
язык задач — система/программа;программы для магазина пива;36;0;;программа для магазина;общий
язык задач — система/программа;программа продаж для магазина бесплатно касса розница;36;0;;программа для магазина;навигация
язык задач — система/программа;магазин программ для бизнеса;36;0;;программа для магазина;общий
задачи и боли Excel;впр формула excel пример для чайников пошагово;36;0;;впр excel;учебное
задачи и боли Excel;впр в excel примеры с условиями;36;0;;впр excel;учебное
задачи и боли Excel;функция впр в excel сравнения таблиц;36;0;;впр excel;выбор
задачи и боли Excel;для чего нужны сводные таблицы в excel;36;0;;сводные таблицы excel;общий
задачи и боли Excel;как скопировать сводную таблицу в excel;36;0;;сводные таблицы excel;общий
задачи и боли Excel;excel сводная таблица промежуточные итоги;36;0;;сводные таблицы excel;общий
задачи и боли Excel;отключить сводную таблицу в excel;36;0;;сводные таблицы excel;общий
задачи и боли Excel;курсы по сводным таблицам excel;36;0;;сводные таблицы excel;учебное
задачи и боли Excel;сводная таблица в excel задачи;36;0;;сводные таблицы excel;общий
создание и внедрение;приложение конструктор 3;36;0;;конструктор приложений;общий
создание и внедрение;приложение для управления конструктором;36;0;;конструктор приложений;общий
создание и внедрение;приложение к журналу моделист конструктор;36;0;;конструктор приложений;общий
создание и внедрение;мобильные приложения бесплатный конструктор;36;0;;конструктор приложений;общий
создание и внедрение;опыт автоматизации бизнес процессов;36;0;;автоматизация бизнес процессов;общий
создание и внедрение;составление технического задания на систему;36;0;;техническое задание на систему;общий
создание и внедрение;техническое задание на систему мониторинга;36;0;;техническое задание на систему;общий
импортозамещение и закупка;льготы по реестру отечественного по;36;0;;реестр отечественного по;общий
импортозамещение и закупка;приказ минпромторга по импортозамещению;36;0;;импортозамещение по;общий
импортозамещение и закупка;yandex on premise;36;0;;on premise;общий
ии и новое;skillbox нейросети для бизнеса;36;0;;нейросеть для бизнеса;общий
данные и справочники;справочник номенклатура форма формаэлемента форма;36;0;;справочник номенклатуры;общий
конкуренты и бренды;amocrm что это за программа;35;0;;amocrm;учебное
конкуренты и бренды;создание сделки amocrm;35;0;;amocrm;общий
конкуренты и бренды;https smkt amocrm ru;35;0;;amocrm;общий
конкуренты и бренды;amocrm скачать бесплатно на компьютер;35;0;;amocrm;навигация
конкуренты и бренды;amocrm скачать на компьютер;35;0;;amocrm;навигация
конкуренты и бренды;salebot amocrm;35;0;;amocrm;общий
конкуренты и бренды;аналоги приложения notion;35;0;;аналог notion;выбор
конкуренты и бренды;au tableau;35;0;;tableau;общий
конкуренты и бренды;etudes tableaux rachmaninoff;35;0;;tableau;общий
конкуренты и бренды;create google forms;35;0;;google forms;общий
конкуренты и бренды;google forms создать опросник;35;0;;google forms;общий
конкуренты и бренды;https www google form;35;0;;google forms;общий
конкуренты и бренды;ttps docs google com forms;35;0;;google forms;общий
конкуренты и бренды;программа microsoft access предназначена;35;0;;microsoft access;общий
конкуренты и бренды;таблица microsoft access база данных;35;0;;microsoft access;общий
конкуренты и бренды;microsoft access sharing;35;0;;microsoft access;общий
язык задач — учёт;учет операций по счетам клиентов;35;0;;учет клиентов;общий
язык задач — учёт;интернет магазин учет заказов;35;0;;учет заказов;общий
язык задач — учёт;стол учета склад last day;35;0;;учет склада;общий
язык задач — учёт;цифровой учет закупок;35;0;;учет закупок;общий
язык задач — учёт;вакансия специалист табельного учета;35;0;;табельный учет;общий
язык задач — система/программа;внутренняя система управления проектами;35;0;;система управления проектами;общий
язык задач — система/программа;система планирования и организация производства;35;0;;система планирования производства;общий
язык задач — система/программа;erp системы преимущества;35;0;;erp система;общий
язык задач — система/программа;erp системы 2025;35;0;;erp система;общий
язык задач — система/программа;стоимость внедрения erp систем;35;0;;erp система;покупка
язык задач — система/программа;объекты erp системы;35;0;;erp система;общий
язык задач — система/программа;бесплатные erp системы;35;0;;erp система;общий
язык задач — система/программа;программа для склада продуктов;35;0;;программа для склада;общий
язык задач — система/программа;программа склада для маркетплейсов;35;0;;программа для склада;общий
язык задач — система/программа;программа для компьютера магазина;35;0;;программа для магазина;общий
язык задач — система/программа;программы для пивного магазина;35;0;;программа для магазина;общий
язык задач — система/программа;программа скидок для магазина;35;0;;программа для магазина;общий
язык задач — система/программа;программа производственного контроля для продуктового магазина;35;0;;программа для магазина;общий
язык задач — система/программа;партнерская программа для магазина;35;0;;программа для магазина;общий
задачи и боли Excel;ошибка н д в excel при впр;35;0;;впр excel;проблема
задачи и боли Excel;excel совместная работа с файлом;35;0;;совместная работа excel;общий
задачи и боли Excel;как переместить сводную таблицу в excel;35;0;;сводные таблицы excel;общий
задачи и боли Excel;анализ сводной таблицы в excel где найти;35;0;;сводные таблицы excel;общий
задачи и боли Excel;элементы сводной таблицы excel;35;0;;сводные таблицы excel;общий
задачи и боли Excel;таблица excel для учета продаж;35;0;;excel для учета;общий
создание и внедрение;конструктор кухонь приложение;35;0;;конструктор приложений;общий
создание и внедрение;конструктор дизайна приложения;35;0;;конструктор приложений;общий
создание и внедрение;приложение для инженеров конструкторов;35;0;;конструктор приложений;общий
создание и внедрение;бизнес аналитика и автоматизация процессов в;35;0;;автоматизация бизнес процессов;общий
создание и внедрение;автоматизация бухгалтерского учета и отчетности;35;0;;автоматизация учета;общий
создание и внедрение;внедрение crm система для бизнес процессов москва;35;0;;внедрение crm;покупка
создание и внедрение;план внедрения erp;35;0;;внедрение erp;покупка
создание и внедрение;компании по внедрению информационных систем;35;0;;внедрение информационной системы;покупка
создание и внедрение;модели внедрения информационной системы;35;0;;внедрение информационной системы;покупка
создание и внедрение;техническое задание на систему автоматизации;35;0;;техническое задание на систему;общий
создание и внедрение;проект цифровизации предприятия;35;0;;цифровизация предприятия;общий
импортозамещение и закупка;реестр отечественного по минцифры россии;35;0;;реестр отечественного по;общий
импортозамещение и закупка;реестр отечественного по методические рекомендации;35;0;;реестр отечественного по;общий
ии и новое;нейросеть для составления бизнес плана;35;0;;нейросеть для бизнеса;общий
данные и справочники;диадок сопоставление номенклатуры 1с;35;0;;сопоставление номенклатуры;общий
данные и справочники;на какие группы делится справочник номенклатура;35;0;;справочник номенклатуры;общий
данные и справочники;классик мастер s7 статус что дает;35;0;;мастер данные;общий
данные и справочники;дай р мастера;35;0;;мастер данные;общий
данные и справочники;за мастера спорта дают деньги;35;0;;мастер данные;общий
конкуренты и бренды;amocrm обзор;34;0;;amocrm;выбор
конкуренты и бренды;wazzup amocrm;34;0;;amocrm;общий
конкуренты и бренды;amocrm отзывы сотрудников;34;0;;amocrm;общий
конкуренты и бренды;google amocrm;34;0;;amocrm;общий
конкуренты и бренды;российский аналог power bi;34;0;;аналог power bi;выбор
конкуренты и бренды;tableau com;34;0;;tableau;общий
конкуренты и бренды;color tableau;34;0;;tableau;общий
конкуренты и бренды;docs google com forms d ответы;34;0;;google forms;общий
конкуренты и бренды;microsoft access applications;34;0;;microsoft access;общий
конкуренты и бренды;microsoft access exe;34;0;;microsoft access;общий
конкуренты и бренды;microsoft access аналоги;34;0;;microsoft access;выбор
конкуренты и бренды;64 bit microsoft access database engine;34;0;;microsoft access;общий
язык задач — учёт;учет размещения заказов;34;0;;учет заказов;общий
язык задач — учёт;учет склад розница;34;0;;учет склада;общий
язык задач — учёт;учет товаров на складе в бухгалтерии;34;0;;учет склада;общий
язык задач — учёт;порядок регистрации и учета обращений;34;0;;учет обращений;общий
язык задач — система/программа;журнал учета информационных систем персональных данных;34;0;;система учета данных;общий
язык задач — система/программа;открытые системы управления проектами;34;0;;система управления проектами;общий
язык задач — система/программа;erp системы введение;34;0;;erp система;общий
язык задач — система/программа;описание erp системы;34;0;;erp система;общий
язык задач — система/программа;примеры mes систем;34;0;;mes система;учебное
язык задач — система/программа;программа для склада для предприятия;34;0;;программа для склада;общий
язык задач — система/программа;программа для продажи товаров в магазине;34;0;;программа для магазина;общий
задачи и боли Excel;впр 2 столбца в excel;34;0;;впр excel;общий
задачи и боли Excel;впр с несколькими условиями в excel примеры;34;0;;впр excel;учебное
задачи и боли Excel;функция впр в excel сравнение двух таблиц;34;0;;впр excel;выбор
задачи и боли Excel;excel цвета сводной таблицы;34;0;;сводные таблицы excel;общий
задачи и боли Excel;таблица для учета облигаций в excel;34;0;;excel для учета;общий
создание и внедрение;создать приложение бесплатно конструктор;34;0;;конструктор приложений;навигация
создание и внедрение;автоматизация бизнес процессов битрикс;34;0;;автоматизация бизнес процессов;общий
создание и внедрение;автоматизация учета поставок;34;0;;автоматизация учета;общий
создание и внедрение;1с комплексная автоматизация учет производства;34;0;;автоматизация учета;общий
создание и внедрение;автоматизация бухгалтерского учета на предприятии;34;0;;автоматизация учета;общий
создание и внедрение;автоматизация ведения бухгалтерского учета;34;0;;автоматизация учета;общий
создание и внедрение;объект внедрения информационной системы;34;0;;внедрение информационной системы;покупка
создание и внедрение;инструменты внедрения информационных систем;34;0;;внедрение информационной системы;покупка
создание и внедрение;разработка сайта продвижение заказать;34;0;;заказать разработку;покупка
создание и внедрение;разработка изделий на заказ;34;0;;разработка на заказ;общий
создание и внедрение;разработка на заказ цена;34;0;;разработка на заказ;покупка
создание и внедрение;техническое задание на систему испытаний;34;0;;техническое задание на систему;общий
создание и внедрение;техническое задание на развитие информационной системы;34;0;;техническое задание на систему;общий
импортозамещение и закупка;on premise llm;34;0;;on premise;общий
ии и новое;вайб кодинг локально;34;0;;вайб кодинг;общий
ии и новое;нейросеть идеи для бизнеса;34;0;;нейросеть для бизнеса;общий
данные и справочники;перенос справочников номенклатуры 1с;34;0;;справочник номенклатуры;общий
данные и справочники;загрузка данных в справочник номенклатура;34;0;;справочник номенклатуры;общий
данные и справочники;основная цель мастер данных;34;0;;мастер данные;общий
данные и справочники;мастер давать указания 10;34;0;;мастер данные;общий
данные и справочники;мастер давать указания 10 букв;34;0;;мастер данные;общий
конкуренты и бренды;amocrm telegram;33;0;;amocrm;общий
конкуренты и бренды;знание amocrm;33;0;;amocrm;общий
конкуренты и бренды;amocrm и яндекс;33;0;;amocrm;общий
конкуренты и бренды;tilda amocrm;33;0;;amocrm;общий
конкуренты и бренды;amocrm поля сделки;33;0;;amocrm;общий
конкуренты и бренды;études tableaux op 39 сергей васильевич рахманинов;33;0;;tableau;общий
конкуренты и бренды;n8n zapier;33;0;;zapier;общий
конкуренты и бренды;http docs google com forms;33;0;;google forms;общий
конкуренты и бренды;http docs google com forms d;33;0;;google forms;общий
конкуренты и бренды;http docs google forms;33;0;;google forms;общий
конкуренты и бренды;www google com forms;33;0;;google forms;общий
конкуренты и бренды;microsoft access windows 10;33;0;;microsoft access;общий
конкуренты и бренды;запустить microsoft access;33;0;;microsoft access;общий
конкуренты и бренды;microsoft access 2022;33;0;;microsoft access;общий
конкуренты и бренды;средства microsoft access;33;0;;microsoft access;общий
конкуренты и бренды;microsoft access как работать;33;0;;microsoft access;общий
язык задач — учёт;бухгалтерский учет банк клиент;33;0;;учет клиентов;общий
язык задач — учёт;программа учета данных клиентов;33;0;;учет клиентов;общий
язык задач — учёт;учет заказов мебели;33;0;;учет заказов;общий
язык задач — учёт;учет заявок для оборудования;33;0;;учет заявок;общий
язык задач — учёт;правила ведения журнала учета обращений;33;0;;учет обращений;общий
язык задач — система/программа;путь системы управления проектами;33;0;;система управления проектами;общий
язык задач — система/программа;адванта система управления проектами;33;0;;система управления проектами;общий
язык задач — система/программа;назначение систем управления проектами;33;0;;система управления проектами;общий
язык задач — система/программа;автоматизированная система mes;33;0;;mes система;общий
язык задач — система/программа;mes система разработка;33;0;;mes система;общий
язык задач — система/программа;системы отчетности bi;33;0;;bi система;общий
язык задач — система/программа;задачи bi системы;33;0;;bi система;общий
язык задач — система/программа;программы учет для интернет магазина учет;33;0;;программа для магазина;общий
задачи и боли Excel;курсы excel впр и сводные;33;0;;впр excel;учебное
задачи и боли Excel;как расшифровывается впр в excel;33;0;;впр excel;общий
задачи и боли Excel;excel впр сводные таблицы для чайников;33;0;;впр excel;учебное
задачи и боли Excel;как впр в excel для чайников пошагово;33;0;;впр excel;учебное
задачи и боли Excel;включить сводную таблицу в excel;33;0;;сводные таблицы excel;общий
задачи и боли Excel;как посмотреть сводную таблицу excel;33;0;;сводные таблицы excel;общий
задачи и боли Excel;где находится сводная таблица в excel;33;0;;сводные таблицы excel;общий
задачи и боли Excel;связи в сводных таблицах excel;33;0;;сводные таблицы excel;общий
задачи и боли Excel;как изменить источник сводной таблицы excel;33;0;;сводные таблицы excel;общий
создание и внедрение;лучшие конструкторы приложений;33;0;;конструктор приложений;выбор
создание и внедрение;конструктор андроид приложений онлайн;33;0;;конструктор приложений;общий
создание и внедрение;автоматизация складского учета предприятия;33;0;;автоматизация учета;общий
создание и внедрение;автоматизация торгового учета;33;0;;автоматизация учета;общий
создание и внедрение;комплексная автоматизация складской учет;33;0;;автоматизация учета;общий
создание и внедрение;раздельный учет ндс комплексная автоматизация;33;0;;автоматизация учета;общий
создание и внедрение;задачи внедрения crm;33;0;;внедрение crm;покупка
создание и внедрение;внедрение и настройка crm;33;0;;внедрение crm;покупка
создание и внедрение;разработка ботов на заказ;33;0;;разработка на заказ;общий
создание и внедрение;разработка чертежей на заказ;33;0;;разработка на заказ;общий
создание и внедрение;техническое задание на систему персональных данных;33;0;;техническое задание на систему;общий
импортозамещение и закупка;on premise server;33;0;;on premise;общий
ии и новое;бесплатные нейросети для бизнес плана;33;0;;нейросеть для бизнеса;общий
данные и справочники;как добавить в справочник новый элемент номенклатуры;33;0;;справочник номенклатуры;общий
данные и справочники;где находится справочник номенклатура в 1с;33;0;;справочник номенклатуры;общий
конкуренты и бренды;1с заменяемая печатная форма;32;0;;заменить 1с;общий
конкуренты и бренды;сколько стоит amocrm;32;0;;amocrm;покупка
конкуренты и бренды;amocrm интеграция с 1с;32;0;;amocrm;общий
конкуренты и бренды;купон amocrm;32;0;;amocrm;общий
конкуренты и бренды;модули amocrm;32;0;;amocrm;общий
конкуренты и бренды;версии amocrm;32;0;;amocrm;общий
конкуренты и бренды;amocrm сегодня;32;0;;amocrm;общий
конкуренты и бренды;создание google form;32;0;;google forms;общий
конкуренты и бренды;https docs google com forms ответы;32;0;;google forms;общий
конкуренты и бренды;google form с вопросами;32;0;;google forms;общий
конкуренты и бренды;microsoft office access 2007;32;0;;microsoft access;общий
конкуренты и бренды;microsoft web access;32;0;;microsoft access;общий
язык задач — учёт;учет клиентов простой софт;32;0;;учет клиентов;общий
язык задач — учёт;автоматизация учета заказов;32;0;;учет заказов;общий
язык задач — учёт;учет премий за объем закупок;32;0;;учет закупок;общий
язык задач — учёт;формы учета обращений граждан;32;0;;учет обращений;общий
язык задач — учёт;карточка учета обращений;32;0;;учет обращений;общий
язык задач — учёт;журнал табельного учета;32;0;;табельный учет;общий
язык задач — учёт;приказ о табельном учете;32;0;;табельный учет;общий
язык задач — система/программа;работать с системами управления проектами;32;0;;система управления проектами;общий
язык задач — система/программа;система управления бережливыми проектами;32;0;;система управления проектами;общий
язык задач — система/программа;создание системы управления проектами в организации;32;0;;система управления проектами;общий
язык задач — система/программа;специалист по erp системам;32;0;;erp система;общий
язык задач — система/программа;что значит erp система;32;0;;erp система;общий
язык задач — система/программа;стандарт erp систем;32;0;;erp система;общий
язык задач — система/программа;программа для склада онлайн;32;0;;программа для склада;общий
язык задач — система/программа;программа производственного контроля для магазина продуктов образец;32;0;;программа для магазина;общий
задачи и боли Excel;впр в excel в разных таблицах;32;0;;впр excel;общий
задачи и боли Excel;excel впр по двум критериям;32;0;;впр excel;общий
задачи и боли Excel;впр по строкам excel;32;0;;впр excel;общий
задачи и боли Excel;сводная таблица времени в excel;32;0;;сводные таблицы excel;общий
задачи и боли Excel;excel сводная таблица дата по месяцам;32;0;;сводные таблицы excel;общий
задачи и боли Excel;как открыть поля сводной таблицы в excel;32;0;;сводные таблицы excel;общий
задачи и боли Excel;готовая таблица excel для учета товара;32;0;;excel для учета;общий
создание и внедрение;конструктор приложений шаблоны;32;0;;конструктор приложений;общий
создание и внедрение;bubble конструктор приложений;32;0;;конструктор приложений;общий
создание и внедрение;автоматизация управленческого бухгалтерского учета;32;0;;автоматизация учета;общий
создание и внедрение;автоматизация в кадровом учете;32;0;;автоматизация учета;общий
создание и внедрение;партионный учет автоматизация;32;0;;автоматизация учета;общий
создание и внедрение;автоматизация учета заработной платы;32;0;;автоматизация учета;общий
создание и внедрение;автоматизации бух учета;32;0;;автоматизация учета;общий
создание и внедрение;учет лизинга в комплексной автоматизации;32;0;;автоматизация учета;общий
создание и внедрение;автоматизация учета гоз;32;0;;автоматизация учета;общий
создание и внедрение;автоматизация бухгалтерского учета информационных систем;32;0;;автоматизация учета;общий
создание и внедрение;разработка и внедрение erp;32;0;;внедрение erp;покупка
создание и внедрение;опыт внедрения erp;32;0;;внедрение erp;покупка
создание и внедрение;информационные системы внедрение в производство;32;0;;внедрение информационной системы;покупка
создание и внедрение;этапы разработки и внедрения информационных систем;32;0;;внедрение информационной системы;покупка
создание и внедрение;закажу разработку программы;32;0;;заказать разработку;общий
создание и внедрение;разработка мобильных приложений на заказ;32;0;;разработка на заказ;общий
создание и внедрение;разработка программ на пк на заказ;32;0;;разработка на заказ;общий
импортозамещение и закупка;направления по импортозамещению;32;0;;импортозамещение по;общий
импортозамещение и закупка;заводы по импортозамещению;32;0;;импортозамещение по;общий
ии и новое;бесплатный ии для вайб кодинга;32;0;;вайб кодинг;общий
ии и новое;нейросеть для бизнес проекта;32;0;;нейросеть для бизнеса;общий
данные и справочники;что дает бот мастер 5 уровня;32;0;;мастер данные;общий
данные и справочники;смотреть русское порно дала мастеру;32;0;;мастер данные;общий
конкуренты и бренды;1с регистр сведений заменить запись;31;0;;заменить 1с;выбор
конкуренты и бренды;как в документах заменить кпс в 1с;31;0;;заменить 1с;выбор
конкуренты и бренды;команда f5 amocrm;31;0;;amocrm;общий
конкуренты и бренды;amocrm основатель;31;0;;amocrm;общий
конкуренты и бренды;база знаний amocrm;31;0;;amocrm;общий
конкуренты и бренды;tableau first;31;0;;tableau;общий
конкуренты и бренды;tableau data source;31;0;;tableau;общий
конкуренты и бренды;https policies google com country association form;31;0;;google forms;общий
конкуренты и бренды;make google forms;31;0;;google forms;общий
конкуренты и бренды;скачать microsoft access 2013;31;0;;microsoft access;навигация
конкуренты и бренды;microsoft access относится к;31;0;;microsoft access;общий
конкуренты и бренды;microsoft access 2026;31;0;;microsoft access;общий
конкуренты и бренды;microsoft access 2019;31;0;;microsoft access;общий
конкуренты и бренды;microsoft access 2024;31;0;;microsoft access;общий
язык задач — учёт;учет клиентов физических лиц;31;0;;учет клиентов;общий
язык задач — учёт;журнал учета табельных номеров;31;0;;табельный учет;общий
язык задач — система/программа;описание системы управления проектом;31;0;;система управления проектами;общий
язык задач — система/программа;региональная информационная система управления проектами;31;0;;система управления проектами;общий
язык задач — система/программа;aps система планирования производства;31;0;;система планирования производства;общий
язык задач — система/программа;erp система бюджетирование;31;0;;erp система;общий
язык задач — система/программа;erp система на заказ;31;0;;erp система;общий
язык задач — система/программа;отличие erp от систем;31;0;;erp система;общий
язык задач — система/программа;назначения erp систем;31;0;;erp система;общий
язык задач — система/программа;концепция erp систем;31;0;;erp система;общий
язык задач — система/программа;создание bi системы;31;0;;bi система;общий
язык задач — система/программа;разработка bi системы;31;0;;bi система;общий
язык задач — система/программа;программа 1с для чайников склад;31;0;;программа для склада;учебное
язык задач — система/программа;кассовая программа для розничного магазина бесплатно;31;0;;программа для магазина;навигация
язык задач — система/программа;программа для товара в магазине бесплатно;31;0;;программа для магазина;навигация
язык задач — система/программа;программы для магазина россия;31;0;;программа для магазина;общий
задачи и боли Excel;видео впр excel пример;31;0;;впр excel;учебное
задачи и боли Excel;впр excel примеры использования;31;0;;впр excel;учебное
задачи и боли Excel;excel впр где;31;0;;впр excel;общий
задачи и боли Excel;аналог функции впр в excel;31;0;;впр excel;выбор
задачи и боли Excel;как пользоваться сводной таблицей в excel;31;0;;сводные таблицы excel;общий
задачи и боли Excel;скачать сводную таблицу в excel примеры;31;0;;сводные таблицы excel;учебное
задачи и боли Excel;как составить сводную таблицу в excel;31;0;;сводные таблицы excel;общий
создание и внедрение;no code конструктор приложений;31;0;;конструктор приложений;общий
создание и внедрение;конструктор мобильных приложений для андроид;31;0;;конструктор приложений;общий
создание и внедрение;рынок автоматизации бизнес процессов;31;0;;автоматизация бизнес процессов;общий
создание и внедрение;проблемы автоматизации бизнес процессов;31;0;;автоматизация бизнес процессов;проблема
создание и внедрение;гк автоматизация учета;31;0;;автоматизация учета;общий
создание и внедрение;комплексная автоматизация партионный учет;31;0;;автоматизация учета;общий
создание и внедрение;особенность автоматизация учета;31;0;;автоматизация учета;общий
создание и внедрение;раздельный учет ндс в 1с комплексная автоматизация;31;0;;автоматизация учета;общий
создание и внедрение;учет зарплаты в 1с комплексная автоматизация;31;0;;автоматизация учета;учебное
создание и внедрение;автоматизация учета excel;31;0;;автоматизация учета;общий
создание и внедрение;как в комплексной автоматизации настроить счета учета;31;0;;автоматизация учета;общий
создание и внедрение;1с erp управление предприятием 2 внедрение;31;0;;внедрение erp;покупка
создание и внедрение;рецензия методических разработок заказать;31;0;;заказать разработку;покупка
создание и внедрение;разработка лекала на заказ;31;0;;разработка на заказ;общий
создание и внедрение;техническое задание на монтаж системы видеонаблюдения;31;0;;техническое задание на систему;общий
создание и внедрение;частное техническое задание на систему защиты информации;31;0;;техническое задание на систему;общий
импортозамещение и закупка;план мероприятий по импортозамещению минпромторг;31;0;;импортозамещение по;общий
импортозамещение и закупка;стратегия по импортозамещению;31;0;;импортозамещение по;общий
импортозамещение и закупка;указ по импортозамещению;31;0;;импортозамещение по;общий
ии и новое;вайб кодинг уроки;31;0;;вайб кодинг;учебное
ии и новое;создать конструктор сайт mvp вайб кодинг;31;0;;вайб кодинг;общий
ии и новое;нейросеть для генерации бизнеса;31;0;;нейросеть для бизнеса;общий
данные и справочники;как сделать сопоставление номенклатуры в 1с;31;0;;сопоставление номенклатуры;общий
данные и справочники;словарь сопоставления номенклатуры;31;0;;сопоставление номенклатуры;общий
данные и справочники;формирование справочника номенклатура;31;0;;справочник номенклатуры;общий
данные и справочники;мастер класс по тай дай;31;0;;мастер данные;общий
данные и справочники;дает ли мастер спорта баллы к егэ;31;0;;мастер данные;учебное
данные и справочники;дала мастеру интернета русское порно;31;0;;мастер данные;общий
конкуренты и бренды;заменить запись в регистре 1с;30;0;;заменить 1с;выбор
конкуренты и бренды;ответы amocrm;30;0;;amocrm;общий
конкуренты и бренды;amocrm создать сделку;30;0;;amocrm;общий
конкуренты и бренды;мобильный amocrm;30;0;;amocrm;общий
конкуренты и бренды;лицензия amocrm;30;0;;amocrm;общий
конкуренты и бренды;https bonacompany amocrm ru;30;0;;amocrm;общий
конкуренты и бренды;amocrm integration;30;0;;amocrm;общий
конкуренты и бренды;amocrm календарь;30;0;;amocrm;общий
конкуренты и бренды;amocrm new;30;0;;amocrm;общий
конкуренты и бренды;nova amocrm ru;30;0;;amocrm;общий
конкуренты и бренды;tableau что это за программа;30;0;;tableau;учебное
конкуренты и бренды;tableau книги;30;0;;tableau;общий
конкуренты и бренды;tableau россия;30;0;;tableau;общий
конкуренты и бренды;товарищ excel power query tableau sql python;30;0;;tableau;общий
конкуренты и бренды;metabase дашборды;30;0;;metabase;общий
конкуренты и бренды;как заполнять google forms;30;0;;google forms;общий
конкуренты и бренды;https www google com forms;30;0;;google forms;общий
конкуренты и бренды;entry google forms;30;0;;google forms;общий
язык задач — учёт;учет материалов по заказу;30;0;;учет заказов;общий
язык задач — учёт;учет заявок на обслуживание;30;0;;учет заявок;общий
язык задач — учёт;учет заявок онлайн;30;0;;учет заявок;общий
язык задач — учёт;учет закупок проводки;30;0;;учет закупок;общий
язык задач — система/программа;информационные системы поддержки управления проектами;30;0;;система управления проектами;общий
язык задач — система/программа;управление проектами систем электроснабжения;30;0;;система управления проектами;общий
язык задач — система/программа;рынок систем управления проектами;30;0;;система управления проектами;общий
язык задач — система/программа;система управление портфелем проектов;30;0;;система управления проектами;общий
язык задач — система/программа;какие erp системы существуют;30;0;;erp система;общий
язык задач — система/программа;эффективность внедрения erp системы;30;0;;erp система;покупка
язык задач — система/программа;сплит система ballu bspi 10hn8 erp;30;0;;erp система;общий
язык задач — система/программа;что такое mes система простыми словами;30;0;;mes система;учебное
язык задач — система/программа;программа производственного контроля для склада;30;0;;программа для склада;общий
язык задач — система/программа;программа штрих код для склада;30;0;;программа для склада;общий
язык задач — система/программа;программа для магазина разливного пива;30;0;;программа для магазина;общий
язык задач — система/программа;программа учета для магазина бесплатно;30;0;;программа для магазина;навигация
язык задач — система/программа;программы для кассира магазина;30;0;;программа для магазина;общий
задачи и боли Excel;почему не работает функция впр в excel;30;0;;впр excel;проблема
задачи и боли Excel;впр excel два листа;30;0;;впр excel;общий
задачи и боли Excel;применение впр в excel;30;0;;впр excel;общий
задачи и боли Excel;excel 2010 сводные таблицы;30;0;;сводные таблицы excel;общий
задачи и боли Excel;сводная таблица в excel скопировать лист;30;0;;сводные таблицы excel;общий
задачи и боли Excel;объединить две сводные таблицы в excel;30;0;;сводные таблицы excel;общий
задачи и боли Excel;как получить сводную таблицу в excel;30;0;;сводные таблицы excel;общий
задачи и боли Excel;редактирование сводной таблицы excel;30;0;;сводные таблицы excel;общий
задачи и боли Excel;как отсортировать сводную таблицу в excel;30;0;;сводные таблицы excel;общий
задачи и боли Excel;медиана в сводной таблице excel;30;0;;сводные таблицы excel;общий
создание и внедрение;лего приложение для сборки конструктора лего;30;0;;конструктор приложений;общий
создание и внедрение;автоматизация бизнес процесса закупки;30;0;;автоматизация бизнес процессов;общий
создание и внедрение;виды автоматизации бизнес процессов;30;0;;автоматизация бизнес процессов;общий
создание и внедрение;подходы к автоматизации бизнес процессов;30;0;;автоматизация бизнес процессов;общий
создание и внедрение;автоматизация системы управленческого учета;30;0;;автоматизация учета;общий
создание и внедрение;автоматизация бухгалтерского учета и финансов;30;0;;автоматизация учета;общий
создание и внедрение;внедрение crm этапы;30;0;;внедрение crm;покупка
создание и внедрение;внедрение erp эффективность;30;0;;внедрение erp;покупка
создание и внедрение;компании по внедрению 1с erp;30;0;;внедрение erp;покупка
создание и внедрение;внедрение новой информационной системы это проект;30;0;;внедрение информационной системы;учебное
создание и внедрение;внедрение системы защиты информации информационной системы;30;0;;внедрение информационной системы;покупка
создание и внедрение;разработка конструкторской документации на заказ;30;0;;разработка на заказ;общий
создание и внедрение;цифровизация процессов на предприятии;30;0;;цифровизация предприятия;общий
импортозамещение и закупка;бизнес по импортозамещение;30;0;;импортозамещение по;общий
импортозамещение и закупка;продукты по импортозамещению;30;0;;импортозамещение по;общий
импортозамещение и закупка;координационный совет по импортозамещению;30;0;;импортозамещение по;общий
импортозамещение и закупка;on premise data;30;0;;on premise;общий
ии и новое;нейросети для бизнеса скачать курсы;30;0;;нейросеть для бизнеса;учебное
ии и новое;нейросети для бизнеса маркетинга;30;0;;нейросеть для бизнеса;общий
данные и справочники;какой совет дал мастер;30;0;;мастер данные;общий
конкуренты и бренды;как заменить реализацию в 1с;29;0;;заменить 1с;выбор
конкуренты и бренды;документы amocrm;29;0;;amocrm;общий
конкуренты и бренды;amocrm открыть;29;0;;amocrm;общий
конкуренты и бренды;tableau id;29;0;;tableau;общий
конкуренты и бренды;таблицы в tableau;29;0;;tableau;общий
конкуренты и бренды;tableau server;29;0;;tableau;общий
конкуренты и бренды;tableau desktop скачать;29;0;;tableau;навигация
конкуренты и бренды;zapier автоматизация;29;0;;zapier;общий
конкуренты и бренды;сервис google forms;29;0;;google forms;общий
конкуренты и бренды;microsoft access скачать бесплатно русская;29;0;;microsoft access;навигация
конкуренты и бренды;microsoft access презентация;29;0;;microsoft access;общий
конкуренты и бренды;microsoft access windows 11;29;0;;microsoft access;общий
конкуренты и бренды;скачать microsoft access 2007;29;0;;microsoft access;навигация
конкуренты и бренды;microsoft access database engine 32;29;0;;microsoft access;общий
конкуренты и бренды;типы данных microsoft access;29;0;;microsoft access;общий
язык задач — учёт;сайт для учета клиентов;29;0;;учет клиентов;общий
язык задач — учёт;учет клиентов в эксель;29;0;;учет клиентов;общий
язык задач — учёт;скачать учет заказов;29;0;;учет заказов;навигация
язык задач — учёт;crm учет заказов;29;0;;учет заказов;общий
язык задач — учёт;постановка на учет в день обращения;29;0;;учет обращений;общий
язык задач — учёт;журнал учета обращения отходов образец;29;0;;учет обращений;общий
язык задач — учёт;бухгалтерский учет издержек обращения;29;0;;учет обращений;общий
язык задач — система/программа;система учета данных флгр;29;0;;система учета данных;общий
язык задач — система/программа;автоматизированная система управления заявками;29;0;;система управления заявками;общий
язык задач — система/программа;оценка эффективности системы управления проектами;29;0;;система управления проектами;общий
язык задач — система/программа;задачи информационных систем управления проектами;29;0;;система управления проектами;общий
язык задач — система/программа;wms tms erp системы;29;0;;erp система;общий
язык задач — система/программа;erp система войти;29;0;;erp система;навигация
язык задач — система/программа;mrp mrp ii erp системы;29;0;;erp система;общий
язык задач — система/программа;системы планирования mes;29;0;;mes система;общий
язык задач — система/программа;виды bi систем;29;0;;bi система;общий
язык задач — система/программа;программа для кассы и склада;29;0;;программа для склада;общий
язык задач — система/программа;программа для ведения учета магазина;29;0;;программа для магазина;общий
задачи и боли Excel;замена функции впр в excel;29;0;;впр excel;выбор
задачи и боли Excel;впр массива excel;29;0;;впр excel;общий
задачи и боли Excel;знание excel впр сводные;29;0;;впр excel;общий
задачи и боли Excel;впр по нескольким критериям excel;29;0;;впр excel;общий
задачи и боли Excel;впр в excel в разных файлах;29;0;;впр excel;общий
задачи и боли Excel;как работает функция впр в excel пример;29;0;;впр excel;учебное
задачи и боли Excel;недопустимое имя сводной таблицы в excel причина;29;0;;сводные таблицы excel;общий
задачи и боли Excel;сортировка данных в сводной таблице excel;29;0;;сводные таблицы excel;общий
задачи и боли Excel;видео уроки excel сводные таблицы;29;0;;сводные таблицы excel;учебное
задачи и боли Excel;excel для учета инвестиций;29;0;;excel для учета;общий
создание и внедрение;конструктор приложений макс;29;0;;конструктор приложений;общий
создание и внедрение;приложение магазин конструктор;29;0;;конструктор приложений;общий
создание и внедрение;управление проектами автоматизации бизнес процессов;29;0;;автоматизация бизнес процессов;общий
создание и внедрение;результаты автоматизации бизнес процессов;29;0;;автоматизация бизнес процессов;общий
создание и внедрение;руководитель автоматизации бизнес процессов;29;0;;автоматизация бизнес процессов;общий
создание и внедрение;автоматизация приборов учета;29;0;;автоматизация учета;общий
создание и внедрение;внедрение автоматизации бухгалтерского учета;29;0;;автоматизация учета;покупка
создание и внедрение;современные системы автоматизации учета;29;0;;автоматизация учета;общий
создание и внедрение;комплексная автоматизация настройка счетов учета;29;0;;автоматизация учета;общий
создание и внедрение;1с автоматизация учета основных средств;29;0;;автоматизация учета;общий
создание и внедрение;автоматизация учета на предприятии 1с;29;0;;автоматизация учета;общий
создание и внедрение;внедрение crm в кр;29;0;;внедрение crm;покупка
создание и внедрение;результаты внедрение информационной системы;29;0;;внедрение информационной системы;покупка
создание и внедрение;риски внедрения информационных систем;29;0;;внедрение информационной системы;покупка
создание и внедрение;руководитель внедрения информационных систем;29;0;;внедрение информационной системы;покупка
создание и внедрение;цифровизация предприятий и организаций;29;0;;цифровизация предприятия;общий
импортозамещение и закупка;импортозамещение по сроки;29;0;;импортозамещение по;общий
импортозамещение и закупка;что значит on premise;29;0;;on premise;общий
ии и новое;лучшие модели для вайб кодинга;29;0;;вайб кодинг;выбор
ии и новое;нейросети профи уровень вайб кодинг;29;0;;вайб кодинг;общий
ии и новое;вайб кодинг клод;29;0;;вайб кодинг;общий
ии и новое;интенсив по вайб кодингу;29;0;;вайб кодинг;общий
ии и новое;курсы по ии и нейросетям для бизнеса;29;0;;нейросеть для бизнеса;учебное
ии и новое;фотографии с помощью нейросети приложения;29;0;;приложение с помощью нейросети;общий
данные и справочники;справочник тип цен номенклатуры;29;0;;справочник номенклатуры;общий
данные и справочники;e1cib data справочник номенклатура;29;0;;справочник номенклатуры;общий
данные и справочники;справочник номенклатура в 1с 8.3 бухгалтерия;29;0;;справочник номенклатуры;общий
данные и справочники;какие льготы дает мастер спорта;29;0;;мастер данные;общий
данные и справочники;мастер данные в excel;29;0;;мастер данные;общий
данные и справочники;интеграция мастер данных;29;0;;мастер данные;общий
конкуренты и бренды;функция заменить 1с;28;0;;заменить 1с;выбор
конкуренты и бренды;альтернатива 1с бухгалтерия;28;0;;альтернатива 1с;выбор
конкуренты и бренды;amocrm покупатели;28;0;;amocrm;общий
конкуренты и бренды;tableau аналоги;28;0;;tableau;выбор
конкуренты и бренды;tableau download;28;0;;tableau;общий
конкуренты и бренды;google forms таблица;28;0;;google forms;общий
конкуренты и бренды;google forms quizizz;28;0;;google forms;общий
конкуренты и бренды;google forms викторина;28;0;;google forms;общий
конкуренты и бренды;google forms анкетирование;28;0;;google forms;общий
конкуренты и бренды;гугл формы forms google com;28;0;;google forms;общий
конкуренты и бренды;microsoft access database установить;28;0;;microsoft access;общий
конкуренты и бренды;microsoft office access предназначены для;28;0;;microsoft access;общий
язык задач — учёт;таблица учета клиентов шаблон;28;0;;учет клиентов;общий
язык задач — учёт;учет заявок предприятия;28;0;;учет заявок;общий
язык задач — учёт;учет заявок московский;28;0;;учет заявок;общий
язык задач — учёт;заявка на допуск узла учета;28;0;;учет заявок;общий
язык задач — учёт;основы табельного учета;28;0;;табельный учет;общий
язык задач — система/программа;составляющие системы управления проектами;28;0;;система управления проектами;общий
язык задач — система/программа;механизмы системы управления проектами;28;0;;система управления проектами;общий
язык задач — система/программа;10 систем управления проектами;28;0;;система управления проектами;общий
язык задач — система/программа;yougile система управления проектами;28;0;;система управления проектами;общий
язык задач — система/программа;разработать erp системы;28;0;;erp система;общий
язык задач — система/программа;информационной системы erp класса;28;0;;erp система;общий
язык задач — система/программа;архитектура erp систем;28;0;;erp система;общий
язык задач — система/программа;внедрение erp систем на предприятии;28;0;;erp система;покупка
язык задач — система/программа;система sap erp что это;28;0;;erp система;учебное
язык задач — система/программа;bi системы и управление данными;28;0;;bi система;общий
язык задач — система/программа;bi система обучение;28;0;;bi система;учебное
язык задач — система/программа;программа для учета запчастей на складе;28;0;;программа для склада;общий
язык задач — система/программа;программа для магазина цветов;28;0;;программа для магазина;общий
язык задач — система/программа;магазин программ для windows;28;0;;программа для магазина;общий
задачи и боли Excel;альтернатива впр в excel;28;0;;впр excel;выбор
задачи и боли Excel;функция впр в excel ошибка н д;28;0;;впр excel;проблема
задачи и боли Excel;впр гпр в excel что это;28;0;;впр excel;учебное
задачи и боли Excel;как найти функцию впр в excel;28;0;;впр excel;общий
задачи и боли Excel;excel еслиошибка впр;28;0;;впр excel;общий
задачи и боли Excel;знание excel впр сводные таблицы;28;0;;впр excel;общий
задачи и боли Excel;сводные таблицы в excel видеоурок;28;0;;сводные таблицы excel;общий
задачи и боли Excel;возможности сводных таблиц excel;28;0;;сводные таблицы excel;общий
задачи и боли Excel;как сформировать сводную таблицу в excel;28;0;;сводные таблицы excel;общий
создание и внедрение;участие в автоматизации бизнес процессов;28;0;;автоматизация бизнес процессов;общий
создание и внедрение;для автоматизации бизнес процессов используются;28;0;;автоматизация бизнес процессов;общий
создание и внедрение;автоматизация розничного учета;28;0;;автоматизация учета;общий
создание и внедрение;учет аренды в комплексной автоматизации;28;0;;автоматизация учета;общий
создание и внедрение;автоматизация учета себестоимости;28;0;;автоматизация учета;общий
создание и внедрение;автоматизация учета лизинга 1с;28;0;;автоматизация учета;общий
создание и внедрение;учет лизинга 1с комплексная автоматизация;28;0;;автоматизация учета;общий
создание и внедрение;автоматизация товарного учета;28;0;;автоматизация учета;общий
создание и внедрение;цели внедрения crm;28;0;;внедрение crm;покупка
создание и внедрение;стадии внедрения информационной системы;28;0;;внедрение информационной системы;покупка
создание и внедрение;веб разработка заказать;28;0;;заказать разработку;покупка
создание и внедрение;техническое задание на работы информационная система;28;0;;техническое задание на систему;общий
создание и внедрение;техническое задание на ремонт системы отопления;28;0;;техническое задание на систему;общий
создание и внедрение;цифровизация современных предприятий;28;0;;цифровизация предприятия;общий
импортозамещение и закупка;внесение по в реестр отечественного программного обеспечения;28;0;;реестр отечественного по;общий
импортозамещение и закупка;реестр отечественного по проверить;28;0;;реестр отечественного по;общий
импортозамещение и закупка;подача в реестр отечественного по;28;0;;реестр отечественного по;общий
импортозамещение и закупка;тарифная политика для реестра отечественного по;28;0;;реестр отечественного по;покупка
импортозамещение и закупка;импортозамещение по 2022;28;0;;импортозамещение по;общий
импортозамещение и закупка;импортозамещение по в 2024 году;28;0;;импортозамещение по;общий
импортозамещение и закупка;закон по импортозамещению;28;0;;импортозамещение по;общий
импортозамещение и закупка;проблемы импортозамещения по;28;0;;импортозамещение по;проблема
импортозамещение и закупка;elma365 on premise;28;0;;on premise;общий
ии и новое;вайб кодинг тильда;28;0;;вайб кодинг;общий
данные и справочники;1с mdm управление мастер данными корп;28;0;;мастер данные;общий
конкуренты и бренды;amocrm интеграция api;27;0;;amocrm;общий
конкуренты и бренды;tableau отчеты;27;0;;tableau;общий
конкуренты и бренды;tableaux vivants;27;0;;tableau;общий
конкуренты и бренды;vivre sa vie film en douze tableaux;27;0;;tableau;общий
конкуренты и бренды;qlik tableau;27;0;;tableau;общий
конкуренты и бренды;приложение microsoft access;27;0;;microsoft access;общий
конкуренты и бренды;microsoft office access базы;27;0;;microsoft access;общий
конкуренты и бренды;microsoft access key;27;0;;microsoft access;общий
конкуренты и бренды;microsoft office access скачать бесплатно;27;0;;microsoft access;навигация
конкуренты и бренды;microsoft office access бесплатно;27;0;;microsoft access;навигация
конкуренты и бренды;microsoft access на русском;27;0;;microsoft access;общий
язык задач — учёт;учет пожеланий клиента;27;0;;учет клиентов;общий
язык задач — учёт;учет клиентов срм;27;0;;учет клиентов;общий
язык задач — учёт;как вести учет заявок;27;0;;учет заявок;общий
язык задач — учёт;заявка на допуск прибора учета;27;0;;учет заявок;общий
язык задач — учёт;табельный учет инструкции;27;0;;табельный учет;учебное
язык задач — система/программа;проектирование информационной системы управления проектами;27;0;;система управления проектами;общий
язык задач — система/программа;конфигурация erp системы;27;0;;erp система;общий
язык задач — система/программа;erp система интерфейс;27;0;;erp система;общий
язык задач — система/программа;негативной стороной внедрения erp систем является;27;0;;erp система;покупка
язык задач — система/программа;развитие erp систем;27;0;;erp система;общий
язык задач — система/программа;система min max в erp это;27;0;;erp система;учебное
язык задач — система/программа;mes системы россии;27;0;;mes система;общий
язык задач — система/программа;bi систем хранилище данных;27;0;;bi система;общий
язык задач — система/программа;программы для интернет магазина бесплатно;27;0;;программа для магазина;навигация
язык задач — система/программа;программа учета для цветочных магазинов;27;0;;программа для магазина;общий
задачи и боли Excel;для чего нужен впр в excel;27;0;;впр excel;общий
задачи и боли Excel;сравнение столбцов в excel впр;27;0;;впр excel;выбор
задачи и боли Excel;как включить впр в excel;27;0;;впр excel;общий
задачи и боли Excel;впр по 2 условиям excel;27;0;;впр excel;общий
задачи и боли Excel;доля в сводной таблице excel;27;0;;сводные таблицы excel;общий
задачи и боли Excel;excel сводная таблица не обновляется;27;0;;сводные таблицы excel;общий
задачи и боли Excel;таблица excel для учета портфеля;27;0;;excel для учета;общий
создание и внедрение;конструктор интерфейса приложения;27;0;;конструктор приложений;общий
создание и внедрение;glide конструктор приложений;27;0;;конструктор приложений;общий
создание и внедрение;ai конструктор приложений;27;0;;конструктор приложений;общий
создание и внедрение;low code автоматизация бизнес процессов;27;0;;автоматизация бизнес процессов;общий
создание и внедрение;автоматизация бизнес процессов bpm;27;0;;автоматизация бизнес процессов;общий
создание и внедрение;кейсы автоматизации бизнес процессов;27;0;;автоматизация бизнес процессов;общий
создание и внедрение;1с комплексная автоматизация учет основных средств;27;0;;автоматизация учета;общий
создание и внедрение;автоматизация учета движения товара;27;0;;автоматизация учета;общий
создание и внедрение;автоматизация воинского учета;27;0;;автоматизация учета;общий
создание и внедрение;ии и автоматизация учета;27;0;;автоматизация учета;общий
создание и внедрение;автоматизация фин учета;27;0;;автоматизация учета;общий
создание и внедрение;проект внедрение crm системы;27;0;;внедрение crm;покупка
создание и внедрение;купить crm внедрение;27;0;;внедрение crm;покупка
создание и внедрение;внедрение crm услуга;27;0;;внедрение crm;покупка
создание и внедрение;внедрение информационной системы примеры;27;0;;внедрение информационной системы;учебное
создание и внедрение;стандарт информационные системы внедрение;27;0;;внедрение информационной системы;покупка
создание и внедрение;проблемы внедрения информационных систем;27;0;;внедрение информационной системы;покупка
создание и внедрение;разработка логотипа заказать;27;0;;заказать разработку;покупка
создание и внедрение;техническое задание на сопровождение системы;27;0;;техническое задание на систему;общий
создание и внедрение;техническое задание на проектирование автоматизированной системы;27;0;;техническое задание на систему;общий
создание и внедрение;техническое задание на создание системы безопасности;27;0;;техническое задание на систему;общий
создание и внедрение;частное техническое задание на создание системы;27;0;;техническое задание на систему;общий
создание и внедрение;цифровизация бизнес процессов предприятия;27;0;;цифровизация предприятия;общий
создание и внедрение;цифровизация и автоматизация предприятия;27;0;;цифровизация предприятия;общий
импортозамещение и закупка;номер записи в реестре отечественного по;27;0;;реестр отечественного по;общий
импортозамещение и закупка;реестр отечественного по astra linux;27;0;;реестр отечественного по;общий
импортозамещение и закупка;реестр отечественного по список;27;0;;реестр отечественного по;общий
импортозамещение и закупка;реестр отечественного по линукс;27;0;;реестр отечественного по;общий
импортозамещение и закупка;услуги по импортозамещению;27;0;;импортозамещение по;общий
импортозамещение и закупка;импортозамещение в россии по отраслям;27;0;;импортозамещение по;общий
ии и новое;вайб кодинг яндекс практикум;27;0;;вайб кодинг;общий
ии и новое;нейросети для бизнеса и smm;27;0;;нейросеть для бизнеса;общий
ии и новое;приложение для создания видео с помощью нейросети;27;0;;приложение с помощью нейросети;общий
данные и справочники;справочники номенклатура найтипонаименованию;27;0;;справочник номенклатуры;общий
данные и справочники;как перенести справочник номенклатуры;27;0;;справочник номенклатуры;общий
данные и справочники;мастер считывания данных мирт 141 исп 2;27;0;;мастер данные;общий
данные и справочники;мастер своего дела что дает;27;0;;мастер данные;общий
данные и справочники;нси мастер данных;27;0;;мастер данные;общий
конкуренты и бренды;заменить подстроку 1с;26;0;;заменить 1с;выбор
конкуренты и бренды;notion airtable;26;0;;airtable;общий
конкуренты и бренды;airtable таблица;26;0;;airtable;общий
конкуренты и бренды;tableau анализ данных;26;0;;tableau;общий
конкуренты и бренды;потерянные знаки на художественные полотнах hidden tableaux;26;0;;tableau;проблема
конкуренты и бренды;tableau de bord;26;0;;tableau;общий
конкуренты и бренды;https yandex ru pogoda utm source tableau;26;0;;tableau;общий
конкуренты и бренды;docs google com forms c;26;0;;google forms;общий
конкуренты и бренды;база данных microsoft office access;26;0;;microsoft access;общий
конкуренты и бренды;microsoft access учебник;26;0;;microsoft access;учебное
конкуренты и бренды;использование microsoft access;26;0;;microsoft access;общий
конкуренты и бренды;microsoft access 2003 скачать;26;0;;microsoft access;навигация
конкуренты и бренды;microsoft access how to;26;0;;microsoft access;общий
конкуренты и бренды;microsoft access 64 bit скачать;26;0;;microsoft access;навигация
конкуренты и бренды;5 microsoft access;26;0;;microsoft access;общий
конкуренты и бренды;microsoft access 2016 64 bit;26;0;;microsoft access;общий
конкуренты и бренды;субд microsoft access 2016;26;0;;microsoft access;общий
язык задач — учёт;как сделать учет клиентов;26;0;;учет клиентов;общий
язык задач — учёт;подарок клиенту налоговый учет;26;0;;учет клиентов;общий
язык задач — учёт;учет заказов маркетплейсов;26;0;;учет заказов;общий
язык задач — учёт;журнал учета аварийных заявок;26;0;;учет заявок;общий
язык задач — учёт;электронный реестр учета заявок;26;0;;учет заявок;общий
язык задач — учёт;закупки счет бухгалтерского учета;26;0;;учет закупок;общий
язык задач — учёт;ведение табельного учета рабочего времени;26;0;;табельный учет;общий
язык задач — система/программа;система управления проектами онлайн;26;0;;система управления проектами;общий
язык задач — система/программа;применение erp системы;26;0;;erp система;общий
язык задач — система/программа;внедрение erp систем mes;26;0;;erp система;покупка
язык задач — система/программа;преимущество bi системы;26;0;;bi система;общий
язык задач — система/программа;bi системы построение;26;0;;bi система;общий
язык задач — система/программа;скачать программу для учета склада бесплатно;26;0;;программа для склада;навигация
язык задач — система/программа;программа для небольшого магазина;26;0;;программа для магазина;общий
язык задач — система/программа;программа для магазина контур;26;0;;программа для магазина;общий
язык задач — система/программа;компьютерные программы для магазина;26;0;;программа для магазина;общий
язык задач — система/программа;программа лояльности для интернет магазина;26;0;;программа для магазина;общий
задачи и боли Excel;работа с таблицами в excel впр;26;0;;впр excel;общий
задачи и боли Excel;впр excel егэ;26;0;;впр excel;учебное
задачи и боли Excel;как закрепить впр в excel;26;0;;впр excel;общий
задачи и боли Excel;впр функция excel с несколькими условиями;26;0;;впр excel;общий
задачи и боли Excel;убрать нд в впр excel;26;0;;впр excel;общий
задачи и боли Excel;задачи excel впр;26;0;;впр excel;общий
задачи и боли Excel;сравнение двух столбцов в excel впр;26;0;;впр excel;выбор
задачи и боли Excel;как расширить сводную таблицу excel;26;0;;сводные таблицы excel;общий
задачи и боли Excel;как свернуть сводную таблицу в excel;26;0;;сводные таблицы excel;общий
задачи и боли Excel;формирование сводной таблицы в excel;26;0;;сводные таблицы excel;общий
создание и внедрение;автоматизация бизнес процессов в логистике;26;0;;автоматизация бизнес процессов;общий
создание и внедрение;автоматизация бизнес процессов илья отькало;26;0;;автоматизация бизнес процессов;общий
создание и внедрение;проблемы автоматизации учета;26;0;;автоматизация учета;проблема
создание и внедрение;автоматизация учета банк;26;0;;автоматизация учета;общий
создание и внедрение;автоматизация учета тмц;26;0;;автоматизация учета;общий
создание и внедрение;автоматизация финансового управленческого учета;26;0;;автоматизация учета;общий
создание и внедрение;автоматизация управленческого учета программы;26;0;;автоматизация учета;общий
создание и внедрение;учет аренды в 1с комплексная автоматизация;26;0;;автоматизация учета;общий
создание и внедрение;этапы внедрения crm систем;26;0;;внедрение crm;покупка
создание и внедрение;внедрение erp цены;26;0;;внедрение erp;покупка
создание и внедрение;затраты на внедрение информационной системы;26;0;;внедрение информационной системы;покупка
создание и внедрение;внедрение информационных систем практическое;26;0;;внедрение информационной системы;покупка
создание и внедрение;заказы на разработку c;26;0;;разработка на заказ;общий
создание и внедрение;разработка веб сайтов на заказ;26;0;;разработка на заказ;общий
импортозамещение и закупка;как попасть в реестр отечественного по;26;0;;реестр отечественного по;общий
импортозамещение и закупка;реестр отечественного по правилам;26;0;;реестр отечественного по;общий
импортозамещение и закупка;требования для включения в реестр отечественного по;26;0;;реестр отечественного по;общий
импортозамещение и закупка;требования по импортозамещению программного обеспечения;26;0;;импортозамещение по;общий
импортозамещение и закупка;on premise инфраструктуры;26;0;;on premise;общий
ии и новое;mcp серверы для вайб кодинга в 1с;26;0;;вайб кодинг;общий
ии и новое;нейросеть для бизнес аналитики;26;0;;нейросеть для бизнеса;общий
ии и новое;нейросети для бизнес аналитика;26;0;;нейросеть для бизнеса;общий
ии и новое;нейросеть курсы обучение для бизнеса;26;0;;нейросеть для бизнеса;учебное
данные и справочники;сопоставление номенклатуры сбис и 1с;26;0;;сопоставление номенклатуры;общий
данные и справочники;словарь сопоставления номенклатуры бэд;26;0;;сопоставление номенклатуры;общий
данные и справочники;в разделе справочники перечень номенклатура находится;26;0;;справочник номенклатуры;общий
данные и справочники;дала мастеру ххх;26;0;;мастер данные;общий
данные и справочники;что дает звание мастер спорта международного класса;26;0;;мастер данные;общий
конкуренты и бренды;как заменить эцп в 1с на новую;25;0;;заменить 1с;выбор
конкуренты и бренды;comrade excel power query tableau sql;25;0;;tableau;общий
конкуренты и бренды;tableau аналитика;25;0;;tableau;общий
конкуренты и бренды;аналитик tableau;25;0;;tableau;общий
конкуренты и бренды;tableau французский;25;0;;tableau;общий
конкуренты и бренды;tableau на русском;25;0;;tableau;общий
конкуренты и бренды;tableau обучение;25;0;;tableau;учебное
конкуренты и бренды;http metabase sky pro;25;0;;metabase;общий
конкуренты и бренды;платформа google forms;25;0;;google forms;общий
конкуренты и бренды;аналог google form;25;0;;google forms;выбор
конкуренты и бренды;microsoft access для чего нужен;25;0;;microsoft access;общий
конкуренты и бренды;установить microsoft access database engine;25;0;;microsoft access;общий
конкуренты и бренды;microsoft access forms;25;0;;microsoft access;общий
конкуренты и бренды;microsoft access base;25;0;;microsoft access;общий
язык задач — учёт;система учета клиентов банка;25;0;;учет клиентов;общий
язык задач — учёт;база учета заявок;25;0;;учет заявок;общий
язык задач — учёт;учет заявок программа бесплатная;25;0;;учет заявок;общий
язык задач — учёт;учет посещений обращений;25;0;;учет обращений;общий
язык задач — учёт;табельный учет ответственный;25;0;;табельный учет;общий
язык задач — система/программа;erp система кондуктор;25;0;;erp система;общий
язык задач — система/программа;система управления предприятием mes;25;0;;mes система;общий
язык задач — система/программа;bi системы в россии;25;0;;bi система;общий
язык задач — система/программа;программа для автоматизации склада;25;0;;программа для склада;общий
язык задач — система/программа;программа для инвентаризации склада;25;0;;программа для склада;общий
язык задач — система/программа;программа для склада озон;25;0;;программа для склада;общий
язык задач — система/программа;программа в excel для склада;25;0;;программа для склада;общий
язык задач — система/программа;программы для магазина ип;25;0;;программа для магазина;общий
язык задач — система/программа;магазины для скачивания программ;25;0;;программа для магазина;общий
язык задач — система/программа;программа для маленького магазина;25;0;;программа для магазина;общий
задачи и боли Excel;бесплатное обучение excel впр;25;0;;впр excel;учебное
задачи и боли Excel;ms excel впр сводные таблицы;25;0;;впр excel;общий
задачи и боли Excel;впр в excel не срабатывает;25;0;;впр excel;общий
задачи и боли Excel;команда впр в excel что это;25;0;;впр excel;учебное
задачи и боли Excel;что означает впр в excel;25;0;;впр excel;общий
задачи и боли Excel;впр в excel выдает н д;25;0;;впр excel;общий
задачи и боли Excel;excel шаблон для учета финансов;25;0;;excel для учета;общий
создание и внедрение;создать приложение на андроид конструктор;25;0;;конструктор приложений;общий
создание и внедрение;автоматизация бизнес процессов книги;25;0;;автоматизация бизнес процессов;общий
создание и внедрение;информационные технологии автоматизации управления бизнес процессами;25;0;;автоматизация бизнес процессов;общий
создание и внедрение;автоматизация бизнес процессов битрикс24;25;0;;автоматизация бизнес процессов;общий
создание и внедрение;автоматизация учета пользователей;25;0;;автоматизация учета;общий
создание и внедрение;автоматизация бухгалтерского и финансового учета;25;0;;автоматизация учета;общий
создание и внедрение;этапы автоматизации бухгалтерского учета;25;0;;автоматизация учета;общий
создание и внедрение;crm внедрение для работы;25;0;;внедрение crm;покупка
создание и внедрение;сколько стоит внедрение 1с erp;25;0;;внедрение erp;покупка
создание и внедрение;сколько стоит внедрение erp;25;0;;внедрение erp;покупка
создание и внедрение;внедрение настройка информационной системы;25;0;;внедрение информационной системы;покупка
создание и внедрение;внедрение информационной системы позволит;25;0;;внедрение информационной системы;покупка
создание и внедрение;заказать разработку сайта на тильде;25;0;;заказать разработку;покупка
создание и внедрение;разработка лекал одежды на заказ;25;0;;разработка на заказ;общий
импортозамещение и закупка;реестр отечественного по зачистка;25;0;;реестр отечественного по;общий
импортозамещение и закупка;комиссии по импортозамещению;25;0;;импортозамещение по;общий
импортозамещение и закупка;планы россии по импортозамещению;25;0;;импортозамещение по;общий
импортозамещение и закупка;отчет по импортозамещению;25;0;;импортозамещение по;общий
ии и новое;вайб кодинг заработок;25;0;;вайб кодинг;общий
ии и новое;вайб кодинг курс скачать;25;0;;вайб кодинг;учебное
ии и новое;миллер вайб кодинг;25;0;;вайб кодинг;общий
ии и новое;платформы для вайб кодинга;25;0;;вайб кодинг;общий
ии и новое;нейросети для бизнеса и управленцев;25;0;;нейросеть для бизнеса;общий
данные и справочники;исправить сопоставление номенклатуры в эдо;25;0;;сопоставление номенклатуры;общий
данные и справочники;мастера давать указания букв сканворд;25;0;;мастер данные;общий
данные и справочники;мастера давать указания сканворд;25;0;;мастер данные;общий
данные и справочники;мастера давать указания сканворд 10 букв;25;0;;мастер данные;общий
данные и справочники;мастер и маргарита сильные сами дадут;25;0;;мастер данные;общий
данные и справочники;дала мастеру sex;25;0;;мастер данные;общий
данные и справочники;в каком возрасте дают мастера спорта;25;0;;мастер данные;общий
данные и справочники;дала мастеру по ремонту компьютера порно;25;0;;мастер данные;общий
конкуренты и бренды;1с таблица значений заменить значение;24;0;;заменить 1с;выбор
конкуренты и бренды;как заменить слова в 1с;24;0;;заменить 1с;выбор
конкуренты и бренды;done google forms;24;0;;google forms;общий
конкуренты и бренды;microsoft access формулы;24;0;;microsoft access;общий
конкуренты и бренды;программа microsoft access предназначена для создания;24;0;;microsoft access;общий
конкуренты и бренды;microsoft access networking;24;0;;microsoft access;общий
язык задач — учёт;учет клиентов на телефоне;24;0;;учет клиентов;общий
язык задач — учёт;таблица учета клиентов excel;24;0;;учет клиентов;общий
язык задач — учёт;модуль учета заявок;24;0;;учет заявок;общий
язык задач — учёт;закупка книги учета;24;0;;учет закупок;общий
язык задач — учёт;учет пенсионных обращений;24;0;;учет обращений;общий
язык задач — система/программа;закупка система планирования производства;24;0;;система планирования производства;общий
язык задач — система/программа;жизненный цикл erp системы;24;0;;erp система;общий
язык задач — система/программа;описать erp системы;24;0;;erp система;общий
язык задач — система/программа;системы управления mes техническое задание;24;0;;mes система;общий
язык задач — система/программа;укажите bi системы;24;0;;bi система;общий
язык задач — система/программа;программы для учета склада и продаж;24;0;;программа для склада;общий
язык задач — система/программа;программа 1 с склад для начинающих;24;0;;программа для склада;общий
язык задач — система/программа;программа для магазина отзывы;24;0;;программа для магазина;общий
язык задач — система/программа;программа для проверки магазинов;24;0;;программа для магазина;общий
язык задач — система/программа;программа для проекта магазина;24;0;;программа для магазина;общий
задачи и боли Excel;excel новый впр;24;0;;впр excel;общий
задачи и боли Excel;задание на впр excel;24;0;;впр excel;общий
задачи и боли Excel;почему не срабатывает впр в excel;24;0;;впр excel;общий
задачи и боли Excel;excel 2013 сводная таблица;24;0;;сводные таблицы excel;общий
задачи и боли Excel;вставить формулу в сводную таблицу excel;24;0;;сводные таблицы excel;общий
задачи и боли Excel;excel сводная таблица количество строк;24;0;;сводные таблицы excel;общий
задачи и боли Excel;как сортировать сводную таблицу в excel;24;0;;сводные таблицы excel;общий
задачи и боли Excel;как переименовать сводную таблицу в excel;24;0;;сводные таблицы excel;общий
задачи и боли Excel;как изменить область сводной таблицы excel;24;0;;сводные таблицы excel;общий
задачи и боли Excel;таблица для финансового учета excel;24;0;;excel для учета;общий
задачи и боли Excel;таблица для учета рабочего времени excel;24;0;;excel для учета;общий
создание и внедрение;adalo конструктор приложений на русском;24;0;;конструктор приложений;общий
создание и внедрение;конструктор приложений для пк;24;0;;конструктор приложений;общий
создание и внедрение;создание приложений конструктор бесплатный;24;0;;конструктор приложений;общий
создание и внедрение;автоматизация бизнес процессов скачать;24;0;;автоматизация бизнес процессов;навигация
создание и внедрение;автоматизация hr бизнес процессов;24;0;;автоматизация бизнес процессов;общий
создание и внедрение;автоматизация бизнес процессов на базе 1с;24;0;;автоматизация бизнес процессов;общий
создание и внедрение;моделирование анализ и автоматизация бизнес процессов;24;0;;автоматизация бизнес процессов;общий
создание и внедрение;практика учета 1с комплексная автоматизация;24;0;;автоматизация учета;общий
создание и внедрение;цель автоматизации бухгалтерского учета;24;0;;автоматизация учета;общий
создание и внедрение;система автоматизации учета на предприятии;24;0;;автоматизация учета;общий
создание и внедрение;1с комплексная автоматизация группа финансового учета;24;0;;автоматизация учета;общий
создание и внедрение;кейс внедрение crm;24;0;;внедрение crm;покупка
создание и внедрение;ведущий специалист по внедрению информационных систем;24;0;;внедрение информационной системы;покупка
создание и внедрение;заказать разработку проектной документации;24;0;;заказать разработку;покупка
создание и внедрение;заказ на разработку crm;24;0;;разработка на заказ;общий
создание и внедрение;цифровизация финансов предприятия;24;0;;цифровизация предприятия;общий
импортозамещение и закупка;комитет по импортозамещению;24;0;;импортозамещение по;общий
импортозамещение и закупка;импортозамещение по в россии приказ;24;0;;импортозамещение по;общий
импортозамещение и закупка;российский рынок crm;24;0;;российская crm;общий
импортозамещение и закупка;установка on premise;24;0;;on premise;общий
импортозамещение и закупка;яндекс 360 on premise;24;0;;on premise;общий
импортозамещение и закупка;on premise инсталляция;24;0;;on premise;общий
ии и новое;вайб кодинг работать;24;0;;вайб кодинг;общий
ии и новое;вайб кодинг битрикс24;24;0;;вайб кодинг;общий
ии и новое;нейросеть искусственный интеллект для бизнеса;24;0;;нейросеть для бизнеса;общий
ии и новое;нейросети для вашего бизнеса;24;0;;нейросеть для бизнеса;общий
данные и справочники;аналитик мастер данных;24;0;;мастер данные;общий
данные и справочники;что дает карта мастер карт;24;0;;мастер данные;общий
конкуренты и бренды;qlik power bi tableau;23;0;;tableau;общий
конкуренты и бренды;n8n zapier make;23;0;;zapier;общий
конкуренты и бренды;microsoft access является;23;0;;microsoft access;общий
конкуренты и бренды;microsoft access код;23;0;;microsoft access;общий
конкуренты и бренды;microsoft access установка;23;0;;microsoft access;общий
язык задач — учёт;система учета заказов и клиентов;23;0;;учет клиентов;общий
язык задач — учёт;программа ведения учета клиентов;23;0;;учет клиентов;общий
язык задач — учёт;about учет заявок;23;0;;учет заявок;общий
язык задач — учёт;ведение учета обращений граждан;23;0;;учет обращений;общий
язык задач — учёт;учету в области обращения с отходами подлежат;23;0;;учет обращений;общий
язык задач — учёт;зуп табельный учет;23;0;;табельный учет;общий
язык задач — учёт;табельный учет на предприятии;23;0;;табельный учет;общий
язык задач — система/программа;директивное планирование производства тип экономической системы;23;0;;система планирования производства;общий
язык задач — система/программа;система планирования производства на предприятии;23;0;;система планирования производства;общий
язык задач — система/программа;ems mes access системы eltex ems;23;0;;mes система;общий
язык задач — система/программа;опция ems mes access системы eltex;23;0;;mes система;общий
язык задач — система/программа;знание bi систем;23;0;;bi система;общий
язык задач — система/программа;создаем bi систему;23;0;;bi система;общий
язык задач — система/программа;bi система менделеева;23;0;;bi система;общий
язык задач — система/программа;программа для планировки склада;23;0;;программа для склада;общий
язык задач — система/программа;программы для работы со складами;23;0;;программа для склада;общий
язык задач — система/программа;список программ для магазина;23;0;;программа для магазина;общий
язык задач — система/программа;дизайн программы для магазина;23;0;;программа для магазина;общий
задачи и боли Excel;как строить сводные таблицы в excel;23;0;;сводные таблицы excel;общий
задачи и боли Excel;таблица для учета облигаций в excel скачать;23;0;;excel для учета;навигация
задачи и боли Excel;скачать готовую таблицу excel для учета;23;0;;excel для учета;навигация
создание и внедрение;приложение конструктор дома;23;0;;конструктор приложений;общий
создание и внедрение;робот конструктор приложение;23;0;;конструктор приложений;общий
создание и внедрение;приложение фото конструктор;23;0;;конструктор приложений;общий
создание и внедрение;ios приложение конструктор;23;0;;конструктор приложений;общий
создание и внедрение;автоматизация бизнес процессов 1с erp;23;0;;автоматизация бизнес процессов;общий
создание и внедрение;системы комплексной автоматизации бизнес процессов;23;0;;автоматизация бизнес процессов;общий
создание и внедрение;crm системы автоматизация бизнес процессов;23;0;;автоматизация бизнес процессов;общий
создание и внедрение;автоматизация строительного учета;23;0;;автоматизация учета;общий
создание и внедрение;автоматизация учета электроэнергии;23;0;;автоматизация учета;общий
создание и внедрение;системы автоматизации документооборота и учета;23;0;;автоматизация учета;общий
создание и внедрение;специалист по автоматизации учета;23;0;;автоматизация учета;общий
создание и внедрение;автоматизация учета сырья;23;0;;автоматизация учета;общий
создание и внедрение;задачи автоматизации бухгалтерского учета;23;0;;автоматизация учета;общий
создание и внедрение;внедрение crm битрикс;23;0;;внедрение crm;покупка
создание и внедрение;специалист по внедрению информационных систем профстандарт;23;0;;внедрение информационной системы;покупка
создание и внедрение;разработка настольных игр на заказ;23;0;;разработка на заказ;общий
создание и внедрение;техническое задание на систему контроля доступа;23;0;;техническое задание на систему;общий
создание и внедрение;оценка цифровизации предприятия;23;0;;цифровизация предприятия;общий
создание и внедрение;стратегия цифровизации предприятия;23;0;;цифровизация предприятия;общий
создание и внедрение;внедрение цифровизации на предприятии;23;0;;цифровизация предприятия;покупка
импортозамещение и закупка;реестр отечественного по услуги;23;0;;реестр отечественного по;общий
импортозамещение и закупка;реестр отечественного по пак;23;0;;реестр отечественного по;общий
импортозамещение и закупка;об утверждении плана по импортозамещению;23;0;;импортозамещение по;общий
импортозамещение и закупка;документы по импортозамещению;23;0;;импортозамещение по;общий
импортозамещение и закупка;что такое on premise решение;23;0;;on premise;учебное
импортозамещение и закупка;enterprise on premise;23;0;;on premise;общий
ии и новое;150 промптов для продвинутого вайб кодинга;23;0;;вайб кодинг;общий
ии и новое;вайб кодинг cursor;23;0;;вайб кодинг;общий
ии и новое;лучшая нейросеть для бизнес плана;23;0;;нейросеть для бизнеса;выбор
ии и новое;нейросети для бизнеса книга;23;0;;нейросеть для бизнеса;общий
ии и новое;топ нейросетей для бизнеса;23;0;;нейросеть для бизнеса;выбор
данные и справочники;сопоставление номенклатуры в 1с 8.3 маркетплейс;23;0;;сопоставление номенклатуры;общий
данные и справочники;как настроить сопоставление номенклатуры в 1с;23;0;;сопоставление номенклатуры;общий
данные и справочники;какой реквизит справочника номенклатура;23;0;;справочник номенклатуры;общий
данные и справочники;звание мастер связи что дает;23;0;;мастер данные;общий
данные и справочники;за что дают мастера в мире танков;23;0;;мастер данные;общий
данные и справочники;даст мастер 400 смарт;23;0;;мастер данные;общий
данные и справочники;сколько денег дают мастерам спорта;23;0;;мастер данные;общий
конкуренты и бренды;tableau ai;22;0;;tableau;общий
конкуренты и бренды;google forms бесплатно;22;0;;google forms;навигация
конкуренты и бренды;gmail google forms;22;0;;google forms;общий
конкуренты и бренды;google forms отзывы;22;0;;google forms;общий
конкуренты и бренды;драйвер ядра субд microsoft access 2016;22;0;;microsoft access;общий
конкуренты и бренды;microsoft access функции;22;0;;microsoft access;общий
язык задач — учёт;учета заявок населения;22;0;;учет заявок;общий
язык задач — учёт;книга учета заявок;22;0;;учет заявок;общий
язык задач — учёт;образец положения о табельном учете;22;0;;табельный учет;общий
язык задач — система/программа;система управления заявками на закупку;22;0;;система управления заявками;общий
язык задач — система/программа;внедрение mes системы на предприятии;22;0;;mes система;покупка
язык задач — система/программа;лучшая bi система;22;0;;bi система;выбор
язык задач — система/программа;bi систему qlik;22;0;;bi система;общий
язык задач — система/программа;программа для учета остатков на складе бесплатно;22;0;;программа для склада;навигация
язык задач — система/программа;программа для управления магазина;22;0;;программа для магазина;общий
язык задач — система/программа;программа для торговли в магазине бесплатно;22;0;;программа для магазина;навигация
язык задач — система/программа;программа 1с для интернет магазина;22;0;;программа для магазина;общий
задачи и боли Excel;excel для складского учета;22;0;;excel для учета;общий
создание и внедрение;конструктор приложений вк;22;0;;конструктор приложений;общий
создание и внедрение;3д конструктор приложение;22;0;;конструктор приложений;общий
создание и внедрение;конструктор apk приложений;22;0;;конструктор приложений;общий
создание и внедрение;приложение конструктор интерьера;22;0;;конструктор приложений;общий
создание и внедрение;выполнить автоматизацию бизнес процессов;22;0;;автоматизация бизнес процессов;общий
создание и внедрение;автоматизации учета готовой продукции;22;0;;автоматизация учета;общий
создание и внедрение;группа компаний автоматизация учета;22;0;;автоматизация учета;общий
создание и внедрение;автоматизация учета в россии;22;0;;автоматизация учета;общий
создание и внедрение;автоматизация первичного учета;22;0;;автоматизация учета;общий
создание и внедрение;автоматизация учета техники;22;0;;автоматизация учета;общий
создание и внедрение;автоматизация журналов учета;22;0;;автоматизация учета;общий
создание и внедрение;эффективность внедрения crm;22;0;;внедрение crm;покупка
создание и внедрение;приказ о внедрении информационной системы;22;0;;внедрение информационной системы;покупка
создание и внедрение;акт внедрения информационной системы;22;0;;внедрение информационной системы;покупка
создание и внедрение;биржа заказов на разработку;22;0;;разработка на заказ;общий
создание и внедрение;получил заказ на разработку;22;0;;разработка на заказ;общий
импортозамещение и закупка;указ президента по импортозамещению;22;0;;импортозамещение по;общий
импортозамещение и закупка;государственная программа по импортозамещению;22;0;;импортозамещение по;общий
импортозамещение и закупка;база по импортозамещению;22;0;;импортозамещение по;общий
импортозамещение и закупка;руководители по импортозамещению;22;0;;импортозамещение по;общий
ии и новое;вайб кодинг тг;22;0;;вайб кодинг;общий
ии и новое;как научиться вайб кодингу;22;0;;вайб кодинг;общий
ии и новое;что нужно для вайб кодинга;22;0;;вайб кодинг;общий
ии и новое;вайб кодинг мем;22;0;;вайб кодинг;общий
ии и новое;небезопасный вайб кодинг;22;0;;вайб кодинг;общий
ии и новое;вайб кодинг отзывы;22;0;;вайб кодинг;общий
ии и новое;вайб кодинг в россии;22;0;;вайб кодинг;общий
ии и новое;вайб кодинг почему так называется;22;0;;вайб кодинг;общий
ии и новое;курс нейросети для бизнеса отзывы;22;0;;нейросеть для бизнеса;учебное
ии и новое;нейросети для помощи в бизнесе;22;0;;нейросеть для бизнеса;общий
ии и новое;ии инструменты для автоматизации задач;22;0;;ии для автоматизации;общий
данные и справочники;справочник номенклатура пустаяссылка;22;0;;справочник номенклатуры;общий
данные и справочники;справочники номенклатура выбрать следующий;22;0;;справочник номенклатуры;выбор
данные и справочники;за что дают заслуженного мастера спорта россии;22;0;;мастер данные;общий
данные и справочники;что дает звание кандидат в мастера спорта;22;0;;мастер данные;общий
данные и справочники;мастер данные это простыми словами;22;0;;мастер данные;учебное
данные и справочники;что дает разряд мастера спорта;22;0;;мастер данные;общий
конкуренты и бренды;заменит ли ии программистов 1с;21;0;;заменить 1с;общий
конкуренты и бренды;какие есть альтернативы 1с;21;0;;альтернатива 1с;выбор
конкуренты и бренды;sur le tableau;21;0;;tableau;общий
конкуренты и бренды;metabase запросы;21;0;;metabase;общий
конкуренты и бренды;https metabase sky pro;21;0;;metabase;общий
конкуренты и бренды;zapier agents;21;0;;zapier;общий
конкуренты и бренды;forms google b;21;0;;google forms;общий
конкуренты и бренды;microsoft access макросы;21;0;;microsoft access;общий
конкуренты и бренды;microsoft access vba;21;0;;microsoft access;общий
конкуренты и бренды;база данных программа microsoft access;21;0;;microsoft access;общий
язык задач — учёт;программа учет продажи клиентов;21;0;;учет клиентов;общий
язык задач — учёт;регистрация и учет поступивших обращений;21;0;;учет обращений;общий
язык задач — учёт;журнал учета письменных обращений;21;0;;учет обращений;общий
язык задач — учёт;форма табельного учета;21;0;;табельный учет;общий
язык задач — система/программа;задачи mes системы;21;0;;mes система;общий
язык задач — система/программа;bi система yandex datalens;21;0;;bi система;общий
язык задач — система/программа;бесплатная программа для склада и торговли;21;0;;программа для склада;общий
язык задач — система/программа;бесплатная программа для простого склада;21;0;;программа для склада;общий
язык задач — система/программа;программа 1с для ведения склада;21;0;;программа для склада;общий
язык задач — система/программа;программа 1с склад самоучитель для чайников;21;0;;программа для склада;учебное
язык задач — система/программа;программы для строительного магазина;21;0;;программа для магазина;общий
язык задач — система/программа;программа для кассы магазина бесплатно скачать;21;0;;программа для магазина;навигация
язык задач — система/программа;маркет программа для магазинов;21;0;;программа для магазина;общий
язык задач — система/программа;кассовые программы для магазина розничной торговли;21;0;;программа для магазина;общий
язык задач — система/программа;программа для расчетов в магазин;21;0;;программа для магазина;общий
язык задач — система/программа;база для магазина программа;21;0;;программа для магазина;общий
язык задач — система/программа;программа для акций в магазинах;21;0;;программа для магазина;общий
язык задач — система/программа;программа для магазина техники;21;0;;программа для магазина;общий
создание и внедрение;конструктор веб приложений онлайн;21;0;;конструктор приложений;общий
создание и внедрение;конструктор приложений телеграм;21;0;;конструктор приложений;общий
создание и внедрение;метод автоматизации бизнес процессов;21;0;;автоматизация бизнес процессов;общий
создание и внедрение;автоматизация сквозных бизнес процессов;21;0;;автоматизация бизнес процессов;общий
создание и внедрение;автоматизация складского учета программа;21;0;;автоматизация учета;общий
создание и внедрение;автоматизация управленческого учета предприятия;21;0;;автоматизация учета;общий
создание и внедрение;автоматизация учета доходов и расходов;21;0;;автоматизация учета;общий
создание и внедрение;внедрение crm цена;21;0;;внедрение crm;покупка
создание и внедрение;план внедрения 1с erp;21;0;;внедрение erp;покупка
создание и внедрение;цели внедрения erp;21;0;;внедрение erp;покупка
создание и внедрение;внедрение интеллектуальных информационных систем;21;0;;внедрение информационной системы;покупка
создание и внедрение;разработка по на заказ клиента;21;0;;разработка на заказ;общий
создание и внедрение;разработка crm системы на заказ;21;0;;разработка на заказ;общий
создание и внедрение;техническое задание на проектирование системы отопления;21;0;;техническое задание на систему;общий
импортозамещение и закупка;postgresql реестр отечественного по;21;0;;реестр отечественного по;общий
импортозамещение и закупка;ос в реестре отечественного по;21;0;;реестр отечественного по;общий
импортозамещение и закупка;ано по импортозамещению;21;0;;импортозамещение по;общий
импортозамещение и закупка;ано центр компетенций по импортозамещению;21;0;;импортозамещение по;общий
импортозамещение и закупка;импортозамещение по минцифра;21;0;;импортозамещение по;общий
импортозамещение и закупка;datalens on premise;21;0;;on premise;общий
ии и новое;вайб кодинг складчина;21;0;;вайб кодинг;общий
ии и новое;вайб кодинг как пишется;21;0;;вайб кодинг;общий
ии и новое;бесплатные нейросети для вайб кодинга;21;0;;вайб кодинг;общий
ии и новое;вайб кодинг битрикс;21;0;;вайб кодинг;общий
ии и новое;вайб кодинг на андроид;21;0;;вайб кодинг;общий
ии и новое;нейросети для бизнес процессов эдюсон;21;0;;нейросеть для бизнеса;общий
ии и новое;нейросети для автоматизации бизнеса;21;0;;нейросеть для бизнеса;общий
ии и новое;ии в crm системах;21;0;;ии в crm;общий
данные и справочники;где в 1с посмотреть сопоставление номенклатуры;21;0;;сопоставление номенклатуры;общий
данные и справочники;как исправить сопоставление номенклатуры в 1с эдо;21;0;;сопоставление номенклатуры;общий
данные и справочники;как загрузить справочник номенклатуры в 1с;21;0;;справочник номенклатуры;общий
данные и справочники;дал в рот тату мастеру;21;0;;мастер данные;общий
данные и справочники;мастер понта золотой не дали;21;0;;мастер данные;общий
данные и справочники;мастер контроллер дали;21;0;;мастер данные;общий
данные и справочники;какие преимущества дает мастер спорта;21;0;;мастер данные;общий
данные и справочники;что дает удостоверение мастера спорта;21;0;;мастер данные;общий
данные и справочники;порно дала компьютерному мастеру;21;0;;мастер данные;общий
конкуренты и бренды;найти и заменить строку 1с;20;0;;заменить 1с;выбор
конкуренты и бренды;установить tableau;20;0;;tableau;общий
конкуренты и бренды;google tableau;20;0;;tableau;общий
конкуренты и бренды;tableau index;20;0;;tableau;общий
конкуренты и бренды;power bi looker studio;20;0;;looker studio;общий
конкуренты и бренды;metabase skypro;20;0;;metabase;общий
конкуренты и бренды;forms receipts noreply google com;20;0;;google forms;общий
конкуренты и бренды;forms google com создать;20;0;;google forms;общий
конкуренты и бренды;microsoft access 64 скачать 2010 скачать;20;0;;microsoft access;навигация
конкуренты и бренды;microsoft office access 2016;20;0;;microsoft access;общий
конкуренты и бренды;microsoft access возможности;20;0;;microsoft access;общий
конкуренты и бренды;скачать microsoft access windows 11;20;0;;microsoft access;навигация
конкуренты и бренды;microsoft access 32 bit;20;0;;microsoft access;общий
конкуренты и бренды;аналоги ms access;20;0;;аналог access;выбор
язык задач — учёт;салон учет клиентов;20;0;;учет клиентов;общий
язык задач — учёт;бесплатная программа учета заказов;20;0;;учет заказов;общий
язык задач — учёт;автоматизация учета заявок;20;0;;учет заявок;общий
язык задач — учёт;журнал учета обращений граждан образец;20;0;;учет обращений;общий
язык задач — учёт;приказ о табельном учете рабочего времени;20;0;;табельный учет;общий
язык задач — учёт;табельный учет программа;20;0;;табельный учет;общий
язык задач — система/программа;bi системы программы;20;0;;bi система;общий
язык задач — система/программа;опыт работы с bi системами;20;0;;bi система;общий
язык задач — система/программа;bi системы статьи;20;0;;bi система;общий
язык задач — система/программа;основные bi системы;20;0;;bi система;общий
язык задач — система/программа;программа для адресного склада;20;0;;программа для склада;общий
язык задач — система/программа;программа для ценников в магазин;20;0;;программа для магазина;общий
язык задач — система/программа;программа для получения чеков из магазинов;20;0;;программа для магазина;общий
язык задач — система/программа;программа для сканирования чеков из магазина;20;0;;программа для магазина;общий
язык задач — система/программа;программа gk для магазина пятерочка обучение;20;0;;программа для магазина;учебное
язык задач — система/программа;микроинвест программа для магазина;20;0;;программа для магазина;общий
язык задач — система/программа;программа для мясного магазина;20;0;;программа для магазина;общий
задачи и боли Excel;excel тормозит при работе;20;0;;excel тормозит;проблема
задачи и боли Excel;excel тормозит при копировании;20;0;;excel тормозит;проблема
задачи и боли Excel;таблица для учета инвестиционного портфеля в excel;20;0;;excel для учета;общий
задачи и боли Excel;таблица для учета товаров excel скачать;20;0;;excel для учета;навигация
создание и внедрение;конструктор тарифа приложение;20;0;;конструктор приложений;покупка
создание и внедрение;adalo конструктор приложений скачать;20;0;;конструктор приложений;навигация
создание и внедрение;конструктор одежды приложение;20;0;;конструктор приложений;общий
создание и внедрение;битрикс 24 автоматизация бизнес процессов;20;0;;автоматизация бизнес процессов;общий
создание и внедрение;интеллектуальная автоматизация бизнес процессов;20;0;;автоматизация бизнес процессов;общий
создание и внедрение;low code платформа для автоматизации бизнес процессов;20;0;;автоматизация бизнес процессов;общий
создание и внедрение;автоматизация учета питания;20;0;;автоматизация учета;общий
создание и внедрение;автоматизация учета сайт;20;0;;автоматизация учета;общий
создание и внедрение;внедрение crm сайт;20;0;;внедрение crm;покупка
создание и внедрение;риски внедрения crm;20;0;;внедрение crm;покупка
создание и внедрение;опыт внедрения crm;20;0;;внедрение crm;покупка
создание и внедрение;внедрения sap erp;20;0;;внедрение erp;покупка
создание и внедрение;опыт внедрения информационных систем;20;0;;внедрение информационной системы;покупка
создание и внедрение;разработка на laravel заказать;20;0;;заказать разработку;покупка
создание и внедрение;техническое задание на проектирование систем безопасности;20;0;;техническое задание на систему;общий
импортозамещение и закупка;реестр отечественного по личный кабинет;20;0;;реестр отечественного по;навигация
импортозамещение и закупка;тип инсталляции saas или on premise;20;0;;on premise;выбор
импортозамещение и закупка;on premise gateway;20;0;;on premise;общий
ии и новое;вайб кодинг для разработчиков;20;0;;вайб кодинг;общий
ии и новое;клауд вайб кодинг;20;0;;вайб кодинг;общий
ии и новое;вайб кодинг нетология;20;0;;вайб кодинг;общий
ии и новое;какие нейросети для вайб кодинга;20;0;;вайб кодинг;общий
ии и новое;компания нейросети для бизнеса;20;0;;нейросеть для бизнеса;общий
ии и новое;бесплатный курс по нейросетям для бизнеса;20;0;;нейросеть для бизнеса;учебное
ии и новое;нейросети для бизнеса скиллбокс;20;0;;нейросеть для бизнеса;общий
ии и новое;обучение ии и нейросетям для бизнеса;20;0;;нейросеть для бизнеса;учебное
данные и справочники;как убрать сопоставление номенклатуры в 1с эдо;20;0;;сопоставление номенклатуры;общий
данные и справочники;структура справочника номенклатура в 1с;20;0;;справочник номенклатуры;общий
данные и справочники;за что дают мастера спорта по боксу;20;0;;мастер данные;общий
данные и справочники;что дает статус мастера спорта;20;0;;мастер данные;общий
данные и справочники;что дает звание заслуженный мастер спорта россии;20;0;;мастер данные;общий
данные и справочники;мастер спорта по плаванию что дает;20;0;;мастер данные;общий
конкуренты и бренды;чем заменить 1с бухгалтерия;19;0;;заменить 1с;выбор
конкуренты и бренды;альтернатива программе 1с;19;0;;альтернатива 1с;выбор
конкуренты и бренды;ce tableau;19;0;;tableau;общий
конкуренты и бренды;tableau онлайн;19;0;;tableau;общий
конкуренты и бренды;zapier mcp;19;0;;zapier;общий
конкуренты и бренды;google drive forms;19;0;;google forms;общий
конкуренты и бренды;google forms создать форму;19;0;;google forms;общий
язык задач — учёт;создание программы по учету клиентов;19;0;;учет клиентов;общий
язык задач — учёт;программа учет услуг и клиентов;19;0;;учет клиентов;общий
язык задач — учёт;автосервис клиенты учет;19;0;;учет клиентов;общий
язык задач — учёт;бухгалтерский учет пункта выдачи заказов;19;0;;учет заказов;общий
язык задач — учёт;бланк учета заказов;19;0;;учет заказов;общий
язык задач — учёт;система учета заявок для диспетчерской службы;19;0;;учет заявок;общий
язык задач — учёт;форма журнала учета заявок;19;0;;учет заявок;общий
язык задач — учёт;табельный учет рабочего времени образец;19;0;;табельный учет;общий
язык задач — система/программа;система оперативного планирования и управления производством;19;0;;система планирования производства;общий
язык задач — система/программа;bi системы сравнение;19;0;;bi система;выбор
язык задач — система/программа;категория 2 системы bi rads;19;0;;bi система;общий
язык задач — система/программа;внедрить bi систему;19;0;;bi система;общий
язык задач — система/программа;bi системы топ;19;0;;bi система;общий
язык задач — система/программа;программа для ведения склада запчастей;19;0;;программа для склада;общий
язык задач — система/программа;лучшая программа для розничного магазина;19;0;;программа для магазина;выбор
язык задач — система/программа;программа для ведения товара в магазине;19;0;;программа для магазина;общий
задачи и боли Excel;тормозит excel что делать;19;0;;excel тормозит;проблема
задачи и боли Excel;excel таблица для учета склада;19;0;;excel для учета;общий
создание и внедрение;конструктор мобильных приложений на русском;19;0;;конструктор приложений;общий
создание и внедрение;создать мобильное приложение конструктор;19;0;;конструктор приложений;общий
создание и внедрение;скачать приложение конструктор электрощитов;19;0;;конструктор приложений;навигация
создание и внедрение;конструктор мини приложений макс;19;0;;конструктор приложений;общий
создание и внедрение;приложение конструктор форм;19;0;;конструктор приложений;общий
создание и внедрение;конструктор приложений айфон;19;0;;конструктор приложений;общий
создание и внедрение;автоматизация бизнес процессов система сервис;19;0;;автоматизация бизнес процессов;общий
создание и внедрение;автоматизация бизнес процессов россия;19;0;;автоматизация бизнес процессов;общий
создание и внедрение;информационные системы автоматизации бизнес процессов предприятия;19;0;;автоматизация бизнес процессов;общий
создание и внедрение;автоматизация бизнес процессов управления персоналом;19;0;;автоматизация бизнес процессов;общий
создание и внедрение;crm внедрение примеры;19;0;;внедрение crm;учебное
создание и внедрение;цели внедрение crm в компании;19;0;;внедрение crm;покупка
создание и внедрение;стоимость внедрения crm;19;0;;внедрение crm;покупка
создание и внедрение;менеджер внедрения crm;19;0;;внедрение crm;покупка
создание и внедрение;внедрение erp 1с 8;19;0;;внедрение erp;покупка
создание и внедрение;дорожная карта внедрения 1с erp;19;0;;внедрение erp;покупка
создание и внедрение;разработка и внедрение информационной системы требования;19;0;;внедрение информационной системы;покупка
создание и внедрение;разработка платы на заказ;19;0;;разработка на заказ;общий
создание и внедрение;разработка оборудование на заказ;19;0;;разработка на заказ;общий
создание и внедрение;техническое задание на обслуживание системы вентиляции;19;0;;техническое задание на систему;общий
создание и внедрение;техническое задание на слаботочные системы;19;0;;техническое задание на систему;общий
создание и внедрение;этапы цифровизации предприятия;19;0;;цифровизация предприятия;общий
импортозамещение и закупка;usergate реестр отечественного по;19;0;;реестр отечественного по;общий
импортозамещение и закупка;наличие в реестре отечественного по;19;0;;реестр отечественного по;общий
импортозамещение и закупка;план минпромторга россии по импортозамещению;19;0;;импортозамещение по;общий
импортозамещение и закупка;специалист по импортозамещению;19;0;;импортозамещение по;общий
импортозамещение и закупка;импортозамещение по в банках;19;0;;импортозамещение по;общий
импортозамещение и закупка;on premises data gateway;19;0;;on premise;общий
ии и новое;вайб кодинг vibe coding;19;0;;вайб кодинг;общий
ии и новое;нейросеть для рекламы бизнеса;19;0;;нейросеть для бизнеса;общий
ии и новое;как использовать нейросети для бизнеса;19;0;;нейросеть для бизнеса;общий
данные и справочники;где в 1с найти сопоставление номенклатуры;19;0;;сопоставление номенклатуры;общий
данные и справочники;сопоставление товара сбис;19;0;;сопоставление товаров;общий
конкуренты и бренды;заменить текст запроса 1с программно;18;0;;заменить 1с;выбор
конкуренты и бренды;1с заменить подстроку в строке;18;0;;заменить 1с;выбор
конкуренты и бренды;карта tableau;18;0;;tableau;общий
конкуренты и бренды;tableau как произносится;18;0;;tableau;общий
конкуренты и бренды;tableau dashboards;18;0;;tableau;общий
конкуренты и бренды;https wms lavka yandex ru tableau;18;0;;tableau;общий
конкуренты и бренды;metabase jar;18;0;;metabase;общий
конкуренты и бренды;metabase io;18;0;;metabase;общий
конкуренты и бренды;metabase download;18;0;;metabase;общий
конкуренты и бренды;google forms google sheets;18;0;;google forms;общий
конкуренты и бренды;google forms microsoft forms;18;0;;google forms;общий
конкуренты и бренды;google forms testing;18;0;;google forms;общий
конкуренты и бренды;google forms tests;18;0;;google forms;общий
конкуренты и бренды;российский аналог access;18;0;;аналог access;выбор
язык задач — учёт;учет клиентов в excel шаблон;18;0;;учет клиентов;общий
язык задач — учёт;журнал учета заявок аварийно диспетчерской службы;18;0;;учет заявок;общий
язык задач — учёт;приказ о положении о табельном учете;18;0;;табельный учет;общий
язык задач — система/программа;функции mes систем;18;0;;mes система;общий
язык задач — система/программа;возможности bi систем;18;0;;bi система;общий
язык задач — система/программа;bi системы рф;18;0;;bi система;общий
язык задач — система/программа;insight bi система;18;0;;bi система;общий
язык задач — система/программа;программа с1 для склада;18;0;;программа для склада;общий
язык задач — система/программа;программа wms для склада обучение;18;0;;программа для склада;учебное
язык задач — система/программа;программа для телефона склад;18;0;;программа для склада;общий
язык задач — система/программа;программа для магазина косметики;18;0;;программа для магазина;общий
язык задач — система/программа;программа для учета торговли в магазине;18;0;;программа для магазина;общий
создание и внедрение;автоматизация складских бизнес процессов;18;0;;автоматизация бизнес процессов;общий
создание и внедрение;интеграция с crm внедрение;18;0;;внедрение crm;покупка
создание и внедрение;этапы внедрения 1с erp;18;0;;внедрение erp;покупка
создание и внедрение;комплексное внедрение erp;18;0;;внедрение erp;покупка
создание и внедрение;внедрение 1 с erp;18;0;;внедрение erp;покупка
создание и внедрение;проектирование и внедрение информационных систем мирэа;18;0;;внедрение информационной системы;покупка
создание и внедрение;внедрение информационной системы в учреждение;18;0;;внедрение информационной системы;покупка
создание и внедрение;разработка ппр заказать;18;0;;заказать разработку;покупка
создание и внедрение;разработка системы заказать;18;0;;заказать разработку;покупка
создание и внедрение;разработка 1с на заказ;18;0;;разработка на заказ;общий
создание и внедрение;разработка тату эскизов на заказ;18;0;;разработка на заказ;общий
создание и внедрение;где искать заказы на разработку;18;0;;разработка на заказ;общий
создание и внедрение;техническое задание на информационные системы пример;18;0;;техническое задание на систему;учебное
создание и внедрение;техническое задание на проектирование системы электроснабжения;18;0;;техническое задание на систему;общий
создание и внедрение;цифровизация деятельности предприятия;18;0;;цифровизация предприятия;общий
создание и внедрение;задачи цифровизации предприятия;18;0;;цифровизация предприятия;общий
импортозамещение и закупка;реестр отечественного по что дает;18;0;;реестр отечественного по;общий
импортозамещение и закупка;приказ по мероприятиям по импортозамещению;18;0;;импортозамещение по;общий
импортозамещение и закупка;импортозамещение по другому;18;0;;импортозамещение по;общий
импортозамещение и закупка;мероприятия по импортозамещению в россии;18;0;;импортозамещение по;общий
импортозамещение и закупка;yandex ai studio on premise;18;0;;on premise;общий
импортозамещение и закупка;on premise облако;18;0;;on premise;общий
ии и новое;вайб практикум по вайб кодингу;18;0;;вайб кодинг;общий
ии и новое;нейросеть для бизнес презентации;18;0;;нейросеть для бизнеса;общий
ии и новое;нейросети для бизнеса онлайн;18;0;;нейросеть для бизнеса;общий
данные и справочники;1с 7.7 номенклатура справочник;18;0;;справочник номенклатуры;общий
данные и справочники;мастер данные определение;18;0;;мастер данные;общий
данные и справочники;какие привилегии дает звание мастер спорта;18;0;;мастер данные;общий
данные и справочники;что дает мастер класс детям;18;0;;мастер данные;общий
данные и справочники;мастер класс базы данных;18;0;;мастер данные;общий
конкуренты и бренды;заменить часть строки 1с;17;0;;заменить 1с;выбор
конкуренты и бренды;airtable бесплатно;17;0;;airtable;навигация
конкуренты и бренды;metabase sql;17;0;;metabase;общий
конкуренты и бренды;metabase mcp;17;0;;metabase;общий
конкуренты и бренды;https www google ru forms;17;0;;google forms;общий
конкуренты и бренды;www google ru forms;17;0;;google forms;общий
конкуренты и бренды;google forms обучение;17;0;;google forms;учебное
язык задач — учёт;онлайн заказы учет;17;0;;учет заказов;общий
язык задач — учёт;система учета и управления заявками;17;0;;учет заявок;общий
язык задач — учёт;журнал учета заявок образец;17;0;;учет заявок;общий
язык задач — учёт;издержки обращения счет учета;17;0;;учет обращений;общий
язык задач — система/программа;простая программа для учета склада;17;0;;программа для склада;общий
язык задач — система/программа;программы для логистики склада;17;0;;программа для склада;общий
язык задач — система/программа;программа для комиссионного магазина;17;0;;программа для магазина;общий
язык задач — система/программа;программы для магазина учет продажа;17;0;;программа для магазина;общий
язык задач — система/программа;программа лояльности для покупателей магазина;17;0;;программа для магазина;общий
задачи и боли Excel;лимит строк в excel;17;0;;excel лимит строк;проблема
создание и внедрение;ии конструктор мобильных приложений;17;0;;конструктор приложений;общий
создание и внедрение;создать приложение онлайн конструктор;17;0;;конструктор приложений;общий
создание и внедрение;приложение как собрать конструктор;17;0;;конструктор приложений;общий
создание и внедрение;конструктор приложений для смартфона;17;0;;конструктор приложений;общий
создание и внедрение;конструктор приложения для android бесплатно;17;0;;конструктор приложений;навигация
создание и внедрение;автоматизация бизнес процессов нейросетями;17;0;;автоматизация бизнес процессов;общий
создание и внедрение;автоматизация бизнес процессов банка;17;0;;автоматизация бизнес процессов;общий
создание и внедрение;риски автоматизации бизнес процессов;17;0;;автоматизация бизнес процессов;общий
создание и внедрение;автоматизация бизнес процессов москва;17;0;;автоматизация бизнес процессов;общий
создание и внедрение;7 автоматизация бизнес процессов;17;0;;автоматизация бизнес процессов;общий
создание и внедрение;сколько стоит внедрение crm;17;0;;внедрение crm;покупка
создание и внедрение;внедрение erp системы этапы;17;0;;внедрение erp;покупка
создание и внедрение;специалист по внедрению erp систем;17;0;;внедрение erp;покупка
создание и внедрение;порядок внедрения информационной системы;17;0;;внедрение информационной системы;покупка
создание и внедрение;заказать разработку чат бота;17;0;;заказать разработку;покупка
создание и внедрение;заказать разработку сайта под ключ;17;0;;заказать разработку;покупка
создание и внедрение;разработка 3д моделей на заказ;17;0;;разработка на заказ;общий
импортозамещение и закупка;как называется реестр отечественного по;17;0;;реестр отечественного по;общий
импортозамещение и закупка;реестр отечественного по операционные системы;17;0;;реестр отечественного по;общий
импортозамещение и закупка;рекомендации по импортозамещению;17;0;;импортозамещение по;общий
импортозамещение и закупка;координационный совет по импортозамещению нефтегазового оборудования;17;0;;импортозамещение по;общий
ии и новое;как на собеседованиях относятся к вайб кодингу;17;0;;вайб кодинг;общий
ии и новое;lovable вайб кодинг;17;0;;вайб кодинг;общий
ии и новое;нейросеть для продвижения бизнеса;17;0;;нейросеть для бизнеса;общий
ии и новое;создать мобильное приложение с помощью нейросети;17;0;;приложение с помощью нейросети;общий
данные и справочники;как проверить сопоставление номенклатуры в 1с;17;0;;сопоставление номенклатуры;общий
данные и справочники;справочники номенклатуры тмц;17;0;;справочник номенклатуры;общий
данные и справочники;как можно обратиться к менеджеру справочника номенклатура;17;0;;справочник номенклатуры;общий
данные и справочники;мастера айкидо 10 дан;17;0;;мастер данные;общий
данные и справочники;дай р мастер охоты;17;0;;мастер данные;общий
данные и справочники;основная книга по мастер данным;17;0;;мастер данные;общий
данные и справочники;дай мастер ветра;17;0;;мастер данные;общий
данные и справочники;мастер давать цу;17;0;;мастер данные;общий
данные и справочники;мастер давать цу 7;17;0;;мастер данные;общий
конкуренты и бренды;альтернатива 1с предприятие;16;0;;альтернатива 1с;выбор
конкуренты и бренды;приложение airtable;16;0;;airtable;общий
конкуренты и бренды;airtable на русском;16;0;;airtable;общий
конкуренты и бренды;график tableau;16;0;;tableau;общий
конкуренты и бренды;tableau купить;16;0;;tableau;покупка
конкуренты и бренды;pars tableau;16;0;;tableau;общий
конкуренты и бренды;looker data studio;16;0;;looker studio;общий
конкуренты и бренды;google document forms;16;0;;google forms;общий
язык задач — учёт;учет кредитов банка клиентам;16;0;;учет клиентов;общий
язык задач — учёт;учет клиентов тренера;16;0;;учет клиентов;общий
язык задач — учёт;учет доставку товара клиенту;16;0;;учет клиентов;общий
язык задач — учёт;карточка учета клиентов;16;0;;учет клиентов;общий
язык задач — учёт;журнал учета заявок скачать;16;0;;учет заявок;навигация
язык задач — учёт;жкх учет заявок;16;0;;учет заявок;общий
язык задач — учёт;книга учета письменных обращений;16;0;;учет обращений;общий
язык задач — учёт;учет табельного времени сотрудников;16;0;;табельный учет;общий
язык задач — учёт;положение о табельном учете 2025;16;0;;табельный учет;общий
язык задач — система/программа;mes система manufacturing execution system;16;0;;mes система;общий
язык задач — система/программа;mes система программа;16;0;;mes система;общий
язык задач — система/программа;система класса mes для управления производством;16;0;;mes система;общий
язык задач — система/программа;bi системы какие бывают;16;0;;bi система;общий
язык задач — система/программа;обзор bi систем;16;0;;bi система;выбор
язык задач — система/программа;программа складского учета 1с для ведения склада;16;0;;программа для склада;общий
язык задач — система/программа;как называется программа для магазина;16;0;;программа для магазина;общий
язык задач — система/программа;программа для магазина автозапчастей бесплатно;16;0;;программа для магазина;навигация
язык задач — система/программа;программа для учета товара в магазине бесплатная;16;0;;программа для магазина;общий
задачи и боли Excel;excel сильно тормозит;16;0;;excel тормозит;проблема
задачи и боли Excel;шаблоны excel для учета личных финансов;16;0;;excel для учета;общий
создание и внедрение;конструктор приложений битрикс;16;0;;конструктор приложений;общий
создание и внедрение;визуальный конструктор приложений;16;0;;конструктор приложений;общий
создание и внедрение;конструктор приложений на русском языке;16;0;;конструктор приложений;общий
создание и внедрение;конструктор приложения бесплатно самому;16;0;;конструктор приложений;навигация
создание и внедрение;преимущества автоматизации бизнес процессов;16;0;;автоматизация бизнес процессов;общий
создание и внедрение;способы автоматизации бизнес процессов;16;0;;автоматизация бизнес процессов;общий
создание и внедрение;методология автоматизации бизнес процессов;16;0;;автоматизация бизнес процессов;общий
создание и внедрение;внедрение crm в отдел продаж;16;0;;внедрение crm;покупка
создание и внедрение;внедрение erp ух;16;0;;внедрение erp;покупка
создание и внедрение;курс внедрение erp;16;0;;внедрение erp;учебное
создание и внедрение;отдел внедрения и сопровождения информационных систем;16;0;;внедрение информационной системы;покупка
создание и внедрение;описание процессов внедрения информационной системы;16;0;;внедрение информационной системы;покупка
создание и внедрение;инженер внедрения информационных систем;16;0;;внедрение информационной системы;покупка
создание и внедрение;заказать рецензию на методическую разработку педагога;16;0;;заказать разработку;покупка
создание и внедрение;разработка стейкинг нод на заказ;16;0;;разработка на заказ;общий
создание и внедрение;разработка подписи на заказ;16;0;;разработка на заказ;общий
создание и внедрение;техническое задание на доработку системы;16;0;;техническое задание на систему;общий
создание и внедрение;техническое задание на установку сплит системы;16;0;;техническое задание на систему;общий
создание и внедрение;техническое задание на обслуживание системы видеонаблюдения;16;0;;техническое задание на систему;общий
создание и внедрение;основы цифровизации предприятии;16;0;;цифровизация предприятия;общий
импортозамещение и закупка;реестр разработчиков отечественного по;16;0;;реестр отечественного по;общий
импортозамещение и закупка;реестр отечественного по постановлению;16;0;;реестр отечественного по;общий
импортозамещение и закупка;регистрация программы в реестре отечественного по;16;0;;реестр отечественного по;общий
импортозамещение и закупка;астра линукс реестр отечественного по;16;0;;реестр отечественного по;общий
импортозамещение и закупка;внесение программы в реестр отечественного по;16;0;;реестр отечественного по;общий
импортозамещение и закупка;импортозамещение по кии;16;0;;импортозамещение по;общий
импортозамещение и закупка;об утверждении плана мероприятий по импортозамещению;16;0;;импортозамещение по;общий
импортозамещение и закупка;показатели по импортозамещению;16;0;;импортозамещение по;общий
импортозамещение и закупка;service on premise;16;0;;on premise;общий
ии и новое;вайб кодинг видео;16;0;;вайб кодинг;общий
ии и новое;обучиться вайб кодингу;16;0;;вайб кодинг;общий
ии и новое;книги по вайб кодингу;16;0;;вайб кодинг;общий
ии и новое;вайб кодинг для новичков;16;0;;вайб кодинг;общий
ии и новое;нейросети для бизнеса 2026 skillbox;16;0;;нейросеть для бизнеса;общий
ии и новое;нейросеть для написания бизнес плана;16;0;;нейросеть для бизнеса;общий
данные и справочники;как изменить сопоставление номенклатуры в 1с 8.3;16;0;;сопоставление номенклатуры;общий
данные и справочники;e1cib list справочник номенклатура;16;0;;справочник номенклатуры;общий
данные и справочники;справочник нси номенклатура медицинских услуг;16;0;;справочник номенклатуры;общий
данные и справочники;какие привелегии дает мастер спорта;16;0;;мастер данные;общий
данные и справочники;база данных мастеров спорта;16;0;;мастер данные;общий
конкуренты и бренды;стр заменить в запросе 1с;15;0;;заменить 1с;выбор
конкуренты и бренды;заменить в строке 1с 8.3;15;0;;заменить 1с;выбор
конкуренты и бренды;заменить лицензию 1с;15;0;;заменить 1с;выбор
конкуренты и бренды;1с заменить запрос динамического списка;15;0;;заменить 1с;выбор
конкуренты и бренды;airtable api;15;0;;airtable;общий
конкуренты и бренды;power bi аналоги бесплатные;15;0;;аналог power bi;выбор
конкуренты и бренды;tableau mvideo ru;15;0;;tableau;общий
конкуренты и бренды;metabase superset;15;0;;metabase;общий
конкуренты и бренды;metabase примеры;15;0;;metabase;учебное
конкуренты и бренды;google forms приложение;15;0;;google forms;общий
конкуренты и бренды;https docs google com form s;15;0;;google forms;общий
конкуренты и бренды;google forms анкета создать;15;0;;google forms;общий
конкуренты и бренды;drive google com forms;15;0;;google forms;общий
конкуренты и бренды;https drive google com forms;15;0;;google forms;общий
конкуренты и бренды;https drive google com forms d;15;0;;google forms;общий
язык задач — учёт;таблицы гугл учета клиентов;15;0;;учет клиентов;общий
язык задач — учёт;сервер учета клиентов;15;0;;учет клиентов;общий
язык задач — учёт;таблица учета заказов в excel;15;0;;учет заказов;общий
язык задач — учёт;учет заказов мебельная программа;15;0;;учет заказов;общий
язык задач — учёт;программа для учета заявок и выполненных работ;15;0;;учет заявок;общий
язык задач — учёт;заявка на учет в росприроднадзоре;15;0;;учет заявок;общий
язык задач — учёт;учет закупки и продажи товаров;15;0;;учет закупок;общий
язык задач — учёт;отдел бухгалтерского учета и закупок;15;0;;учет закупок;общий
язык задач — учёт;программа учета обращений граждан;15;0;;учет обращений;общий
язык задач — учёт;журнал учета запросов обращений субъектов персональных данных;15;0;;учет обращений;общий
язык задач — учёт;журнал учета письменного обращения граждан;15;0;;учет обращений;общий
язык задач — система/программа;популярные bi системы;15;0;;bi система;общий
язык задач — система/программа;архитектура bi системы;15;0;;bi система;общий
язык задач — система/программа;bi системы microsoft;15;0;;bi система;общий
язык задач — система/программа;программа склад для автосервиса;15;0;;программа для склада;общий
язык задач — система/программа;программа склад для ип;15;0;;программа для склада;общий
язык задач — система/программа;программа для производства и склада бесплатная;15;0;;программа для склада;общий
язык задач — система/программа;программа сканера штрих кода для склада;15;0;;программа для склада;общий
язык задач — система/программа;удобная программа для магазина;15;0;;программа для магазина;общий
язык задач — система/программа;программа 1с в магазине для кассира;15;0;;программа для магазина;общий
задачи и боли Excel;тормозит excel как исправить;15;0;;excel тормозит;проблема
задачи и боли Excel;совместная работа с документами excel;15;0;;совместная работа excel;общий
задачи и боли Excel;готовая таблица excel для учета продаж;15;0;;excel для учета;общий
задачи и боли Excel;таблицы для учета в excel бесплатно;15;0;;excel для учета;навигация
создание и внедрение;конструктор создания приложений андроид;15;0;;конструктор приложений;общий
создание и внедрение;конструктор бизнес приложений;15;0;;конструктор приложений;общий
создание и внедрение;автоматизация бизнес процессов складов;15;0;;автоматизация бизнес процессов;общий
создание и внедрение;автоматизация управленческих бизнес процессов;15;0;;автоматизация бизнес процессов;общий
создание и внедрение;автоматизация бизнес процессов илья отькало скачать;15;0;;автоматизация бизнес процессов;навигация
создание и внедрение;автоматизация бизнес процессов и проектирование ит решений;15;0;;автоматизация бизнес процессов;общий
создание и внедрение;обучение внедрению crm;15;0;;внедрение crm;учебное
создание и внедрение;внедрение crm системы услуги;15;0;;внедрение crm;покупка
создание и внедрение;сколько стоит внедрение 1с erp на производстве;15;0;;внедрение erp;покупка
создание и внедрение;внедрение информационных систем тест;15;0;;внедрение информационной системы;учебное
создание и внедрение;техническое задание на внедрение информационной системы;15;0;;внедрение информационной системы;покупка
создание и внедрение;заказать разработку веб сайта;15;0;;заказать разработку;покупка
создание и внедрение;разработка документов на заказ;15;0;;разработка на заказ;общий
создание и внедрение;разработка таблиц на заказ;15;0;;разработка на заказ;общий
создание и внедрение;техническое задание на установку системы видеонаблюдения;15;0;;техническое задание на систему;общий
импортозамещение и закупка;опросник реестр отечественного по;15;0;;реестр отечественного по;общий
импортозамещение и закупка;скачать реестр отечественного по;15;0;;реестр отечественного по;навигация
импортозамещение и закупка;реестр отечественного по фстэк;15;0;;реестр отечественного по;общий
импортозамещение и закупка;правительственной комиссии по импортозамещению;15;0;;импортозамещение по;общий
импортозамещение и закупка;импортозамещение по в россии 2025;15;0;;импортозамещение по;общий
импортозамещение и закупка;список по импортозамещению;15;0;;импортозамещение по;общий
импортозамещение и закупка;российского рынка crm систем;15;0;;российская crm;общий
импортозамещение и закупка;российские crm платформы;15;0;;российская crm;общий
ии и новое;ии агенты и вайб кодинг;15;0;;вайб кодинг;общий
ии и новое;вайб кодинг курс слив;15;0;;вайб кодинг;учебное
ии и новое;ide для вайб кодинга;15;0;;вайб кодинг;общий
данные и справочники;порно дала мастеру по интернету вместо оплаты;15;0;;мастер данные;выбор
конкуренты и бренды;airtable что это за программа;14;0;;airtable;учебное
конкуренты и бренды;лучшие аналоги notion;14;0;;аналог notion;выбор
конкуренты и бренды;аналоги notion 2026;14;0;;аналог notion;выбор
конкуренты и бренды;https tableau com;14;0;;tableau;общий
конкуренты и бренды;функции tableau;14;0;;tableau;общий
конкуренты и бренды;язык tableau;14;0;;tableau;общий
конкуренты и бренды;tableau как читается;14;0;;tableau;общий
конкуренты и бренды;zapier скачать;14;0;;zapier;навигация
конкуренты и бренды;google web forms;14;0;;google forms;общий
конкуренты и бренды;docs google com forms тестирование;14;0;;google forms;учебное
конкуренты и бренды;google forms видео;14;0;;google forms;общий
язык задач — учёт;учет клиентов клиенты и финансы;14;0;;учет клиентов;общий
язык задач — учёт;бухгалтерский учет заказ наряду;14;0;;учет заказов;общий
язык задач — учёт;база данных учет заказов;14;0;;учет заказов;общий
язык задач — учёт;система учета заказов на производстве;14;0;;учет заказов;общий
язык задач — учёт;заявки постановка на миграционный учет;14;0;;учет заявок;общий
язык задач — учёт;журнал учета заявок населения;14;0;;учет заявок;общий
язык задач — учёт;заявка на актуализацию постановки на учет;14;0;;учет заявок;общий
язык задач — учёт;учет закупок 44фз;14;0;;учет закупок;общий
язык задач — учёт;правила регистрации учета обращений поступающих в;14;0;;учет обращений;общий
язык задач — учёт;журнал учета жалоб и обращений;14;0;;учет обращений;общий
язык задач — система/программа;data mining в bi системе это;14;0;;bi система;учебное
язык задач — система/программа;системе bi координационного центра правительства рф;14;0;;bi система;общий
язык задач — система/программа;программа для склада автозапчастей;14;0;;программа для склада;общий
язык задач — система/программа;программа для склада ведения учета бесплатно;14;0;;программа для склада;навигация
язык задач — система/программа;программа для открытия магазина;14;0;;программа для магазина;общий
язык задач — система/программа;программа для работы в магазине с товаром;14;0;;программа для магазина;общий
язык задач — система/программа;магазин программ для виндовс;14;0;;программа для магазина;общий
создание и внедрение;приложение для конструктор мебели;14;0;;конструктор приложений;общий
создание и внедрение;конструктор андроид приложений скачать;14;0;;конструктор приложений;навигация
создание и внедрение;приложения конструктор щитков;14;0;;конструктор приложений;общий
создание и внедрение;оптимизация и автоматизация процессов управления бизнесом;14;0;;автоматизация бизнес процессов;общий
создание и внедрение;схема автоматизации бизнес процессов;14;0;;автоматизация бизнес процессов;общий
создание и внедрение;1с erp опыт внедрения;14;0;;внедрение erp;покупка
создание и внедрение;опыт внедрения erp систем;14;0;;внедрение erp;покупка
создание и внедрение;методика внедрения информационной системы;14;0;;внедрение информационной системы;покупка
создание и внедрение;этапы процесса внедрения информационной системы;14;0;;внедрение информационной системы;покупка
создание и внедрение;telegram mini apps разработка заказать;14;0;;заказать разработку;покупка
создание и внедрение;разработка бренда заказать;14;0;;заказать разработку;покупка
создание и внедрение;разработка схем на заказ;14;0;;разработка на заказ;общий
создание и внедрение;разработка мобильных игр на заказ;14;0;;разработка на заказ;общий
создание и внедрение;гост техническое задание на разработку информационной системы;14;0;;техническое задание на систему;общий
создание и внедрение;техническое задание на систему видеонаблюдения образец;14;0;;техническое задание на систему;общий
создание и внедрение;техническое задание на проектирование системы видеонаблюдения;14;0;;техническое задание на систему;общий
импортозамещение и закупка;kaspersky endpoint security реестр отечественного по;14;0;;реестр отечественного по;общий
импортозамещение и закупка;продукт включен в реестр отечественного по;14;0;;реестр отечественного по;общий
импортозамещение и закупка;совещание по импортозамещению;14;0;;импортозамещение по;общий
импортозамещение и закупка;on premise мессенджер;14;0;;on premise;общий
импортозамещение и закупка;vk workspace on premise;14;0;;on premise;общий
ии и новое;миллер про вайб кодинг;14;0;;вайб кодинг;общий
ии и новое;вайб кодинг идеи;14;0;;вайб кодинг;общий
ии и новое;вайб кодинг эдюсон;14;0;;вайб кодинг;общий
ии и новое;лучшие инструменты для вайб кодинга;14;0;;вайб кодинг;выбор
ии и новое;день вайб кодинга;14;0;;вайб кодинг;общий
ии и новое;ии для автоматизации продаж;14;0;;ии для автоматизации;общий
ии и новое;ии для бизнеса внедрение и автоматизация;14;0;;ии для автоматизации;покупка
ии и новое;сделать фото с помощью нейросети приложение;14;0;;приложение с помощью нейросети;общий
данные и справочники;как отключить сопоставление номенклатуры в 1с;14;0;;сопоставление номенклатуры;общий
данные и справочники;справочник виды номенклатуры в 1с 8.3;14;0;;справочник номенклатуры;общий
конкуренты и бренды;заменить пароль итс 1с в мониторе;13;0;;заменить 1с;выбор
конкуренты и бренды;есть ли альтернатива 1с;13;0;;альтернатива 1с;выбор
конкуренты и бренды;airtable в россии;13;0;;airtable;общий
конкуренты и бренды;tableau desktop download;13;0;;tableau;общий
конкуренты и бренды;диаграммы tableau;13;0;;tableau;общий
конкуренты и бренды;microsoft power bi tableau;13;0;;tableau;общий
конкуренты и бренды;tableau parisien ormaie;13;0;;tableau;общий
конкуренты и бренды;metabase github;13;0;;metabase;общий
конкуренты и бренды;metabase docker compose;13;0;;metabase;общий
конкуренты и бренды;metabase vs;13;0;;metabase;общий
конкуренты и бренды;zapier аналоги;13;0;;zapier;выбор
конкуренты и бренды;google forms survey;13;0;;google forms;общий
язык задач — учёт;бесплатная срм для учета клиентов;13;0;;учет клиентов;общий
язык задач — учёт;учет клиентов конфигурация;13;0;;учет клиентов;общий
язык задач — учёт;учет заказов в какой системе;13;0;;учет заказов;общий
язык задач — учёт;учет заказов в excel шаблон;13;0;;учет заказов;общий
язык задач — учёт;табельный учет с доплатами;13;0;;табельный учет;общий
язык задач — система/программа;mes система бесплатно;13;0;;mes система;навигация
язык задач — система/программа;bi система superset;13;0;;bi система;общий
язык задач — система/программа;опсурт программа для склада скачать;13;0;;программа для склада;навигация
язык задач — система/программа;программа для склада приход расход;13;0;;программа для склада;общий
язык задач — система/программа;обучение вмс программа для склада;13;0;;программа для склада;учебное
язык задач — система/программа;топ программ для магазина;13;0;;программа для магазина;выбор
создание и внедрение;конструктор мини приложений для телеграм;13;0;;конструктор приложений;общий
создание и внедрение;конструктор приложений appsfera;13;0;;конструктор приложений;общий
создание и внедрение;конструктор рабочих приложений;13;0;;конструктор приложений;общий
создание и внедрение;автоматизация бизнес процессов на платформе 1с;13;0;;автоматизация бизнес процессов;общий
создание и внедрение;нто автоматизация бизнес процессов;13;0;;автоматизация бизнес процессов;общий
создание и внедрение;виды систем автоматизации бизнес процессов;13;0;;автоматизация бизнес процессов;общий
создание и внедрение;crm внедрение онлайн;13;0;;внедрение crm;покупка
создание и внедрение;план внедрения crm;13;0;;внедрение crm;покупка
создание и внедрение;внедрение crm системы битрикс24;13;0;;внедрение crm;покупка
создание и внедрение;внедрение crm в оше;13;0;;внедрение crm;покупка
создание и внедрение;внедрение 1с erp ух;13;0;;внедрение erp;покупка
создание и внедрение;план внедрения 1с erp пример;13;0;;внедрение erp;учебное
создание и внедрение;заказать разработку мобильной игры;13;0;;заказать разработку;покупка
создание и внедрение;заказать разработку ии;13;0;;заказать разработку;покупка
создание и внедрение;разработка технического задания на заказ;13;0;;разработка на заказ;общий
создание и внедрение;техническое задание на систему дымоудаления;13;0;;техническое задание на систему;общий
создание и внедрение;техническое задание на проектирование информационной системы;13;0;;техническое задание на систему;общий
создание и внедрение;примеры цифровизации предприятий;13;0;;цифровизация предприятия;учебное
создание и внедрение;модели цифровизации предприятий;13;0;;цифровизация предприятия;общий
импортозамещение и закупка;astra linux номер в реестре отечественного по;13;0;;реестр отечественного по;общий
импортозамещение и закупка;внесение изменений в реестр отечественного по;13;0;;реестр отечественного по;общий
импортозамещение и закупка;курс по импортозамещению;13;0;;импортозамещение по;учебное
ии и новое;вайб кодинг онлайн;13;0;;вайб кодинг;общий
ии и новое;вайб кодинг нейронка;13;0;;вайб кодинг;общий
ии и новое;бесплатные нейросети для создания бизнес плана;13;0;;нейросеть для бизнеса;общий
ии и новое;алиса нейросеть для бизнеса;13;0;;нейросеть для бизнеса;общий
ии и новое;нейросеть для бизнес фото;13;0;;нейросеть для бизнеса;общий
ии и новое;нейросети для бизнеса сервисы;13;0;;нейросеть для бизнеса;общий
данные и справочники;номенклатура из справочника меркурий хс что вводить;13;0;;справочник номенклатуры;общий
конкуренты и бренды;заменить значение в массиве 1с;12;0;;заменить 1с;выбор
конкуренты и бренды;1с запрос заменить символы в строке;12;0;;заменить 1с;выбор
конкуренты и бренды;1с заменить значение в строке;12;0;;заменить 1с;выбор
конкуренты и бренды;1с заменить первый символ в строке;12;0;;заменить 1с;выбор
конкуренты и бренды;альтернатива 1с для малого бизнеса;12;0;;альтернатива 1с;выбор
конкуренты и бренды;скачать tableau desktop бесплатно;12;0;;tableau;навигация
конкуренты и бренды;music 4me tableau automne bacchanal;12;0;;tableau;общий
конкуренты и бренды;sql tableau power bi книга;12;0;;tableau;общий
конкуренты и бренды;metabase possession;12;0;;metabase;общий
конкуренты и бренды;metabase установить;12;0;;metabase;общий
конкуренты и бренды;metabase cloud;12;0;;metabase;общий
конкуренты и бренды;google forms submit;12;0;;google forms;общий
конкуренты и бренды;http https docs google com forms;12;0;;google forms;общий
конкуренты и бренды;google forms sign in;12;0;;google forms;общий
язык задач — учёт;учет посещения клиентов;12;0;;учет клиентов;общий
язык задач — учёт;учет заказов в типографии;12;0;;учет заказов;общий
язык задач — учёт;заявка постановки на учет в росприроднадзор;12;0;;учет заявок;общий
язык задач — учёт;журнал учета выполнения заявок;12;0;;учет заявок;общий
язык задач — учёт;закупка по регл учету;12;0;;учет закупок;общий
язык задач — учёт;табельный учет рабочего времени на предприятии;12;0;;табельный учет;общий
язык задач — система/программа;автоматизированная система планирования производства;12;0;;система планирования производства;общий
язык задач — система/программа;архитектура mes системы;12;0;;mes система;общий
язык задач — система/программа;bi система навигатор;12;0;;bi система;общий
язык задач — система/программа;bi система visiology;12;0;;bi система;общий
язык задач — система/программа;bi системы яндекс;12;0;;bi система;общий
язык задач — система/программа;программа для склада со сканером штрих кодов;12;0;;программа для склада;общий
язык задач — система/программа;опсурт программа для склада скачать бесплатно;12;0;;программа для склада;навигация
язык задач — система/программа;программа для склада 1с бесплатная;12;0;;программа для склада;общий
язык задач — система/программа;программа 1с для кладовщика склада самоучитель;12;0;;программа для склада;общий
язык задач — система/программа;компьютерная программа для склада;12;0;;программа для склада;общий
язык задач — система/программа;программы для адресного хранения на складе;12;0;;программа для склада;общий
язык задач — система/программа;программы для магазина розничной торговли бесплатно;12;0;;программа для магазина;навигация
язык задач — система/программа;программа для розничного магазина какая лучше;12;0;;программа для магазина;выбор
язык задач — система/программа;магазин программ для windows 10;12;0;;программа для магазина;общий
язык задач — система/программа;программа для планограммы магазина;12;0;;программа для магазина;общий
язык задач — система/программа;программы для магазинов штрих;12;0;;программа для магазина;общий
задачи и боли Excel;excel тормозит при копировании ячеек;12;0;;excel тормозит;проблема
задачи и боли Excel;таблица для учета инвестиций в excel;12;0;;excel для учета;общий
создание и внедрение;конструктор сайтов бесплатный приложение;12;0;;конструктор приложений;общий
создание и внедрение;мобильное приложение конструктор онлайн;12;0;;конструктор приложений;общий
создание и внедрение;appsfera конструктор мобильных приложений;12;0;;конструктор приложений;общий
создание и внедрение;автоматизация бизнес процессов краснодар;12;0;;автоматизация бизнес процессов;общий
создание и внедрение;специалист по внедрению и сопровождению crm;12;0;;внедрение crm;покупка
создание и внедрение;внедрение erp системы управления предприятием;12;0;;внедрение erp;покупка
создание и внедрение;сроки внедрения erp;12;0;;внедрение erp;покупка
создание и внедрение;заказать разработку портала;12;0;;заказать разработку;покупка
создание и внедрение;команда разработки на заказ;12;0;;разработка на заказ;общий
создание и внедрение;разработка бизнес планов на заказ;12;0;;разработка на заказ;общий
создание и внедрение;разработка эксель таблиц на заказ;12;0;;разработка на заказ;общий
создание и внедрение;техническое задание на проектирование инженерных систем;12;0;;техническое задание на систему;общий
создание и внедрение;техническое задание на ремонт сплит системы;12;0;;техническое задание на систему;общий
импортозамещение и закупка;регистрационный номер в реестре отечественного по 1125;12;0;;реестр отечественного по;общий
импортозамещение и закупка;реестр отечественного по минпромторг;12;0;;реестр отечественного по;общий
импортозамещение и закупка;импортозамещение по 2023;12;0;;импортозамещение по;общий
импортозамещение и закупка;импортозамещение по постановлению правительства рф;12;0;;импортозамещение по;общий
импортозамещение и закупка;on premise размещение;12;0;;on premise;общий
ии и новое;вайб кодинг для начинающих лэй энстазияв контакте;12;0;;вайб кодинг;общий
ии и новое;вайб кодинг сленг;12;0;;вайб кодинг;общий
ии и новое;зерокодер вайб кодинг;12;0;;вайб кодинг;общий
ии и новое;скилбокс нейросети для бизнеса;12;0;;нейросеть для бизнеса;общий
ии и новое;нейросети для бизнеса и smm книга;12;0;;нейросеть для бизнеса;общий
ии и новое;ии автоматизация для малого бизнеса;12;0;;ии для автоматизации;общий
ии и новое;оживить фото с помощью нейросетей приложение;12;0;;приложение с помощью нейросети;общий
данные и справочники;как отключить сопоставление номенклатуры в 1с эдо;12;0;;сопоставление номенклатуры;общий
данные и справочники;как отключить сопоставление номенклатуры в эдо;12;0;;сопоставление номенклатуры;общий
данные и справочники;настройка справочника номенклатура в 1с 8.3;12;0;;справочник номенклатуры;общий
конкуренты и бренды;где в 1с заменить сертификат;11;0;;заменить 1с;выбор
конкуренты и бренды;аналоги amocrm;11;0;;аналог amocrm;выбор
конкуренты и бренды;pages tableau;11;0;;tableau;общий
конкуренты и бренды;yandex tableau widget;11;0;;tableau;общий
конкуренты и бренды;metabase skypro войти в личный;11;0;;metabase;навигация
конкуренты и бренды;metabase api;11;0;;metabase;общий
конкуренты и бренды;metabase sbmt io;11;0;;metabase;общий
конкуренты и бренды;zapier интеграция;11;0;;zapier;общий
конкуренты и бренды;forms google spreadsheet;11;0;;google forms;общий
конкуренты и бренды;google forms войти;11;0;;google forms;навигация
конкуренты и бренды;forms google com вход;11;0;;google forms;навигация
конкуренты и бренды;google form вход;11;0;;google forms;навигация
конкуренты и бренды;сайт forms google com;11;0;;google forms;общий
язык задач — учёт;подарки клиентам бухгалтерский учет;11;0;;учет клиентов;общий
язык задач — учёт;учет клиентов фитнес клуба;11;0;;учет клиентов;общий
язык задач — учёт;карточка учета затрат по заказу;11;0;;учет заказов;общий
язык задач — учёт;бесплатная система для учета и обработки заявок;11;0;;учет заявок;общий
язык задач — учёт;курсы табельному учету;11;0;;табельный учет;учебное
язык задач — учёт;специалист по табельному учету обязанности;11;0;;табельный учет;общий
язык задач — система/программа;ит система планирования производства;11;0;;система планирования производства;общий
язык задач — система/программа;mes система купить;11;0;;mes система;покупка
язык задач — система/программа;система bi rads для маммографии;11;0;;bi система;общий
язык задач — система/программа;купить bi систему;11;0;;bi система;покупка
язык задач — система/программа;bi системы рынок;11;0;;bi система;общий
язык задач — система/программа;диагноз по системе bi rads;11;0;;bi система;общий
язык задач — система/программа;современные bi системы;11;0;;bi система;общий
язык задач — система/программа;использование данных в bi системах;11;0;;bi система;общий
язык задач — система/программа;программа учета склада для производства;11;0;;программа для склада;общий
язык задач — система/программа;программа для учета материалов на складе;11;0;;программа для склада;общий
язык задач — система/программа;1с склад программа для начинающих;11;0;;программа для склада;общий
язык задач — система/программа;программа для сервиса и магазина;11;0;;программа для магазина;общий
язык задач — система/программа;программа для магазина продуктов скачать бесплатно;11;0;;программа для магазина;навигация
язык задач — система/программа;программа для создания интернет магазин;11;0;;программа для магазина;общий
язык задач — система/программа;программа контур маркет для магазина;11;0;;программа для магазина;общий
язык задач — система/программа;арт магазин программа для торговли;11;0;;программа для магазина;общий
язык задач — система/программа;программа для магазина штрих коды;11;0;;программа для магазина;общий
задачи и боли Excel;файл excel тормозит как исправить;11;0;;excel тормозит;проблема
задачи и боли Excel;почему тормозит таблица excel;11;0;;excel тормозит;проблема
задачи и боли Excel;почему тормозит файл excel;11;0;;excel тормозит;проблема
задачи и боли Excel;excel совместная работа с файлом в сети;11;0;;совместная работа excel;общий
задачи и боли Excel;совместная работа в excel как сделать;11;0;;совместная работа excel;общий
создание и внедрение;конструктор приложений для андроид и ios;11;0;;конструктор приложений;общий
создание и внедрение;специалист по автоматизации бизнес процессов вакансии;11;0;;автоматизация бизнес процессов;общий
создание и внедрение;автоматизация бизнес процессов маркетинга;11;0;;автоматизация бизнес процессов;общий
создание и внедрение;автоматизация бизнес процессов лекция;11;0;;автоматизация бизнес процессов;общий
создание и внедрение;crm внедрение лучшая цена в минске;11;0;;внедрение crm;покупка
создание и внедрение;эффективность внедрения crm систем;11;0;;внедрение crm;покупка
создание и внедрение;результаты внедрения erp;11;0;;внедрение erp;покупка
создание и внедрение;специалист по внедрению информационных систем окз;11;0;;внедрение информационной системы;покупка
создание и внедрение;заказать создание и разработку;11;0;;заказать разработку;покупка
создание и внедрение;разработка информационной системы на заказ;11;0;;разработка на заказ;общий
создание и внедрение;техническое задание на проектирование системы пожаротушения;11;0;;техническое задание на систему;общий
создание и внедрение;цифровизация предприятия конференция;11;0;;цифровизация предприятия;общий
создание и внедрение;цифровизация предприятий в россии;11;0;;цифровизация предприятия;общий
создание и внедрение;цифровизация предприятия вакансии;11;0;;цифровизация предприятия;общий
импортозамещение и закупка;криптопро реестр отечественного по;11;0;;реестр отечественного по;общий
импортозамещение и закупка;государственный реестр отечественного по;11;0;;реестр отечественного по;общий
импортозамещение и закупка;предложения по импортозамещению;11;0;;импортозамещение по;общий
импортозамещение и закупка;импортозамещение по 2021;11;0;;импортозамещение по;общий
импортозамещение и закупка;программа по импортозамещению в россии;11;0;;импортозамещение по;общий
импортозамещение и закупка;giga chat on premise цена рублей;11;0;;on premise;покупка
импортозамещение и закупка;gigachat on premise;11;0;;on premise;общий
импортозамещение и закупка;on premise продукт;11;0;;on premise;общий
импортозамещение и закупка;gitlab on premise;11;0;;on premise;общий
ии и новое;вайб кодинг vibe coding паттерны проектирования;11;0;;вайб кодинг;общий
ии и новое;вайб кодинг 1с курс;11;0;;вайб кодинг;учебное
ии и новое;bytezzz вайб кодинг;11;0;;вайб кодинг;общий
ии и новое;обучение нейросетям для бизнеса бесплатно;11;0;;нейросеть для бизнеса;учебное
ии и новое;автоматизация и ии для крупного бизнеса;11;0;;ии для автоматизации;общий
данные и справочники;как исправить сопоставление номенклатуры в 1с 8.3;11;0;;сопоставление номенклатуры;общий
данные и справочники;как добавить номенклатуру в справочник меркурия;11;0;;справочник номенклатуры;общий
конкуренты и бренды;заменить кавычки на елочки 1с;10;0;;заменить 1с;выбор
конкуренты и бренды;заменить в табличном документе 1с;10;0;;заменить 1с;выбор
конкуренты и бренды;ии 1с форум заменит;10;0;;заменить 1с;общий
конкуренты и бренды;бесплатная альтернатива 1с;10;0;;альтернатива 1с;выбор
конкуренты и бренды;аналог power bi от яндекс;10;0;;аналог power bi;выбор
конкуренты и бренды;http tableau;10;0;;tableau;общий
конкуренты и бренды;tableau сайт;10;0;;tableau;общий
конкуренты и бренды;tableau скачать торрент;10;0;;tableau;навигация
конкуренты и бренды;tableau торрент;10;0;;tableau;общий
конкуренты и бренды;data studio google looker;10;0;;looker studio;общий
конкуренты и бренды;metabase установка;10;0;;metabase;общий
конкуренты и бренды;metabase com;10;0;;metabase;общий
конкуренты и бренды;metabase changelog;10;0;;metabase;общий
конкуренты и бренды;zapier что это за программа;10;0;;zapier;учебное
конкуренты и бренды;zapier ai agents;10;0;;zapier;общий
конкуренты и бренды;google form ответы на тест;10;0;;google forms;учебное
язык задач — учёт;программа для ведения учета заказов;10;0;;учет заказов;общий
язык задач — учёт;учет обработка и оформление заказа;10;0;;учет заказов;общий
язык задач — учёт;учет расходов по аннулированным заказам ну;10;0;;учет заказов;общий
язык задач — учёт;отчет данные учета обращения с отходами;10;0;;учет обращений;общий
язык задач — учёт;учет издержек производства и обращения;10;0;;учет обращений;общий
язык задач — система/программа;анализ существующих систем учета контактных данных;10;0;;система учета данных;общий
язык задач — система/программа;программная система планирования производства pmasc;10;0;;система планирования производства;общий
язык задач — система/программа;система планирования производства иркутский завод полимеров;10;0;;система планирования производства;общий
язык задач — система/программа;стоимость внедрения mes системы;10;0;;mes система;покупка
язык задач — система/программа;mes система на access microsoft скачать;10;0;;mes система;навигация
язык задач — система/программа;модули mes системы;10;0;;mes система;общий
язык задач — система/программа;системе оперативного управления производством mes;10;0;;mes система;общий
язык задач — система/программа;метрики bi системы;10;0;;bi система;общий
язык задач — система/программа;open source bi системы;10;0;;bi система;общий
язык задач — система/программа;bi teks на матрасах система;10;0;;bi система;общий
язык задач — система/программа;bi система расшифровка;10;0;;bi система;общий
язык задач — система/программа;рейтинг bi систем;10;0;;bi система;выбор
язык задач — система/программа;купить программу для склада;10;0;;программа для склада;покупка
язык задач — система/программа;лайтбокс программа для магазина;10;0;;программа для магазина;общий
язык задач — система/программа;программа учета для магазина автозапчастей;10;0;;программа для магазина;общий
язык задач — система/программа;программы на комп для ритуальных услуг магазина;10;0;;программа для магазина;общий
создание и внедрение;приложение конструктор шкафа;10;0;;конструктор приложений;общий
создание и внедрение;приложение для электронного конструктора;10;0;;конструктор приложений;общий
создание и внедрение;андроид приложение конструктор документов;10;0;;конструктор приложений;общий
создание и внедрение;создать приложение онлайн бесплатно конструктор;10;0;;конструктор приложений;навигация
создание и внедрение;автоматизация бизнес процессов статья;10;0;;автоматизация бизнес процессов;общий
создание и внедрение;внедрение crm эффект;10;0;;внедрение crm;покупка
создание и внедрение;внедрение crm срм система для бизнес процессов;10;0;;внедрение crm;покупка
создание и внедрение;crm система примеры внедрения;10;0;;внедрение crm;учебное
создание и внедрение;стоимость внедрения erp системы 1с;10;0;;внедрение erp;покупка
создание и внедрение;технологии внедрения erp;10;0;;внедрение erp;покупка
создание и внедрение;кейсы внедрения erp;10;0;;внедрение erp;покупка
создание и внедрение;преимущества внедрения информационной системы;10;0;;внедрение информационной системы;покупка
создание и внедрение;заказать разработку подписи;10;0;;заказать разработку;покупка
создание и внедрение;заказать разработку сайта салона красоты;10;0;;заказать разработку;покупка
создание и внедрение;разработка телеграм бота на заказ;10;0;;разработка на заказ;общий
создание и внедрение;разработка печатных плат на заказ;10;0;;разработка на заказ;общий
создание и внедрение;заказы на разработку электронного;10;0;;разработка на заказ;общий
создание и внедрение;разработка онлайн калькуляторов для сайтов на заказ;10;0;;разработка на заказ;общий
создание и внедрение;где брать заказы на разработку;10;0;;разработка на заказ;общий
создание и внедрение;разработка баз данных на заказ;10;0;;разработка на заказ;общий
создание и внедрение;разработка облака на заказ;10;0;;разработка на заказ;общий
создание и внедрение;техническое задание на установку кондиционеров сплит систем;10;0;;техническое задание на систему;общий
импортозамещение и закупка;реестр отечественного по не облагается ндс;10;0;;реестр отечественного по;общий
импортозамещение и закупка;регистрация в роспатенте и реестре отечественного по;10;0;;реестр отечественного по;общий
импортозамещение и закупка;битрикс24 реестр отечественного по;10;0;;реестр отечественного по;общий
импортозамещение и закупка;реестр отечественного по по инн;10;0;;реестр отечественного по;общий
импортозамещение и закупка;возможности по импортозамещению;10;0;;импортозамещение по;общий
импортозамещение и закупка;нормативные документы по импортозамещению;10;0;;импортозамещение по;общий
ии и новое;вайб кодинг презентация;10;0;;вайб кодинг;общий
ии и новое;вайб кодинг и автономные агенты;10;0;;вайб кодинг;общий
ии и новое;вайб кодинг форум;10;0;;вайб кодинг;общий
ии и новое;вайб кодинг создать сайты build;10;0;;вайб кодинг;общий
ии и новое;складчина вайб кодинг константин чуйков;10;0;;вайб кодинг;общий
ии и новое;сколько можно заработать на вайб кодинге;10;0;;вайб кодинг;общий
ии и новое;вайб кодинг основы;10;0;;вайб кодинг;общий
ии и новое;промпты для вайб кодинга;10;0;;вайб кодинг;общий
ии и новое;нетология нейросети для бизнеса;10;0;;нейросеть для бизнеса;общий
конкуренты и бренды;как заменить ключ эцп в 1с;9;0;;заменить 1с;выбор
конкуренты и бренды;как заменить эцп в 1с эдо;9;0;;заменить 1с;выбор
конкуренты и бренды;open source аналог airtable;9;0;;airtable;выбор
конкуренты и бренды;airtable ai;9;0;;airtable;общий
конкуренты и бренды;tableau de craie hermes birkin;9;0;;tableau;общий
конкуренты и бренды;tableau analytics;9;0;;tableau;общий
конкуренты и бренды;google forms сделать опрос;9;0;;google forms;общий
конкуренты и бренды;new google form;9;0;;google forms;общий
конкуренты и бренды;google forms правильные ответы;9;0;;google forms;общий
конкуренты и бренды;av access u3ex100 дешевые аналоги;9;0;;аналог access;выбор
конкуренты и бренды;бесплатные аналог access;9;0;;аналог access;выбор
язык задач — учёт;учет клиентов ключ;9;0;;учет клиентов;общий
язык задач — учёт;учет клиентов веб;9;0;;учет клиентов;общий
язык задач — учёт;crm учет заявок;9;0;;учет заявок;общий
язык задач — учёт;учет внепроцессуальных обращений;9;0;;учет обращений;общий
язык задач — учёт;учет издержек обращения в торговле;9;0;;учет обращений;общий
язык задач — учёт;учет затрат издержек обращения;9;0;;учет обращений;общий
язык задач — учёт;договоры гпх это табельный учет;9;0;;табельный учет;учебное
язык задач — учёт;табельный учет скачать;9;0;;табельный учет;навигация
язык задач — система/программа;система планирования и управления производством продукции;9;0;;система планирования производства;общий
язык задач — система/программа;системы планирования производства и логистики;9;0;;система планирования производства;общий
язык задач — система/программа;тип по системе bi rads;9;0;;bi система;общий
язык задач — система/программа;применения bi систем;9;0;;bi система;общий
язык задач — система/программа;облачные bi системы;9;0;;bi система;общий
язык задач — система/программа;bi системы определение;9;0;;bi система;общий
язык задач — система/программа;программа для склада узбекистан;9;0;;программа для склада;общий
язык задач — система/программа;программа для торговли склад скачать бесплатно;9;0;;программа для склада;навигация
язык задач — система/программа;скачать программу для склад торговля;9;0;;программа для склада;навигация
язык задач — система/программа;название программы для склада;9;0;;программа для склада;общий
язык задач — система/программа;программа для моделирования склада;9;0;;программа для склада;общий
язык задач — система/программа;лучшая программа для цветочного магазина;9;0;;программа для магазина;выбор
язык задач — система/программа;florapoint программа для магазина цветов;9;0;;программа для магазина;общий
язык задач — система/программа;магазин программ для андроид россия;9;0;;программа для магазина;общий
язык задач — система/программа;программа учета для розничного магазина;9;0;;программа для магазина;общий
язык задач — система/программа;программа для интернет магазина продажи;9;0;;программа для магазина;общий
задачи и боли Excel;таблица для складского учета в excel;9;0;;excel для учета;общий
создание и внедрение;скачать взлом приложение конструктор электронщиков;9;0;;конструктор приложений;навигация
создание и внедрение;конструктор app приложений;9;0;;конструктор приложений;общий
создание и внедрение;mobincube конструктор приложений;9;0;;конструктор приложений;общий
создание и внедрение;приложение для конструктора wedo 2.0;9;0;;конструктор приложений;общий
создание и внедрение;автоматизация бизнес процессов стоимость;9;0;;автоматизация бизнес процессов;покупка
создание и внедрение;автоматизация бизнес процессов отькало pdf;9;0;;автоматизация бизнес процессов;общий
создание и внедрение;автоматизация бизнес процессов презентация;9;0;;автоматизация бизнес процессов;общий
создание и внедрение;рынок внедрения crm;9;0;;внедрение crm;покупка
создание и внедрение;erp система примеры внедрения;9;0;;внедрение erp;учебное
создание и внедрение;комплексное внедрение erp систем;9;0;;внедрение erp;покупка
создание и внедрение;внедрение 1с erp стоимость проектов;9;0;;внедрение erp;покупка
создание и внедрение;дорожная карта внедрения 1с erp пример;9;0;;внедрение erp;учебное
создание и внедрение;внедрение лабораторной информационной системы;9;0;;внедрение информационной системы;покупка
создание и внедрение;заказать разработку по под ключ;9;0;;заказать разработку;покупка
создание и внедрение;разработка на laravel заказать москва;9;0;;заказать разработку;покупка
создание и внедрение;заказать разработку сайта ставрополь;9;0;;заказать разработку;покупка
создание и внедрение;разработка веб сервисов на заказ;9;0;;разработка на заказ;общий
создание и внедрение;разработка презентаций на заказ;9;0;;разработка на заказ;общий
создание и внедрение;разработка игр на заказ blinoed;9;0;;разработка на заказ;общий
создание и внедрение;техническое задание на разработку программных систем;9;0;;техническое задание на систему;общий
создание и внедрение;техническое задание на разработку системы автоматизации;9;0;;техническое задание на систему;общий
создание и внедрение;цели цифровизация предприятия;9;0;;цифровизация предприятия;общий
создание и внедрение;проблемы цифровизации предприятий;9;0;;цифровизация предприятия;проблема
создание и внедрение;цифровизация безопасности предприятия;9;0;;цифровизация предприятия;общий
импортозамещение и закупка;сбис реестр отечественного по;9;0;;реестр отечественного по;общий
импортозамещение и закупка;подать заявление в реестр отечественного по;9;0;;реестр отечественного по;общий
импортозамещение и закупка;офис реестр отечественного по;9;0;;реестр отечественного по;общий
импортозамещение и закупка;реестр отечественного по сокращенно;9;0;;реестр отечественного по;общий
импортозамещение и закупка;политика рф по импортозамещению;9;0;;импортозамещение по;общий
импортозамещение и закупка;приказ президента по импортозамещению;9;0;;импортозамещение по;общий
импортозамещение и закупка;производство по импортозамещению в россии;9;0;;импортозамещение по;общий
импортозамещение и закупка;центр компетенции по импортозамещению икт;9;0;;импортозамещение по;общий
импортозамещение и закупка;центр по импортозамещению в икт;9;0;;импортозамещение по;общий
импортозамещение и закупка;центр по импортозамещению в сфере икт;9;0;;импортозамещение по;общий
импортозамещение и закупка;план по импортозамещению информационно телекоммуникационной инфраструктуры;9;0;;импортозамещение по;общий
импортозамещение и закупка;мероприятий по импортозамещению измерительного;9;0;;импортозамещение по;общий
импортозамещение и закупка;координационный совет по импортозамещению нижегородской области;9;0;;импортозамещение по;общий
импортозамещение и закупка;письмо по импортозамещению;9;0;;импортозамещение по;общий
импортозамещение и закупка;bitrix24 on premise;9;0;;on premise;общий
ии и новое;вайб кодинг скачать торрент;9;0;;вайб кодинг;навигация
ии и новое;вайб кодинг зарплата;9;0;;вайб кодинг;учебное
ии и новое;вайб кодинг на английском;9;0;;вайб кодинг;общий
ии и новое;олег филиппов вайб кодинг для 1с 2025;9;0;;вайб кодинг;общий
ии и новое;нейросеть возможности для бизнеса;9;0;;нейросеть для бизнеса;общий
данные и справочники;специализированный справочник номенклатура предназначен для хранения;9;0;;справочник номенклатуры;общий
данные и справочники;описаниетипов справочники номенклатура;9;0;;справочник номенклатуры;общий
данные и справочники;справочник номенклатуры дел 2026;9;0;;справочник номенклатуры;общий
конкуренты и бренды;заменить символы в строке 1с 8.3;8;0;;заменить 1с;выбор
конкуренты и бренды;заменить битую ссылку в закрытом периоде 1с;8;0;;заменить 1с;выбор
конкуренты и бренды;китайский аналог notion;8;0;;аналог notion;выбор
конкуренты и бренды;аналог power bi в россии;8;0;;аналог power bi;выбор
конкуренты и бренды;tableau перевод с французского;8;0;;tableau;общий
конкуренты и бренды;tableau или power bi что лучше;8;0;;tableau;выбор
конкуренты и бренды;power bi tableau qlikview;8;0;;tableau;общий
конкуренты и бренды;études tableaux op 33 владимир ашкенази;8;0;;tableau;общий
конкуренты и бренды;tableau wta toronto 2026 temple;8;0;;tableau;общий
конкуренты и бренды;looker studio дашборд;8;0;;looker studio;общий
конкуренты и бренды;metabase обзор;8;0;;metabase;выбор
конкуренты и бренды;zapier сервис;8;0;;zapier;общий
конкуренты и бренды;zapier сайт;8;0;;zapier;общий
конкуренты и бренды;zapier нейросеть;8;0;;zapier;общий
конкуренты и бренды;zapier central;8;0;;zapier;общий
конкуренты и бренды;google forms online;8;0;;google forms;общий
конкуренты и бренды;dolby access аналоги;8;0;;аналог access;выбор
конкуренты и бренды;microsoft access аналоги российские;8;0;;аналог access;выбор
язык задач — учёт;как вести учет клиентов и заказов;8;0;;учет клиентов;общий
язык задач — учёт;шаблон гугл таблицы для учета клиентов;8;0;;учет клиентов;общий
язык задач — учёт;изготовление журналов учета на заказ;8;0;;учет заказов;общий
язык задач — учёт;издержки обращения счет бухгалтерского учета;8;0;;учет обращений;общий
язык задач — учёт;система учета обращений водоканал;8;0;;учет обращений;общий
язык задач — учёт;ведение табельного учета рабочего времени работников;8;0;;табельный учет;общий
язык задач — система/программа;mes системы предназначены для;8;0;;mes система;общий
язык задач — система/программа;фобос mes система;8;0;;mes система;общий
язык задач — система/программа;mes система цифрового производства;8;0;;mes система;общий
язык задач — система/программа;mes система open;8;0;;mes система;общий
язык задач — система/программа;современные mes системы;8;0;;mes система;общий
язык задач — система/программа;bi системы предназначены для;8;0;;bi система;общий
язык задач — система/программа;суперсет bi система;8;0;;bi система;общий
язык задач — система/программа;отечественные bi системы;8;0;;bi система;общий
язык задач — система/программа;программа для кладовщика на складе бесплатно;8;0;;программа для склада;навигация
язык задач — система/программа;программа склад бесплатно простая для ип;8;0;;программа для склада;навигация
язык задач — система/программа;программа для маленького магазина розничной торговли;8;0;;программа для магазина;общий
язык задач — система/программа;программы для розничного магазина продуктов;8;0;;программа для магазина;общий
язык задач — система/программа;программа для отслеживания цен в интернет магазинах;8;0;;программа для магазина;общий
язык задач — система/программа;программа контур маркет для магазина продуктов;8;0;;программа для магазина;общий
задачи и боли Excel;шаблон excel для складского учета;8;0;;excel для учета;общий
создание и внедрение;конструктор приложений для windows;8;0;;конструктор приложений;общий
создание и внедрение;конструктор мобильного приложения битрикс;8;0;;конструктор приложений;общий
создание и внедрение;адало конструктор приложений;8;0;;конструктор приложений;общий
создание и внедрение;конструктор танков приложение;8;0;;конструктор приложений;общий
создание и внедрение;автоматизация бизнес процессов практическая;8;0;;автоматизация бизнес процессов;общий
создание и внедрение;crm система внедрение стоимость;8;0;;внедрение crm;покупка
создание и внедрение;преимущества внедрения crm;8;0;;внедрение crm;покупка
создание и внедрение;внедрение crm битрикс 24;8;0;;внедрение crm;покупка
создание и внедрение;внедрение 1с erp москва;8;0;;внедрение erp;покупка
создание и внедрение;внедрение erp москва;8;0;;внедрение erp;покупка
создание и внедрение;разработка электронных устройств заказать;8;0;;заказать разработку;покупка
создание и внедрение;заказать разработку магазина;8;0;;заказать разработку;покупка
создание и внедрение;создание и разработка сайтов заказать;8;0;;заказать разработку;покупка
создание и внедрение;разработка iiot платформ заказать;8;0;;заказать разработку;покупка
создание и внедрение;заказать разработку технокарт выпечка и кулинария;8;0;;заказать разработку;покупка
создание и внедрение;методические разработки на заказ;8;0;;разработка на заказ;общий
создание и внедрение;техническое задание на обслуживание системы кондиционирования;8;0;;техническое задание на систему;общий
создание и внедрение;техническое задание на монтаж системы отопления;8;0;;техническое задание на систему;общий
создание и внедрение;цифровизация позволяет предприятию;8;0;;цифровизация предприятия;общий
импортозамещение и закупка;как зарегистрировать программу в реестре отечественного по;8;0;;реестр отечественного по;общий
импортозамещение и закупка;касперский реестр отечественного по;8;0;;реестр отечественного по;общий
импортозамещение и закупка;реестр отечественного по критерии;8;0;;реестр отечественного по;общий
импортозамещение и закупка;импортозамещение по русски;8;0;;импортозамещение по;общий
импортозамещение и закупка;меры по поддержке импортозамещения;8;0;;импортозамещение по;общий
импортозамещение и закупка;импортозамещение по 223 фз;8;0;;импортозамещение по;общий
ии и новое;что означает вайб кодинг;8;0;;вайб кодинг;общий
ии и новое;вайб кодинг deepseeker;8;0;;вайб кодинг;общий
ии и новое;изучение вайб кодинга;8;0;;вайб кодинг;общий
ии и новое;вайб кодинг курс складчина;8;0;;вайб кодинг;учебное
ии и новое;нейросети для развития бизнеса;8;0;;нейросеть для бизнеса;общий
ии и новое;нейросети для малого бизнеса;8;0;;нейросеть для бизнеса;общий
данные и справочники;сопоставление номенклатуры при синхронизации;8;0;;сопоставление номенклатуры;общий
данные и справочники;сопоставление номенклатуры в 1с бп;8;0;;сопоставление номенклатуры;общий
данные и справочники;требования к заведению номенклатуры в справочник;8;0;;справочник номенклатуры;общий
данные и справочники;справочник v001 номенклатура медицинских услуг;8;0;;справочник номенклатуры;общий
данные и справочники;номенклатура из справочника в меркурий как узнать;8;0;;справочник номенклатуры;общий
конкуренты и бренды;1с эдо укд заменить код на артикул;7;0;;заменить 1с;выбор
конкуренты и бренды;как в 1с эдо заменить контрагента задублирвоанного;7;0;;заменить 1с;выбор
конкуренты и бренды;airtable сайт;7;0;;airtable;общий
конкуренты и бренды;rachmaninoff etude tableau no 1 french 2006;7;0;;tableau;общий
конкуренты и бренды;tableau steven gutheinz;7;0;;tableau;общий
конкуренты и бренды;tableau public скачать бесплатно;7;0;;tableau;навигация
конкуренты и бренды;tableau public download;7;0;;tableau;общий
конкуренты и бренды;tableau объект radial;7;0;;tableau;общий
конкуренты и бренды;metabase vs superset;7;0;;metabase;общий
конкуренты и бренды;metabase releases;7;0;;metabase;общий
конкуренты и бренды;сайт docs google com forms;7;0;;google forms;общий
конкуренты и бренды;сайт https docs google com forms;7;0;;google forms;общий
конкуренты и бренды;google forms создание опроса;7;0;;google forms;общий
конкуренты и бренды;google forms qr;7;0;;google forms;общий
конкуренты и бренды;google forms file;7;0;;google forms;общий
конкуренты и бренды;аналог реле зарядки на квадроцикле access ax700u;7;0;;аналог access;выбор
конкуренты и бренды;аналог эбу на квадроцикл access 700;7;0;;аналог access;выбор
язык задач — учёт;система учета клиентов мастера маникюра;7;0;;учет клиентов;общий
язык задач — учёт;учет записи клиентов приложение;7;0;;учет клиентов;общий
язык задач — учёт;русскии учет заказ дома;7;0;;учет заказов;общий
язык задач — учёт;материалы учет гоз заказ отчет;7;0;;учет заказов;общий
язык задач — учёт;центр бюджетного учета и организации закупок чита;7;0;;учет закупок;общий
язык задач — учёт;отражение закупок в управленческом учете;7;0;;учет закупок;общий
язык задач — учёт;выпуск учет обращение цифровых финансовых активов;7;0;;учет обращений;общий
язык задач — учёт;учет и обращение цифровых финансовых активов;7;0;;учет обращений;общий
язык задач — учёт;ракетная атака и табельный учет;7;0;;табельный учет;общий
язык задач — учёт;вакансии специалист по табельному учету саратов;7;0;;табельный учет;общий
язык задач — система/программа;блок систем электрик bk2vr 008v bi;7;0;;bi система;общий
язык задач — система/программа;оценка маммографии по системе bi rads;7;0;;bi система;общий
язык задач — система/программа;1с аналитика bi система скачать pdf;7;0;;bi система;навигация
язык задач — система/программа;внутренние bi системы;7;0;;bi система;общий
язык задач — система/программа;vms программа для склада;7;0;;программа для склада;общий
язык задач — система/программа;скачать программу для склада 1с;7;0;;программа для склада;навигация
язык задач — система/программа;программа 1с для склада обучение;7;0;;программа для склада;учебное
язык задач — система/программа;программа для создания планограммы магазина бесплатно;7;0;;программа для магазина;навигация
язык задач — система/программа;программа для товарного учета магазин;7;0;;программа для магазина;общий
язык задач — система/программа;программа для автосервиса и магазина автозапчастей бесплатно;7;0;;программа для магазина;навигация
задачи и боли Excel;тормозит контекстное меню в excel;7;0;;excel тормозит;проблема
задачи и боли Excel;excel шаблон для учета препаратов в клинике;7;0;;excel для учета;общий
создание и внедрение;конструктор приложений топ;7;0;;конструктор приложений;общий
создание и внедрение;конструктор тг приложений;7;0;;конструктор приложений;общий
создание и внедрение;конструктор приложения для интернет магазина;7;0;;конструктор приложений;общий
создание и внедрение;nocode конструктор приложений;7;0;;конструктор приложений;общий
создание и внедрение;конструктор новеллы для приложения на смартфоне;7;0;;конструктор приложений;общий
создание и внедрение;сайт конструктор мобильных приложений;7;0;;конструктор приложений;общий
создание и внедрение;приложение для конструктора florange block;7;0;;конструктор приложений;общий
создание и внедрение;автоматизация бизнес процессов диплом;7;0;;автоматизация бизнес процессов;общий
создание и внедрение;7 граблей внедрения crm вид;7;0;;внедрение crm;покупка
создание и внедрение;внедрение crm с александром захаренко;7;0;;внедрение crm;покупка
создание и внедрение;внедрение crm кейс яндекс директ;7;0;;внедрение crm;покупка
создание и внедрение;цели внедрения crm системы;7;0;;внедрение crm;покупка
создание и внедрение;отзывы про crm внедрение;7;0;;внедрение crm;покупка
создание и внедрение;эффект внедрения erp;7;0;;внедрение erp;покупка
создание и внедрение;техническое задание на внедрение 1с erp пример;7;0;;внедрение erp;учебное
создание и внедрение;чек лист оценки эффективности внедрения информационной системы;7;0;;внедрение информационной системы;покупка
создание и внедрение;внедрение информационных систем презентация;7;0;;внедрение информационной системы;покупка
создание и внедрение;разработка базы данных заказать;7;0;;заказать разработку;покупка
создание и внедрение;разработка телеграм ботов заказать;7;0;;заказать разработку;покупка
создание и внедрение;разработка ии на заказ;7;0;;разработка на заказ;общий
создание и внедрение;разработка кд на заказ;7;0;;разработка на заказ;общий
создание и внедрение;разработка 3d моделей на заказ;7;0;;разработка на заказ;общий
создание и внедрение;разработка шрифта на заказ;7;0;;разработка на заказ;общий
создание и внедрение;разработка приборов на заказ;7;0;;разработка на заказ;общий
создание и внедрение;техническое задание на обследование систем вентиляции;7;0;;техническое задание на систему;общий
создание и внедрение;техническое задание на монтаж сплит системы;7;0;;техническое задание на систему;общий
импортозамещение и закупка;dr web реестр отечественного по;7;0;;реестр отечественного по;общий
импортозамещение и закупка;postgres pro реестр отечественного по;7;0;;реестр отечественного по;общий
импортозамещение и закупка;дана экспертная оценка реестр отечественного по статус;7;0;;реестр отечественного по;общий
импортозамещение и закупка;реестр отечественного по мессенджеры;7;0;;реестр отечественного по;общий
импортозамещение и закупка;группа по импортозамещению;7;0;;импортозамещение по;общий
импортозамещение и закупка;российские crm системы 2026;7;0;;российская crm;общий
импортозамещение и закупка;on premise как произносится;7;0;;on premise;общий
импортозамещение и закупка;пример тз на атс on premise;7;0;;on premise;учебное
импортозамещение и закупка;пример фтт на атс on premise;7;0;;on premise;учебное
ии и новое;вайб кодинг на vs коде;7;0;;вайб кодинг;общий
ии и новое;что можно сделать с помощью вайб кодинга;7;0;;вайб кодинг;общий
ии и новое;клавиатура для вайб кодинга;7;0;;вайб кодинг;общий
ии и новое;книга про вайб кодинг;7;0;;вайб кодинг;общий
ии и новое;курс ии вайб кодинг;7;0;;вайб кодинг;учебное
ии и новое;вайб кодинг майнкрафт;7;0;;вайб кодинг;общий
ии и новое;нейросети для бизнеса из россии;7;0;;нейросеть для бизнеса;общий
ии и новое;нейросеть для расчета бизнес плана;7;0;;нейросеть для бизнеса;общий
ии и новое;основы ии агентов для автоматизации процессов;7;0;;ии для автоматизации;общий
ии и новое;создать приложение для смартфона с помощью нейросети;7;0;;приложение с помощью нейросети;общий
данные и справочники;1с бухгалтерия загрузка отчета комиссионера сопоставление номенклатуры;7;0;;сопоставление номенклатуры;общий
конкуренты и бренды;airtable crm;6;0;;airtable;общий
конкуренты и бренды;картина le tableau 2011;6;0;;tableau;общий
конкуренты и бренды;tableau wta toronto 2025;6;0;;tableau;общий
конкуренты и бренды;tableau wta cincinnati 2026;6;0;;tableau;общий
конкуренты и бренды;pc1092 online tableau;6;0;;tableau;общий
конкуренты и бренды;tableau dt;6;0;;tableau;общий
конкуренты и бренды;tableau harry richards;6;0;;tableau;общий
конкуренты и бренды;формат числа metabase;6;0;;metabase;общий
конкуренты и бренды;form builder for google forms;6;0;;google forms;общий
конкуренты и бренды;google forms недостатки;6;0;;google forms;общий
конкуренты и бренды;docs google com forms gle;6;0;;google forms;общий
конкуренты и бренды;google forms платформасы;6;0;;google forms;общий
язык задач — учёт;технический журнал для учета випнет клиентов;6;0;;учет клиентов;общий
язык задач — учёт;pycharm создать проект по учету заказов;6;0;;учет заказов;общий
язык задач — учёт;администратор по заказам и учету имущества;6;0;;учет заказов;общий
язык задач — учёт;журнал учета заявок адс;6;0;;учет заявок;общий
язык задач — учёт;книга учета обращения граждан мо рф;6;0;;учет обращений;общий
язык задач — учёт;порядок ведения табельного учета;6;0;;табельный учет;общий
язык задач — учёт;ответы на вопросы x5 group табельный учет;6;0;;табельный учет;общий
язык задач — система/программа;система внешнего bi led освещения;6;0;;bi система;общий
язык задач — система/программа;система сертификации рисков bi rads;6;0;;bi система;общий
язык задач — система/программа;программа для планировка размещения товара на складе;6;0;;программа для склада;общий
язык задач — система/программа;программа для ведения продаж и склада;6;0;;программа для склада;общий
язык задач — система/программа;какую программу выбрать для учета на складе;6;0;;программа для склада;выбор
язык задач — система/программа;интернет магазин купить программы для стрима игров;6;0;;программа для магазина;покупка
язык задач — система/программа;программа 1с для магазинов что это;6;0;;программа для магазина;учебное
создание и внедрение;конструктор динозавра который с помощью приложения двигается;6;0;;конструктор приложений;общий
создание и внедрение;mozabrick фото конструктор приложение;6;0;;конструктор приложений;общий
создание и внедрение;автоматизация бизнес процессов ереван;6;0;;автоматизация бизнес процессов;общий
создание и внедрение;заказать разработку сайта qmedia;6;0;;заказать разработку;покупка
создание и внедрение;разработка лекал одежды на заказ цена;6;0;;разработка на заказ;покупка
создание и внедрение;разработка устройства на заказ;6;0;;разработка на заказ;общий
создание и внедрение;оформление технического задания на промывку системы отопления;6;0;;техническое задание на систему;общий
создание и внедрение;оценка уровня цифровизации предприятия;6;0;;цифровизация предприятия;общий
импортозамещение и закупка;услуги по включению реестр отечественных товаропроизводителей казахстана;6;0;;реестр отечественного по;общий
импортозамещение и закупка;газприборы смоленск импортозамещение по реестру;6;0;;импортозамещение по;общий
импортозамещение и закупка;импортозамещение по английски;6;0;;импортозамещение по;общий
импортозамещение и закупка;доступен on premise;6;0;;on premise;общий
импортозамещение и закупка;giga chat on premise цена рублей лицензия;6;0;;on premise;покупка
ии и новое;вайб кодинг обучение со стажировкой;6;0;;вайб кодинг;учебное
ии и новое;вайб кодинг для начинающих книга бумажный вариант;6;0;;вайб кодинг;общий
ии и новое;школа вайб кодинг субмарина;6;0;;вайб кодинг;общий
ии и новое;ильяс вайб кодинг 1с;6;0;;вайб кодинг;общий
ии и новое;вайб кодинг на гигачат про;6;0;;вайб кодинг;общий
ии и новое;вайб кодинг хабр;6;0;;вайб кодинг;общий
ии и новое;приложение для создания текста с помощью нейросети;6;0;;приложение с помощью нейросети;общий
ии и новое;написать приложение для андроид с помощью нейросети;6;0;;приложение с помощью нейросети;общий
данные и справочники;сопоставление номенклатуры егаис в 1 с розница;6;0;;сопоставление номенклатуры;общий
данные и справочники;сопоставление номенклатуры saby;6;0;;сопоставление номенклатуры;общий
данные и справочники;групповое сопоставление номенклатуры в 1с 8.3;6;0;;сопоставление номенклатуры;общий
данные и справочники;1с эдо настроить сопоставление номенклатуры для услуг;6;0;;сопоставление номенклатуры;общий
данные и справочники;выгрузить справочник номенклатуры из 1с 8.3;6;0;;справочник номенклатуры;общий
данные и справочники;1с как перезаписать справочник номенклатура программно;6;0;;справочник номенклатуры;общий
конкуренты и бренды;заменить последний символ в строке 1с;5;0;;заменить 1с;выбор
конкуренты и бренды;альтернатива 1с торговля и склад;5;0;;альтернатива 1с;выбор
конкуренты и бренды;airtable создать аккаунт;5;0;;airtable;общий
конкуренты и бренды;tableau prep;5;0;;tableau;общий
конкуренты и бренды;http tableau cyberbird tech 8000;5;0;;tableau;общий
конкуренты и бренды;how to publish to tableau server;5;0;;tableau;общий
конкуренты и бренды;tableau книга скачать;5;0;;tableau;навигация
конкуренты и бренды;как в россии создать график tableau онлайн;5;0;;tableau;общий
конкуренты и бренды;resultats de la can feminine tableau;5;0;;tableau;общий
конкуренты и бренды;tableau steven gutheinz скачать;5;0;;tableau;навигация
конкуренты и бренды;metabase linux;5;0;;metabase;общий
конкуренты и бренды;https metabase verme ru;5;0;;metabase;общий
конкуренты и бренды;zapier работа;5;0;;zapier;общий
конкуренты и бренды;zapier авито;5;0;;zapier;общий
конкуренты и бренды;что лучше make или zapier или 8n8;5;0;;zapier;выбор
конкуренты и бренды;google forms создать анкету для опроса;5;0;;google forms;общий
конкуренты и бренды;https docs google com forms d 1vnehnvloltvnvwsaw0ae6lvo9ed0avhqefknvwwpp7m;5;0;;google forms;общий
конкуренты и бренды;google forms скачать бесплатно;5;0;;google forms;навигация
конкуренты и бренды;xn forms 6w00e google;5;0;;google forms;общий
конкуренты и бренды;веб приложение google forms;5;0;;google forms;общий
конкуренты и бренды;конкурент или аналог палатки msr access;5;0;;аналог access;выбор
конкуренты и бренды;аналог эбу на квадроцикл access 750;5;0;;аналог access;выбор
язык задач — учёт;ведение заказов на фрилансе учет заказов;5;0;;учет заказов;общий
язык задач — учёт;книга учета на заказ красная а4;5;0;;учет заказов;общий
язык задач — учёт;как надо правильно заполнять журнал учета заказов;5;0;;учет заказов;общий
язык задач — учёт;заявка и учет изменений характеристик 34;5;0;;учет заявок;общий
язык задач — учёт;с учетом комментариев начальника службы закупок;5;0;;учет закупок;общий
язык задач — учёт;итс положение о табельном учете рабочего времени;5;0;;табельный учет;общий
язык задач — система/программа;система управления заявками и бюджетными обязательствами;5;0;;система управления заявками;общий
язык задач — система/программа;erp aps mes системы;5;0;;mes система;общий
язык задач — система/программа;какие есть mes системы;5;0;;mes система;общий
язык задач — система/программа;практические кейсы реализации mes систем;5;0;;mes система;общий
язык задач — система/программа;архитектура программы mes системы;5;0;;mes система;общий
язык задач — система/программа;bi система insight обучение;5;0;;bi система;учебное
язык задач — система/программа;bi системы список;5;0;;bi система;общий
язык задач — система/программа;общедоступные бесплатные bi системы;5;0;;bi система;общий
язык задач — система/программа;программа для склада 1с скачать бесплатно;5;0;;программа для склада;навигация
язык задач — система/программа;склад программа для малого бизнеса;5;0;;программа для склада;общий
язык задач — система/программа;программа для магазина касса учет;5;0;;программа для магазина;общий
язык задач — система/программа;программа товароучета для магазина розничной торговли;5;0;;программа для магазина;общий
язык задач — система/программа;автодилер программа для магазина;5;0;;программа для магазина;общий
язык задач — система/программа;магазька программа для розничного магазина;5;0;;программа для магазина;общий
язык задач — система/программа;купить программу 1с бухгалтерия для розницы магазин;5;0;;программа для магазина;покупка
язык задач — система/программа;все программы для отчетам в магазине любимый;5;0;;программа для магазина;общий
язык задач — система/программа;программа для учета сигарет в магазине;5;0;;программа для магазина;общий
задачи и боли Excel;excel таблица для учета зарплаты и расходов;5;0;;excel для учета;учебное
задачи и боли Excel;шаблон таблицы в excel для учета имущества;5;0;;excel для учета;общий
создание и внедрение;apk приложение конструктор окон пвх;5;0;;конструктор приложений;общий
создание и внедрение;готовый конструктор шаблон сайта знакомств с приложением;5;0;;конструктор приложений;общий
создание и внедрение;конструктор электрощита приложение скачать апк;5;0;;конструктор приложений;навигация
создание и внедрение;менеджер по автоматизации бизнес процессов;5;0;;автоматизация бизнес процессов;общий
создание и внедрение;работы по внедрению системы crm;5;0;;внедрение crm;покупка
создание и внедрение;лид клауд crm система внедрение;5;0;;внедрение crm;покупка
создание и внедрение;внедрение битрикс24 crm корпоративный портал;5;0;;внедрение crm;покупка
создание и внедрение;тех задниае внедрение erp;5;0;;внедрение erp;покупка
создание и внедрение;ведущий специалист внедрению информационных систем ксот по;5;0;;внедрение информационной системы;покупка
создание и внедрение;заказать разработку графического дизайна;5;0;;заказать разработку;покупка
создание и внедрение;заказать разработку макета упаковки цена;5;0;;заказать разработку;покупка
создание и внедрение;мобильное приложение заказать разработку цена;5;0;;заказать разработку;покупка
создание и внедрение;заказы на разработку ит проектов;5;0;;разработка на заказ;общий
создание и внедрение;разработка игрушечного конструктора на заказ;5;0;;разработка на заказ;общий
создание и внедрение;разработка приложений на пк на заказ беларусь;5;0;;разработка на заказ;общий
создание и внедрение;разработка программ на пк на заказ беларусь;5;0;;разработка на заказ;общий
создание и внедрение;техническое задание на обслуживание сплит систем;5;0;;техническое задание на систему;общий
создание и внедрение;техническое задание на комплексное испытание систем пожаротушения;5;0;;техническое задание на систему;общий
создание и внедрение;концепция и технологии цифровизации машиностроительного предприятия книга;5;0;;цифровизация предприятия;общий
импортозамещение и закупка;правила включения в реестр отечественного по;5;0;;реестр отечественного по;общий
импортозамещение и закупка;указ президента по импортозамещению программного обеспечения;5;0;;импортозамещение по;общий
импортозамещение и закупка;импортозамещение по 2023 год;5;0;;импортозамещение по;общий
импортозамещение и закупка;что требуется шахтам по импортозамещению;5;0;;импортозамещение по;общий
импортозамещение и закупка;ии crm от российской компании;5;0;;российская crm;общий
импортозамещение и закупка;exchange on premise create remote domain;5;0;;on premise;общий
ии и новое;изучаем вайб кодинг 1с;5;0;;вайб кодинг;общий
ии и новое;codex вайб кодинг на простом;5;0;;вайб кодинг;общий
ии и новое;курс гарварда по нейросетям для бизнеса;5;0;;нейросеть для бизнеса;учебное
ии и новое;нейросети для бизнеса что за профессия;5;0;;нейросеть для бизнеса;общий
ии и новое;обучение нейросетям для бизнеса в москве;5;0;;нейросеть для бизнеса;учебное
ии и новое;ии решения для автоматизации hr процессов;5;0;;ии для автоматизации;общий
ии и новое;приложение для фото изменений с помощью нейросети;5;0;;приложение с помощью нейросети;общий
данные и справочники;1с бухгалтерия эдо отключить сопоставление номенклатуры;5;0;;сопоставление номенклатуры;общий
данные и справочники;словарь сопоставления номенклатуры бэд что значит;5;0;;сопоставление номенклатуры;общий
данные и справочники;как очистить картинки в справочнике номенклатура;5;0;;справочник номенклатуры;общий
данные и справочники;http e1cib data справочник номенклатура;5;0;;справочник номенклатуры;общий
язык задач — учёт;журнал учета приема граждан их обращений;4;0;;учет обращений;общий
язык задач — система/программа;магазька лучшая программа для розничного магазина;4;0;;программа для магазина;выбор
создание и внедрение;конструктор приложений для виндовс;4;0;;конструктор приложений;общий
создание и внедрение;внедрение 1с erp цена;4;0;;внедрение erp;покупка
создание и внедрение;цифровизация экономической безопасности предприятия;4;0;;цифровизация предприятия;общий
импортозамещение и закупка;compass on premise скачать;4;0;;on premise;навигация
данные и справочники;игра сопоставление товара;4;0;;сопоставление товаров;общий
конкуренты и бренды;tableau скачать бесплатно на русском;3;0;;tableau;навигация
язык задач — учёт;журнал учета табельных номеров скачать бесплатно;3;0;;табельный учет;навигация
язык задач — система/программа;программа для ведения базы данных с фото;2;0;;программа ведения базы данных;общий
